run_id,dataset_id,scenario,iterations,user_mutations,physical_records,spine_e2e_ms,grasu_e2e_ms,spine_speedup_over_grasu_e2e,spine_update_ms,grasu_update_ms,spine_compute_ms,grasu_compute_ms,spine_speedup_over_grasu_compute,grasu_to_spine_backend_request_ratio,grasu_to_spine_backend_byte_ratio,grasu_to_spine_compute_request_ratio,grasu_to_spine_compute_byte_ratio,cross_system_max_abs_rank_difference,cross_system_max_abs_residual_difference,cross_system_frontiers_match,cross_system_state_match,claim_label
real_amazon_2008_delete_u8,amazon_2008,delete,99,8,8,30.259146666666666,35.23914,1.164578115443661,0.35957333333333336,0.0013599999999999999,29.899573333333333,35.23778,1.178537887720137,5.330335031216177,53.66915458290494,5.359140393130891,54.052976043096166,0.0,1.0000000000085785e-14,True,True,profile_clock_adjusted_real_compact_execution_driven
real_amazon_2008_insert_u8,amazon_2008,insert,100,8,8,29.986686666666667,35.59509333333333,1.1870298885972286,0.36117333333333335,0.0014333333333333333,29.625513333333334,35.59366,1.2014529368492517,5.416185095540226,54.567742181089955,5.445751985663947,54.96232657966513,0.0,1.0000000000085785e-15,True,True,profile_clock_adjusted_real_compact_execution_driven
real_amazon_2008_weight_change_u8,amazon_2008,weight_change,100,8,16,29.960926666666666,35.59509333333333,1.1880504808596262,0.36113999999999996,0.002373333333333333,29.599786666666667,35.59272,1.2024654231742211,5.427655646610308,54.711447578429706,5.457540240856323,55.115936676262706,1.0000000000157452e-08,1.0000000000085785e-15,True,True,profile_clock_adjusted_real_compact_execution_driven
real_soc_flickr_und_delete_u8,soc_flickr_und,delete,88,8,8,78.63423999999999,61.233066666666666,0.7787074265188635,1.0464666666666669,0.00142,77.58777333333333,61.23164666666667,0.7891919568770545,1.6205751967846551,16.749661741372982,1.627558814831891,16.85643876598886,1.0000000000157452e-09,0.0,True,True,profile_clock_adjusted_real_compact_execution_driven
real_soc_flickr_und_insert_u8,soc_flickr_und,insert,93,8,8,79.51682666666666,64.70049333333333,0.813670465052093,1.04778,0.00142,78.46904666666667,64.69907333333333,0.8245171323180766,1.6845528447762188,17.44614783838528,1.6917041093141014,17.55594199015947,1.0000000000157452e-09,0.0,True,True,profile_clock_adjusted_real_compact_execution_driven
real_soc_flickr_und_weight_change_u8,soc_flickr_und,weight_change,91,8,16,79.34016666666668,63.31350666666667,0.7980006764123257,1.0482066666666667,0.0023866666666666667,78.29195999999999,63.311119999999995,0.8086541708752726,1.6577079633624752,17.153334791419223,1.6647811510740944,17.262558456644992,1.0000000000157452e-09,0.0,True,True,profile_clock_adjusted_real_compact_execution_driven
real_web_google_delete_u8,web_google,delete,76,8,8,86.07188000000001,59.579386666666664,0.6922050112843667,1.0464666666666669,0.00142,85.02541333333333,59.57796666666667,0.7007077570219791,1.3309499761126176,13.79661463556599,1.3362641752757958,13.880230067580044,0.0,0.0,True,True,profile_clock_adjusted_real_compact_execution_driven
real_web_google_insert_u8,web_google,insert,76,8,8,86.13669999999999,59.577659999999995,0.6916640642142083,1.04778,0.00142,85.08892,59.576240000000006,0.7001644867510365,1.3296023472915883,13.775490343649583,1.334912760981894,13.8589892493508,0.0,0.0,True,True,profile_clock_adjusted_real_compact_execution_driven
real_web_google_weight_change_u8,web_google,weight_change,76,8,16,86.20654,59.579386666666664,0.6911237438211377,1.0482066666666667,0.0023266666666666666,85.15833333333333,59.57706,0.6996034054212742,1.3302958524147952,13.785621052865972,1.3356047550997534,13.86980168791941,0.0,0.0,True,True,profile_clock_adjusted_real_compact_execution_driven
