group_type,group_value,pairs,spine_e2e_wins,spine_speedup_over_grasu_e2e_geomean,spine_speedup_over_grasu_e2e_median,spine_speedup_over_grasu_update_geomean,spine_speedup_over_grasu_compute_geomean,grasu_to_spine_backend_request_ratio_geomean
overall,all,27,5,0.7263509545648681,0.6916640642142083,0.00197824352299067,1.2463234072898492,1.5108083598407318
algorithm,full_pagerank,9,0,0.7141954015228303,0.6433828606845352,0.0022831795375336745,0.9775081738569168,1.3142261277512437
algorithm,thresholded_residual_pagerank,9,3,0.8662916303495254,0.7980006764123257,0.0022831795375336745,0.8771931296432669,2.2806652363445497
algorithm,weighted_sssp,9,2,0.619381695777374,0.5379491407741711,0.0014851117369299375,2.2577540795685254,1.1505261604377992
dataset_id,amazon_2008,9,4,0.892708705403846,0.9041473158670988,0.004073496986020655,1.3757923888142907,2.642225641783014
dataset_id,soc_flickr_und,9,1,0.7430284725362709,0.7787074265188635,0.001383194313297538,1.3398169724966644,1.3824587516132556
dataset_id,web_google,9,0,0.5777291871894713,0.6433828606845352,0.001374006107981266,1.0502528707347807,0.9440740337526833
scenario,delete,9,1,0.6344564627301036,0.6437341386062532,0.0016084487230460071,0.9802494309682076,1.1449433688946016
scenario,insert,9,3,0.8514453328260633,0.813670465052093,0.0017489824704009756,1.8443335642566652,2.2605667102930287
scenario,weight_change,9,1,0.7093832668983776,0.6911237438211377,0.0027519882828587862,1.0708192900829785,1.3323760082572678
