role,target,cases,baseline_median_absolute_error_pct,baseline_max_absolute_error_pct,calibrated_median_absolute_error_pct,calibrated_max_absolute_error_pct,calibrated_median_signed_error_pct
calibration,update,5,94.45598069573524,99.99883183028831,0.536484355132178,6.337024393504105,1.2517293346088554e-14
calibration,conversion,5,35.41485236067527,94.3382144787297,0.7952935981220386,5.0417760435778325,-0.39782300330308995
calibration,compute_span,5,36.62047073242232,48.72367595763786,0.18954671461894032,0.3881172449529899,-0.07362201295338844
calibration,event_gap,5,100.0,100.0,3.2866578170495147,28.17078722127699,0.8043913007917708
calibration,event_e2e,5,47.987149270797,68.54107709365765,0.2926615419930841,1.4229013436579139,0.1273589431037685
holdout,update,5,99.60816612976329,99.99930176471985,8.177957281332422,36.44051778208688,0.78484692175499
holdout,conversion,5,82.20917679835972,93.82367891486146,3.990796505524461,21.175661433462334,-0.1530410238077753
holdout,compute_span,5,36.42256790626665,37.4236377257416,0.6367568031817826,5.307379127131413,0.5644244749153544
holdout,event_gap,5,100.0,100.0,0.88329666085672,15.056501593768544,-0.88329666085672
holdout,event_e2e,5,50.60077063551,53.154927012239696,0.3987187963176148,2.381769686214126,-0.2946963304134035
all,update,10,97.03207341274927,99.99930176471985,3.27226242247622,36.44051778208688,0.26824217756609525
all,conversion,10,58.812014579517495,94.3382144787297,2.009102498159575,21.175661433462334,-0.2754320135554326
all,compute_span,10,36.441634150466214,48.72367595763786,0.34145545480854156,5.307379127131413,-0.0485113825075446
all,event_gap,10,100.0,100.0,2.084977238953117,28.17078722127699,-0.32622679178060077
all,event_e2e,10,50.10202047636666,68.54107709365765,0.3467075633655091,2.381769686214126,-0.04211855375437279
