case,role,family,vertices,updates,update_binary_probes,compactor_pma_segment_reads,supersteps,hardware_samples,update_cv_pct,conversion_cv_pct,compute_span_cv_pct,event_e2e_cv_pct,ledger_closure_cycles,update_hardware_cycles,update_baseline_cycles,update_measured_envelope_cycles,update_calibrated_cycles,update_baseline_signed_error_pct,update_baseline_absolute_error_pct,update_calibrated_signed_error_pct,update_calibrated_absolute_error_pct,conversion_hardware_cycles,conversion_baseline_cycles,conversion_measured_envelope_cycles,conversion_calibrated_cycles,conversion_baseline_signed_error_pct,conversion_baseline_absolute_error_pct,conversion_calibrated_signed_error_pct,conversion_calibrated_absolute_error_pct,compute_span_hardware_cycles,compute_span_baseline_cycles,compute_span_measured_envelope_cycles,compute_span_calibrated_cycles,compute_span_baseline_signed_error_pct,compute_span_baseline_absolute_error_pct,compute_span_calibrated_signed_error_pct,compute_span_calibrated_absolute_error_pct,event_gap_hardware_cycles,event_gap_baseline_cycles,event_gap_measured_envelope_cycles,event_gap_calibrated_cycles,event_gap_baseline_signed_error_pct,event_gap_baseline_absolute_error_pct,event_gap_calibrated_signed_error_pct,event_gap_calibrated_absolute_error_pct,event_e2e_hardware_cycles,event_e2e_baseline_cycles,event_e2e_measured_envelope_cycles,event_e2e_calibrated_cycles,event_e2e_baseline_signed_error_pct,event_e2e_baseline_absolute_error_pct,event_e2e_calibrated_signed_error_pct,event_e2e_calibrated_absolute_error_pct
tiny_chain_v16,calibration,chain,16.0,0.0,0.0,15.0,16.0,6,29.81590172124854,16.13050421704842,1.8915737236466224,5.249391402970811,0.0,85604.0,1.0,91027.74636181525,91028.74636181525,-99.99883183028831,99.99883183028831,6.337024393504105,6.337024393504105,31085.600000000002,1760.0,28323.73865440204,30083.73865440204,-94.3382144787297,94.3382144787297,-3.222911398197111,3.222911398197111,903521.2000000002,569235.0,331622.67674350325,900857.6767435032,-36.998157873882775,36.998157873882775,-0.29479366466409324,0.29479366466409324,191540.7999999997,0.0,191324.71227108227,191324.71227108227,-100.0,100.0,-0.11281550923741807,0.11281550923741807,1211751.5999999999,570996.0,642298.8740308029,1213294.8740308029,-52.878461229182605,52.878461229182605,0.1273589431037685,0.1273589431037685
tiny_star_v16_u12,calibration,hot-source,16.0,12.0,0.0,16.0,2.0,6,19.373557365818474,15.714514101437468,1.9667052807254262,7.6335089707793555,0.0,97785.3,228.0,92068.22858251081,92296.22858251081,-99.76683611953943,99.76683611953943,-5.613391192223362,5.613391192223362,31825.8,1843.0,28378.214439923006,30221.214439923006,-94.20910079243883,94.20910079243883,-5.0417760435778325,5.0417760435778325,150253.6,99333.0,50635.79923760333,149968.79923760332,-33.889770361575366,33.889770361575366,-0.18954671461894032,0.18954671461894032,42473.100000000035,0.0,54438.10662728024,54438.10662728024,-100.0,100.0,28.17078722127699,28.17078722127699,322337.80000000005,101404.0,225520.3488873174,326924.3488873174,-68.54107709365765,68.54107709365765,1.4229013436579139,1.4229013436579139
small_spread_v4096_u1024,calibration,spread,4096.0,1024.0,0.0,4096.0,16.0,1,0.0,0.0,0.0,0.0,0.0,191377.4,10610.0,179815.56252783682,190425.56252783682,-94.45598069573524,94.45598069573524,-0.49736148163950905,0.49736148163950905,707288.4,462274.0,250639.41936545976,712913.4193654598,-34.64137118606781,34.64137118606781,0.7952935981220386,0.7952935981220386,918440.4,585479.0,336526.0255770153,922005.0255770152,-36.25291309049559,36.25291309049559,0.3881172449529899,0.3881172449529899,217704.40000000014,0.0,194023.22221727768,194023.22221727768,-100.0,100.0,-10.877675316953834,10.877675316953834,2034810.6,1058363.0,961004.2296875897,2019367.2296875897,-47.987149270797,47.987149270797,-0.7589586132689895,0.7589586132689895
small_hotdst_v4096_u1024,calibration,hot-dest,4096.0,1024.0,0.0,4095.0,32.0,1,0.0,0.0,0.0,0.0,0.0,189411.4,10612.0,179815.56252783682,190427.56252783682,-94.3973805166954,94.3973805166954,0.536484355132178,0.536484355132178,715608.7999999999,462177.0,250584.9435799388,712761.9435799387,-35.41485236067527,35.41485236067527,-0.39782300330308995,0.39782300330308995,1797012.4,1138938.0,657653.885583758,1796591.885583758,-36.62047073242232,36.62047073242232,-0.023400752061700763,0.023400752061700763,339313.00000000047,0.0,350465.0572387657,350465.0572387657,-100.0,100.0,3.2866578170495147,3.2866578170495147,3041345.6,1611727.0,1438519.448930299,3050246.448930299,-47.006121237915224,47.006121237915224,0.2926615419930841,0.2926615419930841
medium_star_v65536_u8192,calibration,hot-source,65536.0,8192.0,73745.0,66048.0,2.0,1,0.0,0.0,0.0,0.0,0.0,1860071.8,280450.0,1579621.8000000003,1860071.8000000003,-84.92262502985099,84.92262502985099,1.2517293346088554e-14,1.2517293346088554e-14,11091404.0,7465709.0,3625523.2839602763,11091232.283960275,-32.6892339328727,32.6892339328727,-0.0015481902897473395,0.0015481902897473395,265935.6,136362.0,129377.81285812028,265739.8128581203,-48.72367595763786,48.72367595763786,-0.07362201295338844,0.07362201295338844,96992.80000000075,0.0,97773.00164559511,97773.00164559511,-100.0,100.0,0.8043913007917708,0.8043913007917708,13314404.200000001,7882521.0,5432295.898463991,13314816.89846399,-40.79704294992037,40.79704294992037,0.0030996389909014608,0.0030996389909014608
tiny_spread_v16_u8,holdout,spread,16.0,8.0,0.0,16.0,16.0,6,13.059909828175659,16.76360354250112,2.5857679668823805,2.9798166935666472,0.0,91126.2,120.0,91721.40117561229,91841.40117561229,-99.8683144913318,99.8683144913318,0.78484692175499,0.78484692175499,28722.6,1774.0,28378.214439923006,30152.214439923006,-93.82367891486146,93.82367891486146,4.977315563086235,4.977315563086235,895669.3000000002,569102.0,331622.67674350325,900724.6767435032,-36.46070039466577,36.46070039466577,0.5644244749153544,0.5644244749153544,203384.8999999998,0.0,191324.71227108227,191324.71227108227,-100.0,100.0,-5.929736046735785,5.929736046735785,1218903.0,570996.0,643047.0046301207,1214043.0046301207,-53.154927012239696,53.154927012239696,-0.3987187963176148,0.3987187963176148
tiny_hotdst_v64_u32,holdout,hot-dest,64.0,32.0,0.0,63.0,16.0,6,17.54743429479408,11.699829533665705,3.094647228015639,4.81530629670906,0.0,102594.50000000001,402.0,93802.36561700342,94204.36561700342,-99.60816612976329,99.60816612976329,-8.177957281332422,8.177957281332422,39554.100000000006,7037.0,30938.57635940836,37975.576359408355,-82.20917679835972,82.20917679835972,-3.990796505524461,3.990796505524461,894998.4,569017.0,331680.36320036807,900697.3632003681,-36.42256790626665,36.42256790626665,0.6367568031817826,0.6367568031817826,190705.19999999995,0.0,191356.45944691985,191356.45944691985,-100.0,100.0,0.3415006234333914,0.3415006234333914,1227852.2,576456.0,647777.7646236997,1224233.7646236997,-53.05167836975818,53.05167836975818,-0.2946963304134035,0.2946963304134035
small_chain_v64,holdout,chain,64.0,0.0,0.0,63.0,64.0,1,0.0,0.0,0.0,0.0,0.0,143218.2,1.0,91027.74636181525,91028.74636181525,-99.99930176471985,99.99930176471985,-36.44051778208688,36.44051778208688,48257.40000000001,7100.0,30938.57635940836,38038.576359408355,-85.28723055945824,85.28723055945824,-21.175661433462334,21.175661433462334,3482577.0,2179270.0,1295063.9432205963,3474333.9432205963,-37.4236377257416,37.4236377257416,-0.23669417156903363,0.23669417156903363,664266.6000000001,0.0,660681.964511384,660681.964511384,-100.0,100.0,-0.5396380743237834,0.5396380743237834,4338319.2,2186371.0,2077712.2304532044,4264083.230453204,-49.60327031722332,49.60327031722332,-1.7111689141452713,1.7111689141452713
small_star_v4096_u1024,holdout,hot-source,4096.0,1024.0,6161.0,4160.0,2.0,1,0.0,0.0,0.0,0.0,0.0,269569.6,27242.0,244837.65326312714,272079.65326312714,-89.89426107394898,89.89426107394898,0.9311336527290777,0.9311336527290777,724596.7999999999,469362.0,254125.86963880152,723487.8696388016,-35.22438961916475,35.22438961916475,-0.1530410238077753,0.1530410238077753,159032.59999999998,101544.0,55539.14807111537,157083.14807111537,-36.148940531689725,36.148940531689725,-1.225819064069006,1.225819064069006,57645.799999999814,0.0,57136.61657347567,57136.61657347567,-100.0,100.0,-0.88329666085672,0.88329666085672,1210844.7999999998,598148.0,611639.2875465197,1209787.2875465197,-50.60077063551,50.60077063551,-0.08733674649964704,0.08733674649964704
medium_spread_v65536_u16384,holdout,spread,65536.0,16384.0,0.0,65536.0,32.0,1,0.0,0.0,0.0,0.0,0.0,1393984.4000000001,172243.0,1511632.80501816,1683875.80501816,-87.64383589945483,87.64383589945483,20.795885880656904,20.795885880656904,10992889.200000001,7411438.0,3597631.6817735424,11009069.681773543,-32.57970798068265,32.57970798068265,0.14719043810195265,0.14719043810195265,2366862.1999999997,1760988.0,731492.5503707629,2492480.550370763,-25.598203393505536,25.598203393505536,5.307379127131413,5.307379127131413,460425.4000000004,0.0,391101.4423108851,391101.4423108851,-100.0,100.0,-15.056501593768544,15.056501593768544,15214161.200000001,9344669.0,6231858.479473352,15576527.479473352,-38.57913770494295,38.57913770494295,2.381769686214126,2.381769686214126
