profile_id,run_id,system,algorithm,cycles,old_fields,added_observability_fields,result_byte_identical,dram_json_files,baseline_wall_seconds,candidate_wall_seconds,host_speedup
baseline,real_amazon_2008_compact__weighted_sssp,spine,weighted_sssp,132201,423,0,True,8,2.174365760758519,0.4551824303343892,4.776910565641059
baseline,real_amazon_2008_compact__weighted_sssp,grasu_regraph,weighted_sssp,74199,123,0,True,5,1.0930803762748837,0.43281190656125546,2.5255321300181954
baseline,syn_chain_v64__full_pagerank,spine,full_pagerank,71898,149,48,False,8,1.1835747119039297,0.2783237276598811,4.252510994500221
baseline,syn_chain_v64__full_pagerank,grasu_regraph,full_pagerank,139718,122,0,True,5,1.9382935389876366,0.8073170548304915,2.40090745933097
baseline,syn_chain_v64__residual_pagerank,spine,thresholded_residual_pagerank,1777011,155,0,True,16,24.536081502214074,2.7641100343316793,8.876665978366717
baseline,syn_chain_v64__residual_pagerank,grasu_regraph,thresholded_residual_pagerank,4346085,131,0,True,10,67.56574145425111,35.55912742577493,1.9000955969824016
baseline,syn_chain_v64__weighted_sssp,spine,weighted_sssp,619131,423,0,True,16,8.661330721341074,0.9371892306953669,9.241816313781818
baseline,syn_chain_v64__weighted_sssp,grasu_regraph,weighted_sssp,2246425,123,0,True,10,28.735281174071133,12.64537130203098,2.272395209894386
baseline,syn_dynamic_mixed_update__dynamic_weighted_sssp,spine,weighted_dynamic_sssp,101327,442,0,True,8,1.6682636449113488,0.3017224119976163,5.529133993945828
baseline,syn_dynamic_mixed_update__dynamic_weighted_sssp,grasu_regraph,weighted_dynamic_sssp,133868,123,0,True,5,1.816031369380653,0.7844214541837573,2.315122004497384
baseline,syn_gather_bank_fanin_e1024__weighted_sssp,spine,weighted_sssp,460435,423,0,True,16,6.67855931352824,0.8307159263640642,8.039522418643672
baseline,syn_gather_bank_fanin_e1024__weighted_sssp,grasu_regraph,weighted_sssp,825749,123,0,True,10,9.230490162037313,2.717437608167529,3.396762499456899
baseline,syn_hot_destination_e256__residual_pagerank,spine,thresholded_residual_pagerank,2840893,155,0,True,16,38.967907031066716,4.774784446693957,8.161186639126285
baseline,syn_hot_destination_e256__residual_pagerank,grasu_regraph,thresholded_residual_pagerank,3272688,131,0,True,10,46.67176446411759,24.503526670858264,1.9046958052623393
baseline,syn_hot_source_e256__full_pagerank,spine,full_pagerank,66233,149,48,False,8,1.0974106760695577,0.28888742066919804,3.7987485696934904
baseline,syn_hot_source_e256__full_pagerank,grasu_regraph,full_pagerank,146602,122,0,True,5,2.0514830462634563,0.8596181375905871,2.386505073070622
baseline,syn_residual_skew_hub_v257__residual_pagerank,spine,thresholded_residual_pagerank,3599933,155,0,True,16,49.28478250466287,5.958050989545882,8.27196386723426
baseline,syn_residual_skew_hub_v257__residual_pagerank,grasu_regraph,thresholded_residual_pagerank,3313506,131,0,True,10,47.010943547822535,24.189106656238437,1.9434758056969534
baseline,syn_spread_e512__full_pagerank,spine,full_pagerank,231555,149,48,False,16,3.4890372082591057,0.503341855481267,6.931744638885804
baseline,syn_spread_e512__full_pagerank,grasu_regraph,full_pagerank,162791,122,0,True,10,2.1872383262962103,0.9243208561092615,2.3663193487842955
baseline,syn_spread_e512__residual_pagerank,spine,thresholded_residual_pagerank,4778979,155,0,True,16,65.6662827739492,7.787276456132531,8.43250951007866
baseline,syn_spread_e512__residual_pagerank,grasu_regraph,thresholded_residual_pagerank,4767785,131,0,True,10,67.63508495595306,35.073457868769765,1.928383714232435
baseline,syn_spread_e512__weighted_sssp,spine,weighted_sssp,329267,423,0,True,16,4.783772362396121,0.6316981855779886,7.572876528082924
baseline,syn_spread_e512__weighted_sssp,grasu_regraph,weighted_sssp,553893,123,0,True,10,6.919085213914514,2.9725642343983054,2.3276486791596773
latency_low,real_amazon_2008_compact__weighted_sssp,spine,weighted_sssp,130982,423,0,True,8,2.05959031637758,0.46892610657960176,4.392142573166712
latency_low,real_amazon_2008_compact__weighted_sssp,grasu_regraph,weighted_sssp,74168,123,0,True,5,1.0702408161014318,0.44978250190615654,2.3794629883683847
latency_low,syn_chain_v64__full_pagerank,spine,full_pagerank,70613,149,48,False,8,1.133388401940465,0.2596974493935704,4.364264664851673
latency_low,syn_chain_v64__full_pagerank,grasu_regraph,full_pagerank,139702,122,0,True,5,1.965282547287643,0.8137782188132405,2.4150100136050323
latency_low,syn_chain_v64__residual_pagerank,spine,thresholded_residual_pagerank,1747172,155,0,True,16,23.961180973798037,2.6355376979336143,9.091572088907979
latency_low,syn_chain_v64__residual_pagerank,grasu_regraph,thresholded_residual_pagerank,4345282,131,0,True,10,66.11304170731455,35.52574877254665,1.8609893947796239
latency_low,syn_chain_v64__weighted_sssp,spine,weighted_sssp,618454,423,0,True,16,8.689166561700404,0.9255991876125336,9.387612562747611
latency_low,syn_chain_v64__weighted_sssp,grasu_regraph,weighted_sssp,2243546,123,0,True,10,28.273813883773983,12.418071635998785,2.2768280545113733
latency_low,syn_dynamic_mixed_update__dynamic_weighted_sssp,spine,weighted_dynamic_sssp,101132,442,0,True,8,1.6242549419403076,0.30934747494757175,5.250584127818035
latency_low,syn_dynamic_mixed_update__dynamic_weighted_sssp,grasu_regraph,weighted_dynamic_sssp,133865,123,0,True,5,1.824078632518649,0.8049941705539823,2.2659525984683238
latency_low,syn_gather_bank_fanin_e1024__weighted_sssp,spine,weighted_sssp,451073,423,0,True,16,6.56917826179415,0.8026660056784749,8.18419892622882
latency_low,syn_gather_bank_fanin_e1024__weighted_sssp,grasu_regraph,weighted_sssp,823013,123,0,True,10,9.137572792358696,2.6922663105651736,3.394007775716843
latency_low,syn_hot_destination_e256__residual_pagerank,spine,thresholded_residual_pagerank,2783068,155,0,True,16,38.61194412410259,4.717768341302872,8.184366278874858
latency_low,syn_hot_destination_e256__residual_pagerank,grasu_regraph,thresholded_residual_pagerank,3270396,131,0,True,10,46.67529105953872,24.20923215523362,1.9279955167619112
latency_low,syn_hot_source_e256__full_pagerank,spine,full_pagerank,66047,149,48,False,8,1.0896340617910028,0.29010719805955887,3.7559704449915143
latency_low,syn_hot_source_e256__full_pagerank,grasu_regraph,full_pagerank,146548,122,0,True,5,2.0034703761339188,0.854249618947506,2.3452985306593774
latency_low,syn_residual_skew_hub_v257__residual_pagerank,spine,thresholded_residual_pagerank,3498498,155,0,True,16,48.621225357055664,5.637275090441108,8.624951696875792
latency_low,syn_residual_skew_hub_v257__residual_pagerank,grasu_regraph,thresholded_residual_pagerank,3310674,131,0,True,10,47.17227577697486,24.04537164233625,1.9618027318787408
latency_low,syn_spread_e512__full_pagerank,spine,full_pagerank,226184,149,48,False,16,3.237674780189991,0.5209469059482217,6.214980342952248
latency_low,syn_spread_e512__full_pagerank,grasu_regraph,full_pagerank,162728,122,0,True,10,2.196236552670598,0.8751965034753084,2.509421077380435
latency_low,syn_spread_e512__residual_pagerank,spine,thresholded_residual_pagerank,4648391,155,0,True,16,63.73135808762163,7.4875702522695065,8.511620718123407
latency_low,syn_spread_e512__residual_pagerank,grasu_regraph,thresholded_residual_pagerank,4764857,131,0,True,10,66.84417832177132,34.771609999239445,1.922378006748419
latency_low,syn_spread_e512__weighted_sssp,spine,weighted_sssp,323712,423,0,True,16,4.653379248455167,0.6109622307121754,7.616476133116936
latency_low,syn_spread_e512__weighted_sssp,grasu_regraph,weighted_sssp,553699,123,0,True,10,6.964016616344452,2.9009907208383083,2.4005649402187808
latency_high,real_amazon_2008_compact__weighted_sssp,spine,weighted_sssp,136372,423,0,True,8,2.1496737198904157,0.4638042729347944,4.634872607550632
latency_high,real_amazon_2008_compact__weighted_sssp,grasu_regraph,weighted_sssp,74964,123,0,True,5,1.122082426212728,0.44361240044236183,2.5294207851128796
latency_high,syn_chain_v64__full_pagerank,spine,full_pagerank,74792,149,48,False,8,1.1737892059609294,0.28657247591763735,4.0959593282722775
latency_high,syn_chain_v64__full_pagerank,grasu_regraph,full_pagerank,140267,122,0,True,5,1.961300253868103,0.8441131906583905,2.3235038565601966
latency_high,syn_chain_v64__residual_pagerank,spine,thresholded_residual_pagerank,1861259,155,0,True,16,25.339218897745013,2.884347810409963,8.785077446725628
latency_high,syn_chain_v64__residual_pagerank,grasu_regraph,thresholded_residual_pagerank,4368161,131,0,True,10,64.99577133730054,36.76609904225916,1.7678179907689973
latency_high,syn_chain_v64__weighted_sssp,spine,weighted_sssp,647916,423,0,True,16,8.979870427399874,1.040875089354813,8.627231566244948
latency_high,syn_chain_v64__weighted_sssp,grasu_regraph,weighted_sssp,2254290,123,0,True,10,28.623404195532203,12.996510809287429,2.2023914430231266
latency_high,syn_dynamic_mixed_update__dynamic_weighted_sssp,spine,weighted_dynamic_sssp,105097,442,0,True,8,1.6407837271690369,0.32710991334170103,5.016001228477182
latency_high,syn_dynamic_mixed_update__dynamic_weighted_sssp,grasu_regraph,weighted_dynamic_sssp,133878,123,0,True,5,1.8209876343607903,0.7902071503922343,2.304443377229513
latency_high,syn_gather_bank_fanin_e1024__weighted_sssp,spine,weighted_sssp,471771,423,0,True,16,6.801906894892454,0.877222366631031,7.7539141198772095
latency_high,syn_gather_bank_fanin_e1024__weighted_sssp,grasu_regraph,weighted_sssp,896342,123,0,True,10,9.859275253489614,2.9600519509986043,3.3307777757628494
latency_high,syn_hot_destination_e256__residual_pagerank,spine,thresholded_residual_pagerank,2939478,155,0,True,16,41.90785297378898,5.032896177843213,8.326786703505592
latency_high,syn_hot_destination_e256__residual_pagerank,grasu_regraph,thresholded_residual_pagerank,3326458,131,0,True,10,47.51354440674186,24.779208649881184,1.917476263188481
latency_high,syn_hot_source_e256__full_pagerank,spine,full_pagerank,68326,149,48,False,8,1.1602453449741006,0.2998492382466793,3.86942902292649
latency_high,syn_hot_source_e256__full_pagerank,grasu_regraph,full_pagerank,147914,122,0,True,5,2.0637325448915362,0.8945159148424864,2.3070942737278575
latency_high,syn_residual_skew_hub_v257__residual_pagerank,spine,thresholded_residual_pagerank,3732775,155,0,True,16,52.90812126919627,6.206112790852785,8.52516269881169
latency_high,syn_residual_skew_hub_v257__residual_pagerank,grasu_regraph,thresholded_residual_pagerank,3370920,131,0,True,10,47.6758233057335,24.529378614388406,1.9436213226277117
latency_high,syn_spread_e512__full_pagerank,spine,full_pagerank,239426,149,48,False,16,3.4007358150556684,0.5234106089919806,6.497261913748815
latency_high,syn_spread_e512__full_pagerank,grasu_regraph,full_pagerank,165040,122,0,True,10,2.203774591907859,0.9063671566545963,2.431436946636501
latency_high,syn_spread_e512__residual_pagerank,spine,thresholded_residual_pagerank,4966696,155,0,True,16,67.59673739317805,8.229892157949507,8.213562959981713
latency_high,syn_spread_e512__residual_pagerank,grasu_regraph,thresholded_residual_pagerank,4850551,131,0,True,10,68.16559936851263,35.736702588386834,1.9074395350248134
latency_high,syn_spread_e512__weighted_sssp,spine,weighted_sssp,340517,423,0,True,16,4.937976369634271,0.6484974808990955,7.614488128447498
latency_high,syn_spread_e512__weighted_sssp,grasu_regraph,weighted_sssp,560258,123,0,True,10,7.174793813377619,3.000936414115131,2.3908516620446987
bandwidth_high,real_amazon_2008_compact__weighted_sssp,spine,weighted_sssp,132201,423,0,True,8,2.1041980497539043,0.4559600194916129,4.614874023604189
bandwidth_high,real_amazon_2008_compact__weighted_sssp,grasu_regraph,weighted_sssp,74199,123,0,True,5,1.0997658409178257,0.4177955761551857,2.632306093421462
bandwidth_high,syn_chain_v64__full_pagerank,spine,full_pagerank,71898,149,48,False,8,1.1726414896547794,0.25347617268562317,4.626239528672235
bandwidth_high,syn_chain_v64__full_pagerank,grasu_regraph,full_pagerank,139718,122,0,True,5,1.9646447747945786,0.8213973259553313,2.391832445411952
bandwidth_high,syn_chain_v64__residual_pagerank,spine,thresholded_residual_pagerank,1777011,155,0,True,16,24.44111016392708,2.725323292426765,8.968150762826925
bandwidth_high,syn_chain_v64__residual_pagerank,grasu_regraph,thresholded_residual_pagerank,4346085,131,0,True,10,65.69559173099697,35.6092372443527,1.8449030873699968
bandwidth_high,syn_chain_v64__weighted_sssp,spine,weighted_sssp,619131,423,0,True,16,8.700115823186934,0.9429360134527087,9.226623757141367
bandwidth_high,syn_chain_v64__weighted_sssp,grasu_regraph,weighted_sssp,2246425,123,0,True,10,28.497499015182257,12.648587957024574,2.253018211361353
bandwidth_high,syn_dynamic_mixed_update__dynamic_weighted_sssp,spine,weighted_dynamic_sssp,101327,442,0,True,8,1.6253972947597504,0.3028395539149642,5.367189568692053
bandwidth_high,syn_dynamic_mixed_update__dynamic_weighted_sssp,grasu_regraph,weighted_dynamic_sssp,133868,123,0,True,5,1.859367665834725,0.8292480846866965,2.242233295645445
bandwidth_high,syn_gather_bank_fanin_e1024__weighted_sssp,spine,weighted_sssp,460435,423,0,True,16,6.596684571355581,0.8697946248576045,7.5841864077230134
bandwidth_high,syn_gather_bank_fanin_e1024__weighted_sssp,grasu_regraph,weighted_sssp,825749,123,0,True,10,9.372780964709818,2.6927739828824997,3.4807158061875865
bandwidth_high,syn_hot_destination_e256__residual_pagerank,spine,thresholded_residual_pagerank,2840893,155,0,True,16,39.7075137514621,4.794018366374075,8.28272040632473
bandwidth_high,syn_hot_destination_e256__residual_pagerank,grasu_regraph,thresholded_residual_pagerank,3272688,131,0,True,10,46.96262545324862,24.572542490437627,1.911182999135074
bandwidth_high,syn_hot_source_e256__full_pagerank,spine,full_pagerank,66233,149,48,False,8,1.136731912381947,0.26812803465873003,4.239511596871118
bandwidth_high,syn_hot_source_e256__full_pagerank,grasu_regraph,full_pagerank,146602,122,0,True,5,2.005896605551243,0.8672280292958021,2.3129978941986584
bandwidth_high,syn_residual_skew_hub_v257__residual_pagerank,spine,thresholded_residual_pagerank,3599933,155,0,True,16,49.731047756038606,5.915921858511865,8.406305719620901
bandwidth_high,syn_residual_skew_hub_v257__residual_pagerank,grasu_regraph,thresholded_residual_pagerank,3313506,131,0,True,10,46.80707516986877,24.101959321647882,1.9420444016693539
bandwidth_high,syn_spread_e512__full_pagerank,spine,full_pagerank,231555,149,48,False,16,3.38654257170856,0.5206929985433817,6.503914170504079
bandwidth_high,syn_spread_e512__full_pagerank,grasu_regraph,full_pagerank,162791,122,0,True,10,2.1542720505967736,0.9288695119321346,2.319240779165728
bandwidth_high,syn_spread_e512__residual_pagerank,spine,thresholded_residual_pagerank,4778979,155,0,True,16,65.822210338898,7.91180257871747,8.319496054661162
bandwidth_high,syn_spread_e512__residual_pagerank,grasu_regraph,thresholded_residual_pagerank,4767785,131,0,True,10,67.45919248368591,35.04401739500463,1.924984562223791
bandwidth_high,syn_spread_e512__weighted_sssp,spine,weighted_sssp,329267,423,0,True,16,4.72748152166605,0.6300209648907185,7.503689218478729
bandwidth_high,syn_spread_e512__weighted_sssp,grasu_regraph,weighted_sssp,553893,123,0,True,10,7.0179679756984115,2.947614281438291,2.3808976703267932
bandwidth_low,real_amazon_2008_compact__weighted_sssp,spine,weighted_sssp,131994,423,0,True,8,2.0786487041041255,0.5456502176821232,3.8094893701940644
bandwidth_low,real_amazon_2008_compact__weighted_sssp,grasu_regraph,weighted_sssp,74199,123,0,True,5,1.0655580004677176,0.4341690307483077,2.4542469061673646
bandwidth_low,syn_chain_v64__full_pagerank,spine,full_pagerank,71898,149,48,False,8,1.1697968412190676,0.2658353028818965,4.400457082025621
bandwidth_low,syn_chain_v64__full_pagerank,grasu_regraph,full_pagerank,139718,122,0,True,5,1.9095481215044856,0.8666856465861201,2.2032765040314293
bandwidth_low,syn_chain_v64__residual_pagerank,spine,thresholded_residual_pagerank,1777599,155,0,True,16,24.371863621287048,2.7456534849479795,8.87652566316059
bandwidth_low,syn_chain_v64__residual_pagerank,grasu_regraph,thresholded_residual_pagerank,4346455,131,0,True,10,66.84042094368488,37.27913830522448,1.792971189313073
bandwidth_low,syn_chain_v64__weighted_sssp,spine,weighted_sssp,619131,423,0,True,16,8.782051618210971,0.9613594925031066,9.135033966685041
bandwidth_low,syn_chain_v64__weighted_sssp,grasu_regraph,weighted_sssp,2246425,123,0,True,10,28.269474853761494,13.229793240316212,2.136803980247677
bandwidth_low,syn_dynamic_mixed_update__dynamic_weighted_sssp,spine,weighted_dynamic_sssp,101384,442,0,True,8,1.592989470809698,0.33567999117076397,4.745559797156118
bandwidth_low,syn_dynamic_mixed_update__dynamic_weighted_sssp,grasu_regraph,weighted_dynamic_sssp,133868,123,0,True,5,1.8439647611230612,0.8350141271948814,2.208303669445228
bandwidth_low,syn_gather_bank_fanin_e1024__weighted_sssp,spine,weighted_sssp,460435,423,0,True,16,6.727272825315595,0.8205320006236434,8.198672105661384
bandwidth_low,syn_gather_bank_fanin_e1024__weighted_sssp,grasu_regraph,weighted_sssp,825749,123,0,True,10,9.175347459502518,2.8068122202530503,3.268956645298953
bandwidth_low,syn_hot_destination_e256__residual_pagerank,spine,thresholded_residual_pagerank,2840558,155,0,True,16,39.22235097922385,4.788992292247713,8.19010526342168
bandwidth_low,syn_hot_destination_e256__residual_pagerank,grasu_regraph,thresholded_residual_pagerank,3272688,131,0,True,10,47.30149136297405,25.652284873649478,1.8439484668113542
bandwidth_low,syn_hot_source_e256__full_pagerank,spine,full_pagerank,66240,149,48,False,8,1.0787692181766033,0.2830404005944729,3.8113612611869274
bandwidth_low,syn_hot_source_e256__full_pagerank,grasu_regraph,full_pagerank,146602,122,0,True,5,2.039293414913118,0.8523823199793696,2.39246329623833
bandwidth_low,syn_residual_skew_hub_v257__residual_pagerank,spine,thresholded_residual_pagerank,3600045,155,0,True,16,50.16191597376019,5.935937841422856,8.450546032290708
bandwidth_low,syn_residual_skew_hub_v257__residual_pagerank,grasu_regraph,thresholded_residual_pagerank,3313767,131,0,True,10,47.391987355425954,25.324219948612154,1.8714095617394597
bandwidth_low,syn_spread_e512__full_pagerank,spine,full_pagerank,231553,149,48,False,16,3.473137046210468,0.5957919061183929,5.82944650731845
bandwidth_low,syn_spread_e512__full_pagerank,grasu_regraph,full_pagerank,162791,122,0,True,10,2.2346067875623703,0.9297442194074392,2.4034640290493754
bandwidth_low,syn_spread_e512__residual_pagerank,spine,thresholded_residual_pagerank,4779202,155,0,True,16,65.57911940757185,7.909907598979771,8.290756698097248
bandwidth_low,syn_spread_e512__residual_pagerank,grasu_regraph,thresholded_residual_pagerank,4767539,131,0,True,10,69.0978677412495,36.1848239004612,1.909581429256833
bandwidth_low,syn_spread_e512__weighted_sssp,spine,weighted_sssp,329267,423,0,True,16,4.764089308679104,0.658610082231462,7.233550528922532
bandwidth_low,syn_spread_e512__weighted_sssp,grasu_regraph,weighted_sssp,553893,123,0,True,10,7.028937553986907,3.0241131130605936,2.3242971711706835
