source	entry_type	step_name	command
/data/feiyang/spine-dynamic-graph-builds/pipeline_dirty_frontier_publication_1e61fc0_20260725/production/hw_v5_candidate10_150/xclbin/spine_partitioned_split_e2e.hw.xclbin.link_summary	ET_CmdStep	v++	"/data/yxx/tools/xilinx/Vitis/2024.1/bin/unwrapped/lnx64.o/v++  --vivado.prop ""run.__KERNEL__.{STEPS.SYNTH_DESIGN.ARGS.MORE OPTIONS}={-directive sdx_optimization_effort_high}"" --vivado.prop ""run.impl_1.{STEPS.PLACE_DESIGN.ARGS.MORE OPTIONS}={-retiming}"" --vivado.prop run.impl_1.STEPS.PHYS_OPT_DESIGN.IS_ENABLED=true --vivado.prop run.impl_1.STEPS.POST_ROUTE_PHYS_OPT_DESIGN.IS_ENABLED=true --advanced.misc ""report=type report_timing_summary name impl_report_timing_summary_route_design_summary steps {route_design} runs {impl_1} options {-max_paths 10}"" --advanced.misc ""report=type report_timing_summary name impl_report_timing_summary_post_route_phys_opt_design_summary steps {post_route_phys_opt_design} runs {impl_1} options {-max_paths 10}"" -l -t hw --platform /opt/xilinx/platforms/xilinx_u55c_gen3x16_xdma_3_202210_1/xilinx_u55c_gen3x16_xdma_3_202210_1.xpfm --kernel_frequency 150 -O3 --config /data/feiyang/spine-dynamic-graph-builds/pipeline_dirty_frontier_publication_1e61fc0_20260725/production/hw_v5_candidate10_150/system_partitioned_split_e2e.cfg --temp_dir /data/feiyang/spine-dynamic-graph-builds/pipeline_dirty_frontier_publication_1e61fc0_20260725/production/hw_v5_candidate10_150/temp/link --report_dir /data/feiyang/spine-dynamic-graph-builds/pipeline_dirty_frontier_publication_1e61fc0_20260725/production/hw_v5_candidate10_150/reports/link --log_dir /data/feiyang/spine-dynamic-graph-builds/pipeline_dirty_frontier_publication_1e61fc0_20260725/production/hw_v5_candidate10_150/logs/link --vivado.synth.jobs 8 --vivado.impl.jobs 8 -o /data/feiyang/spine-dynamic-graph-builds/pipeline_dirty_frontier_publication_1e61fc0_20260725/production/hw_v5_candidate10_150/xclbin/spine_partitioned_split_e2e.hw.xclbin /data/feiyang/spine-dynamic-graph-builds/pipeline_dirty_frontier_publication_1e61fc0_20260725/production/hls_v5_candidate_10/spine_partconv_rdmaint_kernel.hw.xo /data/feiyang/spine-dynamic-graph-builds/pipeline_dirty_frontier_publication_1e61fc0_20260725/baseline/evidence/hw_exact_150_bitmap_prefetch_v14/xclbin/spine_partconv_compute_kernel.hw.xo "
/data/feiyang/spine-dynamic-graph-builds/pipeline_dirty_frontier_publication_1e61fc0_20260725/production/hw_v5_candidate10_150/xclbin/spine_partitioned_split_e2e.hw.xclbin.link_summary	ET_SubCmdStep	system_link	system_link --xo /data/feiyang/spine-dynamic-graph-builds/pipeline_dirty_frontier_publication_1e61fc0_20260725/production/hls_v5_candidate_10/spine_partconv_rdmaint_kernel.hw.xo --xo /data/feiyang/spine-dynamic-graph-builds/pipeline_dirty_frontier_publication_1e61fc0_20260725/baseline/evidence/hw_exact_150_bitmap_prefetch_v14/xclbin/spine_partconv_compute_kernel.hw.xo --config /data/feiyang/spine-dynamic-graph-builds/pipeline_dirty_frontier_publication_1e61fc0_20260725/production/hw_v5_candidate10_150/temp/link/link/int/syslinkConfig.ini --xpfm /opt/xilinx/platforms/xilinx_u55c_gen3x16_xdma_3_202210_1/xilinx_u55c_gen3x16_xdma_3_202210_1.xpfm --target hw --output_dir /data/feiyang/spine-dynamic-graph-builds/pipeline_dirty_frontier_publication_1e61fc0_20260725/production/hw_v5_candidate10_150/temp/link/link/int --temp_dir /data/feiyang/spine-dynamic-graph-builds/pipeline_dirty_frontier_publication_1e61fc0_20260725/production/hw_v5_candidate10_150/temp/link/link/sys_link
/data/feiyang/spine-dynamic-graph-builds/pipeline_dirty_frontier_publication_1e61fc0_20260725/production/hw_v5_candidate10_150/xclbin/spine_partitioned_split_e2e.hw.xclbin.link_summary	ET_SubCmdStep	cf2sw	cf2sw -sdsl /data/feiyang/spine-dynamic-graph-builds/pipeline_dirty_frontier_publication_1e61fc0_20260725/production/hw_v5_candidate10_150/temp/link/link/int/sdsl.dat -rtd /data/feiyang/spine-dynamic-graph-builds/pipeline_dirty_frontier_publication_1e61fc0_20260725/production/hw_v5_candidate10_150/temp/link/link/int/cf2sw.rtd -nofilter /data/feiyang/spine-dynamic-graph-builds/pipeline_dirty_frontier_publication_1e61fc0_20260725/production/hw_v5_candidate10_150/temp/link/link/int/cf2sw_full.rtd -xclbin /data/feiyang/spine-dynamic-graph-builds/pipeline_dirty_frontier_publication_1e61fc0_20260725/production/hw_v5_candidate10_150/temp/link/link/int/xclbin_orig.xml -o /data/feiyang/spine-dynamic-graph-builds/pipeline_dirty_frontier_publication_1e61fc0_20260725/production/hw_v5_candidate10_150/temp/link/link/int/xclbin_orig.1.xml
/data/feiyang/spine-dynamic-graph-builds/pipeline_dirty_frontier_publication_1e61fc0_20260725/production/hw_v5_candidate10_150/xclbin/spine_partitioned_split_e2e.hw.xclbin.link_summary	ET_SubCmdStep	rtd2_system_diagram	rtd2SystemDiagram
/data/feiyang/spine-dynamic-graph-builds/pipeline_dirty_frontier_publication_1e61fc0_20260725/production/hw_v5_candidate10_150/xclbin/spine_partitioned_split_e2e.hw.xclbin.link_summary	ET_SubCmdStep	vpl	vpl -t hw -f /opt/xilinx/platforms/xilinx_u55c_gen3x16_xdma_3_202210_1/xilinx_u55c_gen3x16_xdma_3_202210_1.xpfm --kernel_frequency 150 --remote_ip_cache /home/feiyang/dev_space/spine-dynamic-graph/.ipcache --output_dir /data/feiyang/spine-dynamic-graph-builds/pipeline_dirty_frontier_publication_1e61fc0_20260725/production/hw_v5_candidate10_150/temp/link/link/int --log_dir /data/feiyang/spine-dynamic-graph-builds/pipeline_dirty_frontier_publication_1e61fc0_20260725/production/hw_v5_candidate10_150/logs/link/link --report_dir /data/feiyang/spine-dynamic-graph-builds/pipeline_dirty_frontier_publication_1e61fc0_20260725/production/hw_v5_candidate10_150/reports/link/link --config /data/feiyang/spine-dynamic-graph-builds/pipeline_dirty_frontier_publication_1e61fc0_20260725/production/hw_v5_candidate10_150/temp/link/link/int/vplConfig.ini -k /data/feiyang/spine-dynamic-graph-builds/pipeline_dirty_frontier_publication_1e61fc0_20260725/production/hw_v5_candidate10_150/temp/link/link/int/kernel_info.dat --webtalk_flag Vitis --temp_dir /data/feiyang/spine-dynamic-graph-builds/pipeline_dirty_frontier_publication_1e61fc0_20260725/production/hw_v5_candidate10_150/temp/link/link --no-info --iprepo /data/feiyang/spine-dynamic-graph-builds/pipeline_dirty_frontier_publication_1e61fc0_20260725/production/hw_v5_candidate10_150/temp/link/link/int/xo/ip_repo/xilinx_com_hls_spine_partconv_compute_kernel_1_0 --iprepo /data/feiyang/spine-dynamic-graph-builds/pipeline_dirty_frontier_publication_1e61fc0_20260725/production/hw_v5_candidate10_150/temp/link/link/int/xo/ip_repo/xilinx_com_hls_spine_partconv_rdmaint_kernel_1_0 --messageDb /data/feiyang/spine-dynamic-graph-builds/pipeline_dirty_frontier_publication_1e61fc0_20260725/production/hw_v5_candidate10_150/temp/link/link/run_link/vpl.pb /data/feiyang/spine-dynamic-graph-builds/pipeline_dirty_frontier_publication_1e61fc0_20260725/production/hw_v5_candidate10_150/temp/link/link/int/dr.bd.tcl
/data/feiyang/spine-dynamic-graph-builds/pipeline_dirty_frontier_publication_1e61fc0_20260725/production/hw_v5_candidate10_150/xclbin/spine_partitioned_split_e2e.hw.xclbin.link_summary	ET_CmdStep	vpl	/data/yxx/tools/xilinx/Vitis/2024.1/bin/unwrapped/lnx64.o/vpl -t hw -f /opt/xilinx/platforms/xilinx_u55c_gen3x16_xdma_3_202210_1/xilinx_u55c_gen3x16_xdma_3_202210_1.xpfm --kernel_frequency 150 --remote_ip_cache /home/feiyang/dev_space/spine-dynamic-graph/.ipcache --output_dir /data/feiyang/spine-dynamic-graph-builds/pipeline_dirty_frontier_publication_1e61fc0_20260725/production/hw_v5_candidate10_150/temp/link/link/int --log_dir /data/feiyang/spine-dynamic-graph-builds/pipeline_dirty_frontier_publication_1e61fc0_20260725/production/hw_v5_candidate10_150/logs/link/link --report_dir /data/feiyang/spine-dynamic-graph-builds/pipeline_dirty_frontier_publication_1e61fc0_20260725/production/hw_v5_candidate10_150/reports/link/link --config /data/feiyang/spine-dynamic-graph-builds/pipeline_dirty_frontier_publication_1e61fc0_20260725/production/hw_v5_candidate10_150/temp/link/link/int/vplConfig.ini -k /data/feiyang/spine-dynamic-graph-builds/pipeline_dirty_frontier_publication_1e61fc0_20260725/production/hw_v5_candidate10_150/temp/link/link/int/kernel_info.dat --webtalk_flag Vitis --temp_dir /data/feiyang/spine-dynamic-graph-builds/pipeline_dirty_frontier_publication_1e61fc0_20260725/production/hw_v5_candidate10_150/temp/link/link --no-info --iprepo /data/feiyang/spine-dynamic-graph-builds/pipeline_dirty_frontier_publication_1e61fc0_20260725/production/hw_v5_candidate10_150/temp/link/link/int/xo/ip_repo/xilinx_com_hls_spine_partconv_compute_kernel_1_0 --iprepo /data/feiyang/spine-dynamic-graph-builds/pipeline_dirty_frontier_publication_1e61fc0_20260725/production/hw_v5_candidate10_150/temp/link/link/int/xo/ip_repo/xilinx_com_hls_spine_partconv_rdmaint_kernel_1_0 --messageDb /data/feiyang/spine-dynamic-graph-builds/pipeline_dirty_frontier_publication_1e61fc0_20260725/production/hw_v5_candidate10_150/temp/link/link/run_link/vpl.pb /data/feiyang/spine-dynamic-graph-builds/pipeline_dirty_frontier_publication_1e61fc0_20260725/production/hw_v5_candidate10_150/temp/link/link/int/dr.bd.tcl 
/data/feiyang/spine-dynamic-graph-builds/pipeline_dirty_frontier_publication_1e61fc0_20260725/production/hw_v5_candidate10_150/xclbin/spine_partitioned_split_e2e.hw.xclbin.link_summary	ET_SubCmdStep	vivado	vivado -log vivado.log -applog -m64 -messageDb vivado.pb -mode batch -source vpl.tcl -notrace
/data/feiyang/spine-dynamic-graph-builds/pipeline_dirty_frontier_publication_1e61fc0_20260725/production/hw_v5_candidate10_150/xclbin/spine_partitioned_split_e2e.hw.xclbin.link_summary	ET_SubCmdStep	rtdgen	rtdgen
/data/feiyang/spine-dynamic-graph-builds/pipeline_dirty_frontier_publication_1e61fc0_20260725/production/hw_v5_candidate10_150/xclbin/spine_partitioned_split_e2e.hw.xclbin.link_summary	ET_SubCmdStep	cf2sw	cf2sw -a /data/feiyang/spine-dynamic-graph-builds/pipeline_dirty_frontier_publication_1e61fc0_20260725/production/hw_v5_candidate10_150/temp/link/link/int/address_map.xml -sdsl /data/feiyang/spine-dynamic-graph-builds/pipeline_dirty_frontier_publication_1e61fc0_20260725/production/hw_v5_candidate10_150/temp/link/link/int/sdsl.dat -xclbin /data/feiyang/spine-dynamic-graph-builds/pipeline_dirty_frontier_publication_1e61fc0_20260725/production/hw_v5_candidate10_150/temp/link/link/int/xclbin_orig.xml -rtd /data/feiyang/spine-dynamic-graph-builds/pipeline_dirty_frontier_publication_1e61fc0_20260725/production/hw_v5_candidate10_150/temp/link/link/int/spine_partitioned_split_e2e.hw.rtd -o /data/feiyang/spine-dynamic-graph-builds/pipeline_dirty_frontier_publication_1e61fc0_20260725/production/hw_v5_candidate10_150/temp/link/link/int/spine_partitioned_split_e2e.hw.xml
/data/feiyang/spine-dynamic-graph-builds/pipeline_dirty_frontier_publication_1e61fc0_20260725/production/hw_v5_candidate10_150/xclbin/spine_partitioned_split_e2e.hw.xclbin.link_summary	ET_SubCmdStep	rtdgen	writeSystemDiagram
/data/feiyang/spine-dynamic-graph-builds/pipeline_dirty_frontier_publication_1e61fc0_20260725/production/hw_v5_candidate10_150/xclbin/spine_partitioned_split_e2e.hw.xclbin.link_summary	ET_SubCmdStep	rtdgen	writeAutomationSummary
/data/feiyang/spine-dynamic-graph-builds/pipeline_dirty_frontier_publication_1e61fc0_20260725/production/hw_v5_candidate10_150/xclbin/spine_partitioned_split_e2e.hw.xclbin.link_summary	ET_SubCmdStep	xclbinutil	xclbinutil --add-section BITSTREAM:RAW:/data/feiyang/spine-dynamic-graph-builds/pipeline_dirty_frontier_publication_1e61fc0_20260725/production/hw_v5_candidate10_150/temp/link/link/int/partial.bit --force --target hw --key-value SYS:dfx_enable:true --add-section :JSON:/data/feiyang/spine-dynamic-graph-builds/pipeline_dirty_frontier_publication_1e61fc0_20260725/production/hw_v5_candidate10_150/temp/link/link/int/spine_partitioned_split_e2e.hw.rtd --append-section :JSON:/data/feiyang/spine-dynamic-graph-builds/pipeline_dirty_frontier_publication_1e61fc0_20260725/production/hw_v5_candidate10_150/temp/link/link/int/appendSection.rtd --add-section CLOCK_FREQ_TOPOLOGY:JSON:/data/feiyang/spine-dynamic-graph-builds/pipeline_dirty_frontier_publication_1e61fc0_20260725/production/hw_v5_candidate10_150/temp/link/link/int/spine_partitioned_split_e2e.hw_xml.rtd --add-section BUILD_METADATA:JSON:/data/feiyang/spine-dynamic-graph-builds/pipeline_dirty_frontier_publication_1e61fc0_20260725/production/hw_v5_candidate10_150/temp/link/link/int/spine_partitioned_split_e2e.hw_build.rtd --add-section EMBEDDED_METADATA:RAW:/data/feiyang/spine-dynamic-graph-builds/pipeline_dirty_frontier_publication_1e61fc0_20260725/production/hw_v5_candidate10_150/temp/link/link/int/spine_partitioned_split_e2e.hw.xml --add-section SYSTEM_METADATA:RAW:/data/feiyang/spine-dynamic-graph-builds/pipeline_dirty_frontier_publication_1e61fc0_20260725/production/hw_v5_candidate10_150/temp/link/link/int/systemDiagramModelSlrBaseAddress.json --key-value SYS:PlatformVBNV:xilinx_u55c_gen3x16_xdma_3_202210_1 --output /data/feiyang/spine-dynamic-graph-builds/pipeline_dirty_frontier_publication_1e61fc0_20260725/production/hw_v5_candidate10_150/xclbin/spine_partitioned_split_e2e.hw.xclbin
/data/feiyang/spine-dynamic-graph-builds/pipeline_dirty_frontier_publication_1e61fc0_20260725/production/hw_v5_candidate10_150/xclbin/spine_partitioned_split_e2e.hw.xclbin.link_summary	ET_SubCmdStep	xclbinutilinfo	xclbinutil --quiet --force --info /data/feiyang/spine-dynamic-graph-builds/pipeline_dirty_frontier_publication_1e61fc0_20260725/production/hw_v5_candidate10_150/xclbin/spine_partitioned_split_e2e.hw.xclbin.info --input /data/feiyang/spine-dynamic-graph-builds/pipeline_dirty_frontier_publication_1e61fc0_20260725/production/hw_v5_candidate10_150/xclbin/spine_partitioned_split_e2e.hw.xclbin
