source	compute_unit	kernel	module	ff	lut	dsp	bram	uram	is_top_module
/data/feiyang/spine-dynamic-graph-builds/pipeline_dirty_frontier_publication_1e61fc0_20260725/production/hw_v5_candidate10_150/reports/link/link/system_estimate_spine_partitioned_split_e2e.hw.xtxt	spine_partconv_rdmaint_kernel_1	spine_partconv_rdmaint_kernel	entry_proc	3	47	0	0	0	no
/data/feiyang/spine-dynamic-graph-builds/pipeline_dirty_frontier_publication_1e61fc0_20260725/production/hw_v5_candidate10_150/reports/link/link/system_estimate_spine_partitioned_split_e2e.hw.xtxt	spine_partconv_rdmaint_kernel_1	spine_partconv_rdmaint_kernel	partitioned_preflight_read_input_Pipeline_PARTITIONED_DIRTY_PREFLIGHT_READ	289	218	0	0	0	no
/data/feiyang/spine-dynamic-graph-builds/pipeline_dirty_frontier_publication_1e61fc0_20260725/production/hw_v5_candidate10_150/reports/link/link/system_estimate_spine_partitioned_split_e2e.hw.xtxt	spine_partconv_rdmaint_kernel_1	spine_partconv_rdmaint_kernel	partitioned_preflight_read_input	294	285	0	0	0	no
/data/feiyang/spine-dynamic-graph-builds/pipeline_dirty_frontier_publication_1e61fc0_20260725/production/hw_v5_candidate10_150/reports/link/link/system_estimate_spine_partitioned_split_e2e.hw.xtxt	spine_partconv_rdmaint_kernel_1	spine_partconv_rdmaint_kernel	partitioned_preflight_validate_input_Pipeline_PARTITIONED_DIRTY_PREFLIGHT_VALIDA	154	526	0	0	0	no
/data/feiyang/spine-dynamic-graph-builds/pipeline_dirty_frontier_publication_1e61fc0_20260725/production/hw_v5_candidate10_150/reports/link/link/system_estimate_spine_partitioned_split_e2e.hw.xtxt	spine_partconv_rdmaint_kernel_1	spine_partconv_rdmaint_kernel	partitioned_preflight_validate_input	343	644	0	0	0	no
/data/feiyang/spine-dynamic-graph-builds/pipeline_dirty_frontier_publication_1e61fc0_20260725/production/hw_v5_candidate10_150/reports/link/link/system_estimate_spine_partitioned_split_e2e.hw.xtxt	spine_partconv_rdmaint_kernel_1	spine_partconv_rdmaint_kernel	partitioned_preflight_input	872	1188	0	2	0	no
/data/feiyang/spine-dynamic-graph-builds/pipeline_dirty_frontier_publication_1e61fc0_20260725/production/hw_v5_candidate10_150/reports/link/link/system_estimate_spine_partitioned_split_e2e.hw.xtxt	spine_partconv_rdmaint_kernel_1	spine_partconv_rdmaint_kernel	entry_proc136	2	38	0	0	0	no
/data/feiyang/spine-dynamic-graph-builds/pipeline_dirty_frontier_publication_1e61fc0_20260725/production/hw_v5_candidate10_150/reports/link/link/system_estimate_spine_partitioned_split_e2e.hw.xtxt	spine_partconv_rdmaint_kernel_1	spine_partconv_rdmaint_kernel	partitioned_frontier_read_edges_Pipeline_PARTITIONED_FRONTIER_EDGE_READ	289	218	0	0	0	no
/data/feiyang/spine-dynamic-graph-builds/pipeline_dirty_frontier_publication_1e61fc0_20260725/production/hw_v5_candidate10_150/reports/link/link/system_estimate_spine_partitioned_split_e2e.hw.xtxt	spine_partconv_rdmaint_kernel_1	spine_partconv_rdmaint_kernel	partitioned_frontier_read_edges	294	285	0	0	0	no
/data/feiyang/spine-dynamic-graph-builds/pipeline_dirty_frontier_publication_1e61fc0_20260725/production/hw_v5_candidate10_150/reports/link/link/system_estimate_spine_partitioned_split_e2e.hw.xtxt	spine_partconv_rdmaint_kernel_1	spine_partconv_rdmaint_kernel	partitioned_frontier_classify_reduce_Pipeline_PARTITIONED_FRONTIER_CLEAR_COUNTS	8	54	0	0	0	no
/data/feiyang/spine-dynamic-graph-builds/pipeline_dirty_frontier_publication_1e61fc0_20260725/production/hw_v5_candidate10_150/reports/link/link/system_estimate_spine_partitioned_split_e2e.hw.xtxt	spine_partconv_rdmaint_kernel_1	spine_partconv_rdmaint_kernel	partitioned_frontier_classify_reduce_Pipeline_PARTITIONED_FRONTIER_CLASSIFY	618	690	0	0	0	no
/data/feiyang/spine-dynamic-graph-builds/pipeline_dirty_frontier_publication_1e61fc0_20260725/production/hw_v5_candidate10_150/reports/link/link/system_estimate_spine_partitioned_split_e2e.hw.xtxt	spine_partconv_rdmaint_kernel_1	spine_partconv_rdmaint_kernel	partitioned_frontier_classify_reduce_Pipeline_PARTITIONED_FRONTIER_REDUCE	453	1127	0	0	0	no
/data/feiyang/spine-dynamic-graph-builds/pipeline_dirty_frontier_publication_1e61fc0_20260725/production/hw_v5_candidate10_150/reports/link/link/system_estimate_spine_partitioned_split_e2e.hw.xtxt	spine_partconv_rdmaint_kernel_1	spine_partconv_rdmaint_kernel	partitioned_frontier_classify_reduce_Pipeline_PARTITIONED_FRONTIER_FLUSH_TAGS	271	211	0	0	0	no
/data/feiyang/spine-dynamic-graph-builds/pipeline_dirty_frontier_publication_1e61fc0_20260725/production/hw_v5_candidate10_150/reports/link/link/system_estimate_spine_partitioned_split_e2e.hw.xtxt	spine_partconv_rdmaint_kernel_1	spine_partconv_rdmaint_kernel	partitioned_frontier_classify_reduce_Pipeline_PARTITIONED_FRONTIER_FLUSH_SOURCES	274	245	0	0	0	no
/data/feiyang/spine-dynamic-graph-builds/pipeline_dirty_frontier_publication_1e61fc0_20260725/production/hw_v5_candidate10_150/reports/link/link/system_estimate_spine_partitioned_split_e2e.hw.xtxt	spine_partconv_rdmaint_kernel_1	spine_partconv_rdmaint_kernel	partitioned_frontier_classify_reduce_Pipeline_PARTITIONED_FRONTIER_EXPORT_COUNTS	14	65	0	0	0	no
/data/feiyang/spine-dynamic-graph-builds/pipeline_dirty_frontier_publication_1e61fc0_20260725/production/hw_v5_candidate10_150/reports/link/link/system_estimate_spine_partitioned_split_e2e.hw.xtxt	spine_partconv_rdmaint_kernel_1	spine_partconv_rdmaint_kernel	partitioned_frontier_classify_reduce	2724	3614	0	5	0	no
/data/feiyang/spine-dynamic-graph-builds/pipeline_dirty_frontier_publication_1e61fc0_20260725/production/hw_v5_candidate10_150/reports/link/link/system_estimate_spine_partitioned_split_e2e.hw.xtxt	spine_partconv_rdmaint_kernel_1	spine_partconv_rdmaint_kernel	partitioned_frontier_classify_dataflow	3253	4178	0	7	0	no
/data/feiyang/spine-dynamic-graph-builds/pipeline_dirty_frontier_publication_1e61fc0_20260725/production/hw_v5_candidate10_150/reports/link/link/system_estimate_spine_partitioned_split_e2e.hw.xtxt	spine_partconv_rdmaint_kernel_1	spine_partconv_rdmaint_kernel	partitioned_run_maintenance_Pipeline_PARTITIONED_FAMILY_PREFIX	32	604	0	0	0	no
/data/feiyang/spine-dynamic-graph-builds/pipeline_dirty_frontier_publication_1e61fc0_20260725/production/hw_v5_candidate10_150/reports/link/link/system_estimate_spine_partitioned_split_e2e.hw.xtxt	spine_partconv_rdmaint_kernel_1	spine_partconv_rdmaint_kernel	partitioned_run_maintenance_Pipeline_PARTITIONED_FAMILY_DISPATCH	2081	2856	0	0	0	no
/data/feiyang/spine-dynamic-graph-builds/pipeline_dirty_frontier_publication_1e61fc0_20260725/production/hw_v5_candidate10_150/reports/link/link/system_estimate_spine_partitioned_split_e2e.hw.xtxt	spine_partconv_rdmaint_kernel_1	spine_partconv_rdmaint_kernel	partitioned_run_maintenance_Pipeline_PARTITIONED_FAMILY_CURSOR_VALIDATE	29	458	0	0	0	no
/data/feiyang/spine-dynamic-graph-builds/pipeline_dirty_frontier_publication_1e61fc0_20260725/production/hw_v5_candidate10_150/reports/link/link/system_estimate_spine_partitioned_split_e2e.hw.xtxt	spine_partconv_rdmaint_kernel_1	spine_partconv_rdmaint_kernel	partitioned_frontier_publish_grouped_pass_Pipeline_PARTITIONED_FRONTIER_SOURCE_P	481	330	0	0	0	no
/data/feiyang/spine-dynamic-graph-builds/pipeline_dirty_frontier_publication_1e61fc0_20260725/production/hw_v5_candidate10_150/reports/link/link/system_estimate_spine_partitioned_split_e2e.hw.xtxt	spine_partconv_rdmaint_kernel_1	spine_partconv_rdmaint_kernel	partitioned_frontier_publish_grouped_pass_Pipeline_PARTITIONED_FRONTIER_GROUP_CL	7	64	0	0	0	no
/data/feiyang/spine-dynamic-graph-builds/pipeline_dirty_frontier_publication_1e61fc0_20260725/production/hw_v5_candidate10_150/reports/link/link/system_estimate_spine_partitioned_split_e2e.hw.xtxt	spine_partconv_rdmaint_kernel_1	spine_partconv_rdmaint_kernel	partitioned_frontier_publish_grouped_pass_Pipeline_PARTITIONED_FRONTIER_GROUP_RE	434	231	0	0	0	no
/data/feiyang/spine-dynamic-graph-builds/pipeline_dirty_frontier_publication_1e61fc0_20260725/production/hw_v5_candidate10_150/reports/link/link/system_estimate_spine_partitioned_split_e2e.hw.xtxt	spine_partconv_rdmaint_kernel_1	spine_partconv_rdmaint_kernel	partitioned_frontier_publish_grouped_pass_Pipeline_PARTITIONED_FRONTIER_GROUP_WR	436	387	0	0	0	no
/data/feiyang/spine-dynamic-graph-builds/pipeline_dirty_frontier_publication_1e61fc0_20260725/production/hw_v5_candidate10_150/reports/link/link/system_estimate_spine_partitioned_split_e2e.hw.xtxt	spine_partconv_rdmaint_kernel_1	spine_partconv_rdmaint_kernel	partitioned_frontier_publish_grouped_pass	3631	5759	0	1	0	no
/data/feiyang/spine-dynamic-graph-builds/pipeline_dirty_frontier_publication_1e61fc0_20260725/production/hw_v5_candidate10_150/reports/link/link/system_estimate_spine_partitioned_split_e2e.hw.xtxt	spine_partconv_rdmaint_kernel_1	spine_partconv_rdmaint_kernel	partitioned_level_occupied_in_family_range	415	803	0	0	0	no
/data/feiyang/spine-dynamic-graph-builds/pipeline_dirty_frontier_publication_1e61fc0_20260725/production/hw_v5_candidate10_150/reports/link/link/system_estimate_spine_partitioned_split_e2e.hw.xtxt	spine_partconv_rdmaint_kernel_1	spine_partconv_rdmaint_kernel	partitioned_level_occupied	419	844	0	0	0	no
/data/feiyang/spine-dynamic-graph-builds/pipeline_dirty_frontier_publication_1e61fc0_20260725/production/hw_v5_candidate10_150/reports/link/link/system_estimate_spine_partitioned_split_e2e.hw.xtxt	spine_partconv_rdmaint_kernel_1	spine_partconv_rdmaint_kernel	partitioned_select_binary_target	464	1001	0	0	0	no
/data/feiyang/spine-dynamic-graph-builds/pipeline_dirty_frontier_publication_1e61fc0_20260725/production/hw_v5_candidate10_150/reports/link/link/system_estimate_spine_partitioned_split_e2e.hw.xtxt	spine_partconv_rdmaint_kernel_1	spine_partconv_rdmaint_kernel	partitioned_select_binary_target_for_family_range	460	960	0	0	0	no
/data/feiyang/spine-dynamic-graph-builds/pipeline_dirty_frontier_publication_1e61fc0_20260725/production/hw_v5_candidate10_150/reports/link/link/system_estimate_spine_partitioned_split_e2e.hw.xtxt	spine_partconv_rdmaint_kernel_1	spine_partconv_rdmaint_kernel	partitioned_fixed_level_layout	23	1353	0	0	0	no
/data/feiyang/spine-dynamic-graph-builds/pipeline_dirty_frontier_publication_1e61fc0_20260725/production/hw_v5_candidate10_150/reports/link/link/system_estimate_spine_partitioned_split_e2e.hw.xtxt	spine_partconv_rdmaint_kernel_1	spine_partconv_rdmaint_kernel	partitioned_fixed_level_layout_with_base	46	1710	0	0	0	no
/data/feiyang/spine-dynamic-graph-builds/pipeline_dirty_frontier_publication_1e61fc0_20260725/production/hw_v5_candidate10_150/reports/link/link/system_estimate_spine_partitioned_split_e2e.hw.xtxt	spine_partconv_rdmaint_kernel_1	spine_partconv_rdmaint_kernel	partitioned_fixed_family_level_layout	48	1733	0	0	0	no
/data/feiyang/spine-dynamic-graph-builds/pipeline_dirty_frontier_publication_1e61fc0_20260725/production/hw_v5_candidate10_150/reports/link/link/system_estimate_spine_partitioned_split_e2e.hw.xtxt	spine_partconv_rdmaint_kernel_1	spine_partconv_rdmaint_kernel	partitioned_clear_fixed_target_index_area_Pipeline_PARTITIONED_CLEAR_TARGET_BITM	22	102	0	0	0	no
/data/feiyang/spine-dynamic-graph-builds/pipeline_dirty_frontier_publication_1e61fc0_20260725/production/hw_v5_candidate10_150/reports/link/link/system_estimate_spine_partitioned_split_e2e.hw.xtxt	spine_partconv_rdmaint_kernel_1	spine_partconv_rdmaint_kernel	partitioned_clear_fixed_target_index_area_Pipeline_PARTITIONED_CLEAR_TARGET_PAGE	19	95	0	0	0	no
/data/feiyang/spine-dynamic-graph-builds/pipeline_dirty_frontier_publication_1e61fc0_20260725/production/hw_v5_candidate10_150/reports/link/link/system_estimate_spine_partitioned_split_e2e.hw.xtxt	spine_partconv_rdmaint_kernel_1	spine_partconv_rdmaint_kernel	partitioned_clear_fixed_target_index_area_Pipeline_PARTITIONED_CLEAR_TARGET_ROW_s	227	346	0	0	0	no
/data/feiyang/spine-dynamic-graph-builds/pipeline_dirty_frontier_publication_1e61fc0_20260725/production/hw_v5_candidate10_150/reports/link/link/system_estimate_spine_partitioned_split_e2e.hw.xtxt	spine_partconv_rdmaint_kernel_1	spine_partconv_rdmaint_kernel	partitioned_clear_fixed_target_index_area_Pipeline_PARTITIONED_CLEAR_TARGET_MASK	227	346	0	0	0	no
/data/feiyang/spine-dynamic-graph-builds/pipeline_dirty_frontier_publication_1e61fc0_20260725/production/hw_v5_candidate10_150/reports/link/link/system_estimate_spine_partitioned_split_e2e.hw.xtxt	spine_partconv_rdmaint_kernel_1	spine_partconv_rdmaint_kernel	partitioned_clear_fixed_target_index_area	767	2350	0	0	0	no
/data/feiyang/spine-dynamic-graph-builds/pipeline_dirty_frontier_publication_1e61fc0_20260725/production/hw_v5_candidate10_150/reports/link/link/system_estimate_spine_partitioned_split_e2e.hw.xtxt	spine_partconv_rdmaint_kernel_1	spine_partconv_rdmaint_kernel	partitioned_new_batch_next_local	584	614	0	0	0	no
/data/feiyang/spine-dynamic-graph-builds/pipeline_dirty_frontier_publication_1e61fc0_20260725/production/hw_v5_candidate10_150/reports/link/link/system_estimate_spine_partitioned_split_e2e.hw.xtxt	spine_partconv_rdmaint_kernel_1	spine_partconv_rdmaint_kernel	partitioned_carry_cursor_next_Pipeline_PARTITIONED_CURSOR_FIND_SOURCE	1549	3409	0	0	0	no
/data/feiyang/spine-dynamic-graph-builds/pipeline_dirty_frontier_publication_1e61fc0_20260725/production/hw_v5_candidate10_150/reports/link/link/system_estimate_spine_partitioned_split_e2e.hw.xtxt	spine_partconv_rdmaint_kernel_1	spine_partconv_rdmaint_kernel	partitioned_carry_cursor_next	4523	8588	0	0	0	no
/data/feiyang/spine-dynamic-graph-builds/pipeline_dirty_frontier_publication_1e61fc0_20260725/production/hw_v5_candidate10_150/reports/link/link/system_estimate_spine_partitioned_split_e2e.hw.xtxt	spine_partconv_rdmaint_kernel_1	spine_partconv_rdmaint_kernel	partitioned_write_carry_target_family	29320	39572	0	2	0	no
/data/feiyang/spine-dynamic-graph-builds/pipeline_dirty_frontier_publication_1e61fc0_20260725/production/hw_v5_candidate10_150/reports/link/link/system_estimate_spine_partitioned_split_e2e.hw.xtxt	spine_partconv_rdmaint_kernel_1	spine_partconv_rdmaint_kernel	partitioned_write_carry_target_family_staged	29772	39829	0	2	0	no
/data/feiyang/spine-dynamic-graph-builds/pipeline_dirty_frontier_publication_1e61fc0_20260725/production/hw_v5_candidate10_150/reports/link/link/system_estimate_spine_partitioned_split_e2e.hw.xtxt	spine_partconv_rdmaint_kernel_1	spine_partconv_rdmaint_kernel	partitioned_write_carry_target_family_range	32097	44982	0	2	0	no
/data/feiyang/spine-dynamic-graph-builds/pipeline_dirty_frontier_publication_1e61fc0_20260725/production/hw_v5_candidate10_150/reports/link/link/system_estimate_spine_partitioned_split_e2e.hw.xtxt	spine_partconv_rdmaint_kernel_1	spine_partconv_rdmaint_kernel	partitioned_count_l0_coalesced_rows_local_Pipeline_PARTITIONED_COUNT_L0_COALESCE	654	1304	0	0	0	no
/data/feiyang/spine-dynamic-graph-builds/pipeline_dirty_frontier_publication_1e61fc0_20260725/production/hw_v5_candidate10_150/reports/link/link/system_estimate_spine_partitioned_split_e2e.hw.xtxt	spine_partconv_rdmaint_kernel_1	spine_partconv_rdmaint_kernel	partitioned_count_l0_coalesced_rows_local	952	1699	0	0	0	no
/data/feiyang/spine-dynamic-graph-builds/pipeline_dirty_frontier_publication_1e61fc0_20260725/production/hw_v5_candidate10_150/reports/link/link/system_estimate_spine_partitioned_split_e2e.hw.xtxt	spine_partconv_rdmaint_kernel_1	spine_partconv_rdmaint_kernel	partitioned_clear_l0_index_area_with_base_Pipeline_PARTITIONED_CLEAR_L0_BITMAP	22	102	0	0	0	no
/data/feiyang/spine-dynamic-graph-builds/pipeline_dirty_frontier_publication_1e61fc0_20260725/production/hw_v5_candidate10_150/reports/link/link/system_estimate_spine_partitioned_split_e2e.hw.xtxt	spine_partconv_rdmaint_kernel_1	spine_partconv_rdmaint_kernel	partitioned_clear_l0_index_area_with_base_Pipeline_PARTITIONED_CLEAR_L0_PAGE_BAS	19	95	0	0	0	no
/data/feiyang/spine-dynamic-graph-builds/pipeline_dirty_frontier_publication_1e61fc0_20260725/production/hw_v5_candidate10_150/reports/link/link/system_estimate_spine_partitioned_split_e2e.hw.xtxt	spine_partconv_rdmaint_kernel_1	spine_partconv_rdmaint_kernel	partitioned_clear_l0_index_area_with_base	307	1448	0	0	0	no
/data/feiyang/spine-dynamic-graph-builds/pipeline_dirty_frontier_publication_1e61fc0_20260725/production/hw_v5_candidate10_150/reports/link/link/system_estimate_spine_partitioned_split_e2e.hw.xtxt	spine_partconv_rdmaint_kernel_1	spine_partconv_rdmaint_kernel	partitioned_clear_l0_reachable_index_area_with_base_Pipeline_PARTITIONED_CLEAR_L	219	256	0	0	0	no
/data/feiyang/spine-dynamic-graph-builds/pipeline_dirty_frontier_publication_1e61fc0_20260725/production/hw_v5_candidate10_150/reports/link/link/system_estimate_spine_partitioned_split_e2e.hw.xtxt	spine_partconv_rdmaint_kernel_1	spine_partconv_rdmaint_kernel	partitioned_clear_l0_reachable_index_area_with_base_Pipeline_PARTITIONED_CLEAR_L_1	218	266	0	0	0	no
/data/feiyang/spine-dynamic-graph-builds/pipeline_dirty_frontier_publication_1e61fc0_20260725/production/hw_v5_candidate10_150/reports/link/link/system_estimate_spine_partitioned_split_e2e.hw.xtxt	spine_partconv_rdmaint_kernel_1	spine_partconv_rdmaint_kernel	partitioned_clear_l0_reachable_index_area_with_base	753	2387	0	0	0	no
/data/feiyang/spine-dynamic-graph-builds/pipeline_dirty_frontier_publication_1e61fc0_20260725/production/hw_v5_candidate10_150/reports/link/link/system_estimate_spine_partitioned_split_e2e.hw.xtxt	spine_partconv_rdmaint_kernel_1	spine_partconv_rdmaint_kernel	partitioned_write_l0_family_Pipeline_PARTITIONED_WRITE_L0_EDGES	6619	6703	0	0	0	no
/data/feiyang/spine-dynamic-graph-builds/pipeline_dirty_frontier_publication_1e61fc0_20260725/production/hw_v5_candidate10_150/reports/link/link/system_estimate_spine_partitioned_split_e2e.hw.xtxt	spine_partconv_rdmaint_kernel_1	spine_partconv_rdmaint_kernel	partitioned_write_l0_family	15994	21293	0	0	0	no
/data/feiyang/spine-dynamic-graph-builds/pipeline_dirty_frontier_publication_1e61fc0_20260725/production/hw_v5_candidate10_150/reports/link/link/system_estimate_spine_partitioned_split_e2e.hw.xtxt	spine_partconv_rdmaint_kernel_1	spine_partconv_rdmaint_kernel	partitioned_write_l0_family_staged	16222	21469	0	0	0	no
/data/feiyang/spine-dynamic-graph-builds/pipeline_dirty_frontier_publication_1e61fc0_20260725/production/hw_v5_candidate10_150/reports/link/link/system_estimate_spine_partitioned_split_e2e.hw.xtxt	spine_partconv_rdmaint_kernel_1	spine_partconv_rdmaint_kernel	partitioned_write_l0_family_range	19343	28259	0	2	0	no
/data/feiyang/spine-dynamic-graph-builds/pipeline_dirty_frontier_publication_1e61fc0_20260725/production/hw_v5_candidate10_150/reports/link/link/system_estimate_spine_partitioned_split_e2e.hw.xtxt	spine_partconv_rdmaint_kernel_1	spine_partconv_rdmaint_kernel	partitioned_write_family_range	52409	79146	0	4	0	no
/data/feiyang/spine-dynamic-graph-builds/pipeline_dirty_frontier_publication_1e61fc0_20260725/production/hw_v5_candidate10_150/reports/link/link/system_estimate_spine_partitioned_split_e2e.hw.xtxt	spine_partconv_rdmaint_kernel_1	spine_partconv_rdmaint_kernel	partitioned_commit_target_metadata_family_range_Pipeline_PARTITIONED_COMMIT_TARG	1783	4615	0	0	0	no
/data/feiyang/spine-dynamic-graph-builds/pipeline_dirty_frontier_publication_1e61fc0_20260725/production/hw_v5_candidate10_150/reports/link/link/system_estimate_spine_partitioned_split_e2e.hw.xtxt	spine_partconv_rdmaint_kernel_1	spine_partconv_rdmaint_kernel	partitioned_commit_target_metadata_family_range	1848	4697	0	0	0	no
/data/feiyang/spine-dynamic-graph-builds/pipeline_dirty_frontier_publication_1e61fc0_20260725/production/hw_v5_candidate10_150/reports/link/link/system_estimate_spine_partitioned_split_e2e.hw.xtxt	spine_partconv_rdmaint_kernel_1	spine_partconv_rdmaint_kernel	partitioned_clear_level_all_partitions	315	1089	0	0	0	no
/data/feiyang/spine-dynamic-graph-builds/pipeline_dirty_frontier_publication_1e61fc0_20260725/production/hw_v5_candidate10_150/reports/link/link/system_estimate_spine_partitioned_split_e2e.hw.xtxt	spine_partconv_rdmaint_kernel_1	spine_partconv_rdmaint_kernel	partitioned_clear_lower_levels_after_commit	327	1207	0	0	0	no
/data/feiyang/spine-dynamic-graph-builds/pipeline_dirty_frontier_publication_1e61fc0_20260725/production/hw_v5_candidate10_150/reports/link/link/system_estimate_spine_partitioned_split_e2e.hw.xtxt	spine_partconv_rdmaint_kernel_1	spine_partconv_rdmaint_kernel	partitioned_clear_level_family_range	317	1172	0	0	0	no
/data/feiyang/spine-dynamic-graph-builds/pipeline_dirty_frontier_publication_1e61fc0_20260725/production/hw_v5_candidate10_150/reports/link/link/system_estimate_spine_partitioned_split_e2e.hw.xtxt	spine_partconv_rdmaint_kernel_1	spine_partconv_rdmaint_kernel	partitioned_clear_lower_levels_after_family_commit	329	1291	0	0	0	no
/data/feiyang/spine-dynamic-graph-builds/pipeline_dirty_frontier_publication_1e61fc0_20260725/production/hw_v5_candidate10_150/reports/link/link/system_estimate_spine_partitioned_split_e2e.hw.xtxt	spine_partconv_rdmaint_kernel_1	spine_partconv_rdmaint_kernel	partitioned_run_maintenance_Pipeline_PARTITIONED_COUNT_COMMITTED_TRANSACTION_FAM	42	282	0	0	0	no
/data/feiyang/spine-dynamic-graph-builds/pipeline_dirty_frontier_publication_1e61fc0_20260725/production/hw_v5_candidate10_150/reports/link/link/system_estimate_spine_partitioned_split_e2e.hw.xtxt	spine_partconv_rdmaint_kernel_1	spine_partconv_rdmaint_kernel	partitioned_retire_staged_target_epochs_Pipeline_PARTITIONED_RETIRE_STAGED_TARGE	550	1186	0	0	0	no
/data/feiyang/spine-dynamic-graph-builds/pipeline_dirty_frontier_publication_1e61fc0_20260725/production/hw_v5_candidate10_150/reports/link/link/system_estimate_spine_partitioned_split_e2e.hw.xtxt	spine_partconv_rdmaint_kernel_1	spine_partconv_rdmaint_kernel	partitioned_retire_staged_target_epochs	585	1229	0	0	0	no
/data/feiyang/spine-dynamic-graph-builds/pipeline_dirty_frontier_publication_1e61fc0_20260725/production/hw_v5_candidate10_150/reports/link/link/system_estimate_spine_partitioned_split_e2e.hw.xtxt	spine_partconv_rdmaint_kernel_1	spine_partconv_rdmaint_kernel	partitioned_run_maintenance_Pipeline_PARTITIONED_MAINT_RESULT_PARTITIONS	218	824	0	0	0	no
/data/feiyang/spine-dynamic-graph-builds/pipeline_dirty_frontier_publication_1e61fc0_20260725/production/hw_v5_candidate10_150/reports/link/link/system_estimate_spine_partitioned_split_e2e.hw.xtxt	spine_partconv_rdmaint_kernel_1	spine_partconv_rdmaint_kernel	partitioned_run_maintenance_Pipeline_PARTITIONED_MAINT_RESULT_HOT_SHARDS	414	358	0	0	0	no
/data/feiyang/spine-dynamic-graph-builds/pipeline_dirty_frontier_publication_1e61fc0_20260725/production/hw_v5_candidate10_150/reports/link/link/system_estimate_spine_partitioned_split_e2e.hw.xtxt	spine_partconv_rdmaint_kernel_1	spine_partconv_rdmaint_kernel	partitioned_run_maintenance_Pipeline_PARTITIONED_MAINT_RESULT_CLEAR_RESERVED	16	109	0	0	0	no
/data/feiyang/spine-dynamic-graph-builds/pipeline_dirty_frontier_publication_1e61fc0_20260725/production/hw_v5_candidate10_150/reports/link/link/system_estimate_spine_partitioned_split_e2e.hw.xtxt	spine_partconv_rdmaint_kernel_1	spine_partconv_rdmaint_kernel	partitioned_run_maintenance	84543	133347	0	18	0	no
/data/feiyang/spine-dynamic-graph-builds/pipeline_dirty_frontier_publication_1e61fc0_20260725/production/hw_v5_candidate10_150/reports/link/link/system_estimate_spine_partitioned_split_e2e.hw.xtxt	spine_partconv_rdmaint_kernel_1	spine_partconv_rdmaint_kernel	partitioned_emit_format_rejection	3	45	0	0	0	no
/data/feiyang/spine-dynamic-graph-builds/pipeline_dirty_frontier_publication_1e61fc0_20260725/production/hw_v5_candidate10_150/reports/link/link/system_estimate_spine_partitioned_split_e2e.hw.xtxt	spine_partconv_rdmaint_kernel_1	spine_partconv_rdmaint_kernel	partitioned_run_dirty_ack_Pipeline_PARTITIONED_DIRTY_ACK_VALIDATE_LIST	645	1966	0	0	0	no
/data/feiyang/spine-dynamic-graph-builds/pipeline_dirty_frontier_publication_1e61fc0_20260725/production/hw_v5_candidate10_150/reports/link/link/system_estimate_spine_partitioned_split_e2e.hw.xtxt	spine_partconv_rdmaint_kernel_1	spine_partconv_rdmaint_kernel	partitioned_run_dirty_ack_Pipeline_PARTITIONED_DIRTY_ACK_CLEAR_BITMAP	693	1975	0	0	0	no
/data/feiyang/spine-dynamic-graph-builds/pipeline_dirty_frontier_publication_1e61fc0_20260725/production/hw_v5_candidate10_150/reports/link/link/system_estimate_spine_partitioned_split_e2e.hw.xtxt	spine_partconv_rdmaint_kernel_1	spine_partconv_rdmaint_kernel	partitioned_run_dirty_ack_Pipeline_PARTITIONED_DIRTY_ACK_CLEAR_RESULT	11	79	0	0	0	no
/data/feiyang/spine-dynamic-graph-builds/pipeline_dirty_frontier_publication_1e61fc0_20260725/production/hw_v5_candidate10_150/reports/link/link/system_estimate_spine_partitioned_split_e2e.hw.xtxt	spine_partconv_rdmaint_kernel_1	spine_partconv_rdmaint_kernel	partitioned_run_dirty_ack	3633	8148	0	0	0	no
/data/feiyang/spine-dynamic-graph-builds/pipeline_dirty_frontier_publication_1e61fc0_20260725/production/hw_v5_candidate10_150/reports/link/link/system_estimate_spine_partitioned_split_e2e.hw.xtxt	spine_partconv_rdmaint_kernel_1	spine_partconv_rdmaint_kernel	partitioned_run_convergence_reader_Pipeline_PARTITIONED_RANGE_TASK_VALIDATE_ACTI	506	815	0	0	0	no
/data/feiyang/spine-dynamic-graph-builds/pipeline_dirty_frontier_publication_1e61fc0_20260725/production/hw_v5_candidate10_150/reports/link/link/system_estimate_spine_partitioned_split_e2e.hw.xtxt	spine_partconv_rdmaint_kernel_1	spine_partconv_rdmaint_kernel	partitioned_prepare_device_dirty_sources_Pipeline_PARTITIONED_DIRTY_CACHE_AND_VA	522	1952	0	0	0	no
/data/feiyang/spine-dynamic-graph-builds/pipeline_dirty_frontier_publication_1e61fc0_20260725/production/hw_v5_candidate10_150/reports/link/link/system_estimate_spine_partitioned_split_e2e.hw.xtxt	spine_partconv_rdmaint_kernel_1	spine_partconv_rdmaint_kernel	partitioned_reader_write_protocol_word	2	17	0	0	0	no
/data/feiyang/spine-dynamic-graph-builds/pipeline_dirty_frontier_publication_1e61fc0_20260725/production/hw_v5_candidate10_150/reports/link/link/system_estimate_spine_partitioned_split_e2e.hw.xtxt	spine_partconv_rdmaint_kernel_1	spine_partconv_rdmaint_kernel	partitioned_prepare_device_dirty_sources_Pipeline_PARTITIONED_DIRTY_SEND_SOURCE_s	563	328	0	0	0	no
/data/feiyang/spine-dynamic-graph-builds/pipeline_dirty_frontier_publication_1e61fc0_20260725/production/hw_v5_candidate10_150/reports/link/link/system_estimate_spine_partitioned_split_e2e.hw.xtxt	spine_partconv_rdmaint_kernel_1	spine_partconv_rdmaint_kernel	partitioned_reader_read_protocol_word	1	11	0	0	0	no
/data/feiyang/spine-dynamic-graph-builds/pipeline_dirty_frontier_publication_1e61fc0_20260725/production/hw_v5_candidate10_150/reports/link/link/system_estimate_spine_partitioned_split_e2e.hw.xtxt	spine_partconv_rdmaint_kernel_1	spine_partconv_rdmaint_kernel	partitioned_prepare_device_dirty_sources_Pipeline_PARTITIONED_DIRTY_DRAIN_SOURCE	560	1223	0	0	0	no
/data/feiyang/spine-dynamic-graph-builds/pipeline_dirty_frontier_publication_1e61fc0_20260725/production/hw_v5_candidate10_150/reports/link/link/system_estimate_spine_partitioned_split_e2e.hw.xtxt	spine_partconv_rdmaint_kernel_1	spine_partconv_rdmaint_kernel	partitioned_prepare_device_dirty_sources	4241	5641	0	0	0	no
/data/feiyang/spine-dynamic-graph-builds/pipeline_dirty_frontier_publication_1e61fc0_20260725/production/hw_v5_candidate10_150/reports/link/link/system_estimate_spine_partitioned_split_e2e.hw.xtxt	spine_partconv_rdmaint_kernel_1	spine_partconv_rdmaint_kernel	partitioned_run_convergence_reader_Pipeline_PARTITIONED_RANGE_TASK_CACHE_ACTIVE_s	321	148	0	0	0	no
/data/feiyang/spine-dynamic-graph-builds/pipeline_dirty_frontier_publication_1e61fc0_20260725/production/hw_v5_candidate10_150/reports/link/link/system_estimate_spine_partitioned_split_e2e.hw.xtxt	spine_partconv_rdmaint_kernel_1	spine_partconv_rdmaint_kernel	partitioned_load_range_task_level_cache	1621	2413	0	0	0	no
/data/feiyang/spine-dynamic-graph-builds/pipeline_dirty_frontier_publication_1e61fc0_20260725/production/hw_v5_candidate10_150/reports/link/link/system_estimate_spine_partitioned_split_e2e.hw.xtxt	spine_partconv_rdmaint_kernel_1	spine_partconv_rdmaint_kernel	partitioned_run_convergence_reader_Pipeline_PARTITIONED_RANGE_TASK_CACHE_LEVEL_F	1805	3054	0	0	0	no
/data/feiyang/spine-dynamic-graph-builds/pipeline_dirty_frontier_publication_1e61fc0_20260725/production/hw_v5_candidate10_150/reports/link/link/system_estimate_spine_partitioned_split_e2e.hw.xtxt	spine_partconv_rdmaint_kernel_1	spine_partconv_rdmaint_kernel	partitioned_run_convergence_reader_Pipeline_PARTITIONED_RANGE_TASK_CLEAR_TILE_ST	11	60	0	0	0	no
/data/feiyang/spine-dynamic-graph-builds/pipeline_dirty_frontier_publication_1e61fc0_20260725/production/hw_v5_candidate10_150/reports/link/link/system_estimate_spine_partitioned_split_e2e.hw.xtxt	spine_partconv_rdmaint_kernel_1	spine_partconv_rdmaint_kernel	partitioned_build_exact_family_tasks_Pipeline_PARTITIONED_LOOKUP_RANK_WORDS	374	822	0	0	0	no
/data/feiyang/spine-dynamic-graph-builds/pipeline_dirty_frontier_publication_1e61fc0_20260725/production/hw_v5_candidate10_150/reports/link/link/system_estimate_spine_partitioned_split_e2e.hw.xtxt	spine_partconv_rdmaint_kernel_1	spine_partconv_rdmaint_kernel	partitioned_lower_bound_dst	370	906	0	0	0	no
/data/feiyang/spine-dynamic-graph-builds/pipeline_dirty_frontier_publication_1e61fc0_20260725/production/hw_v5_candidate10_150/reports/link/link/system_estimate_spine_partitioned_split_e2e.hw.xtxt	spine_partconv_rdmaint_kernel_1	spine_partconv_rdmaint_kernel	partitioned_append_range_task	175	464	0	0	0	no
/data/feiyang/spine-dynamic-graph-builds/pipeline_dirty_frontier_publication_1e61fc0_20260725/production/hw_v5_candidate10_150/reports/link/link/system_estimate_spine_partitioned_split_e2e.hw.xtxt	spine_partconv_rdmaint_kernel_1	spine_partconv_rdmaint_kernel	partitioned_build_exact_row_tasks_Pipeline_PARTITIONED_BUILD_EXACT_ROW_TASKS	890	1570	0	0	0	no
/data/feiyang/spine-dynamic-graph-builds/pipeline_dirty_frontier_publication_1e61fc0_20260725/production/hw_v5_candidate10_150/reports/link/link/system_estimate_spine_partitioned_split_e2e.hw.xtxt	spine_partconv_rdmaint_kernel_1	spine_partconv_rdmaint_kernel	partitioned_build_exact_row_tasks	1890	3866	0	0	0	no
/data/feiyang/spine-dynamic-graph-builds/pipeline_dirty_frontier_publication_1e61fc0_20260725/production/hw_v5_candidate10_150/reports/link/link/system_estimate_spine_partitioned_split_e2e.hw.xtxt	spine_partconv_rdmaint_kernel_1	spine_partconv_rdmaint_kernel	partitioned_build_exact_family_tasks	5637	11186	0	0	0	no
/data/feiyang/spine-dynamic-graph-builds/pipeline_dirty_frontier_publication_1e61fc0_20260725/production/hw_v5_candidate10_150/reports/link/link/system_estimate_spine_partitioned_split_e2e.hw.xtxt	spine_partconv_rdmaint_kernel_1	spine_partconv_rdmaint_kernel	partitioned_build_exact_family_tasks_bank	5848	12453	0	0	0	no
/data/feiyang/spine-dynamic-graph-builds/pipeline_dirty_frontier_publication_1e61fc0_20260725/production/hw_v5_candidate10_150/reports/link/link/system_estimate_spine_partitioned_split_e2e.hw.xtxt	spine_partconv_rdmaint_kernel_1	spine_partconv_rdmaint_kernel	partitioned_bin_range_tasks_Pipeline_PARTITIONED_RANGE_TASK_PREFIX	61	257	0	0	0	no
/data/feiyang/spine-dynamic-graph-builds/pipeline_dirty_frontier_publication_1e61fc0_20260725/production/hw_v5_candidate10_150/reports/link/link/system_estimate_spine_partitioned_split_e2e.hw.xtxt	spine_partconv_rdmaint_kernel_1	spine_partconv_rdmaint_kernel	partitioned_bin_range_tasks_Pipeline_PARTITIONED_RANGE_TASK_SCATTER	258	278	0	0	0	no
/data/feiyang/spine-dynamic-graph-builds/pipeline_dirty_frontier_publication_1e61fc0_20260725/production/hw_v5_candidate10_150/reports/link/link/system_estimate_spine_partitioned_split_e2e.hw.xtxt	spine_partconv_rdmaint_kernel_1	spine_partconv_rdmaint_kernel	partitioned_bin_range_tasks_Pipeline_PARTITIONED_RANGE_TASK_VERIFY_CURSORS	20	168	0	0	0	no
/data/feiyang/spine-dynamic-graph-builds/pipeline_dirty_frontier_publication_1e61fc0_20260725/production/hw_v5_candidate10_150/reports/link/link/system_estimate_spine_partitioned_split_e2e.hw.xtxt	spine_partconv_rdmaint_kernel_1	spine_partconv_rdmaint_kernel	partitioned_bin_range_tasks	376	1100	0	0	0	no
/data/feiyang/spine-dynamic-graph-builds/pipeline_dirty_frontier_publication_1e61fc0_20260725/production/hw_v5_candidate10_150/reports/link/link/system_estimate_spine_partitioned_split_e2e.hw.xtxt	spine_partconv_rdmaint_kernel_1	spine_partconv_rdmaint_kernel	partitioned_emit_edge_range_tile_Pipeline_PARTITIONED_EMIT_EDGE_LOOP	262	430	0	0	0	no
/data/feiyang/spine-dynamic-graph-builds/pipeline_dirty_frontier_publication_1e61fc0_20260725/production/hw_v5_candidate10_150/reports/link/link/system_estimate_spine_partitioned_split_e2e.hw.xtxt	spine_partconv_rdmaint_kernel_1	spine_partconv_rdmaint_kernel	partitioned_emit_edge_range_tile	497	1422	0	0	0	no
/data/feiyang/spine-dynamic-graph-builds/pipeline_dirty_frontier_publication_1e61fc0_20260725/production/hw_v5_candidate10_150/reports/link/link/system_estimate_spine_partitioned_split_e2e.hw.xtxt	spine_partconv_rdmaint_kernel_1	spine_partconv_rdmaint_kernel	partitioned_replay_range_task	684	1743	0	0	0	no
/data/feiyang/spine-dynamic-graph-builds/pipeline_dirty_frontier_publication_1e61fc0_20260725/production/hw_v5_candidate10_150/reports/link/link/system_estimate_spine_partitioned_split_e2e.hw.xtxt	spine_partconv_rdmaint_kernel_1	spine_partconv_rdmaint_kernel	partitioned_replay_range_task_bank	728	2814	0	0	0	no
/data/feiyang/spine-dynamic-graph-builds/pipeline_dirty_frontier_publication_1e61fc0_20260725/production/hw_v5_candidate10_150/reports/link/link/system_estimate_spine_partitioned_split_e2e.hw.xtxt	spine_partconv_rdmaint_kernel_1	spine_partconv_rdmaint_kernel	partitioned_replay_binned_range_tasks	1347	3730	0	0	0	no
/data/feiyang/spine-dynamic-graph-builds/pipeline_dirty_frontier_publication_1e61fc0_20260725/production/hw_v5_candidate10_150/reports/link/link/system_estimate_spine_partitioned_split_e2e.hw.xtxt	spine_partconv_rdmaint_kernel_1	spine_partconv_rdmaint_kernel	partitioned_discover_touched_tiles_Pipeline_PARTITIONED_LOOKUP_RANK_WORDS	374	822	0	0	0	no
/data/feiyang/spine-dynamic-graph-builds/pipeline_dirty_frontier_publication_1e61fc0_20260725/production/hw_v5_candidate10_150/reports/link/link/system_estimate_spine_partitioned_split_e2e.hw.xtxt	spine_partconv_rdmaint_kernel_1	spine_partconv_rdmaint_kernel	partitioned_discover_touched_tiles	4323	8921	0	0	0	no
/data/feiyang/spine-dynamic-graph-builds/pipeline_dirty_frontier_publication_1e61fc0_20260725/production/hw_v5_candidate10_150/reports/link/link/system_estimate_spine_partitioned_split_e2e.hw.xtxt	spine_partconv_rdmaint_kernel_1	spine_partconv_rdmaint_kernel	partitioned_discover_touched_tiles_bank	4471	10107	0	0	0	no
/data/feiyang/spine-dynamic-graph-builds/pipeline_dirty_frontier_publication_1e61fc0_20260725/production/hw_v5_candidate10_150/reports/link/link/system_estimate_spine_partitioned_split_e2e.hw.xtxt	spine_partconv_rdmaint_kernel_1	spine_partconv_rdmaint_kernel	partitioned_discover_hot_shard_touched_tiles_Pipeline_PARTITIONED_LOOKUP_RANK_WO	374	822	0	0	0	no
/data/feiyang/spine-dynamic-graph-builds/pipeline_dirty_frontier_publication_1e61fc0_20260725/production/hw_v5_candidate10_150/reports/link/link/system_estimate_spine_partitioned_split_e2e.hw.xtxt	spine_partconv_rdmaint_kernel_1	spine_partconv_rdmaint_kernel	partitioned_discover_hot_shard_touched_tiles	5091	9341	0	0	0	no
/data/feiyang/spine-dynamic-graph-builds/pipeline_dirty_frontier_publication_1e61fc0_20260725/production/hw_v5_candidate10_150/reports/link/link/system_estimate_spine_partitioned_split_e2e.hw.xtxt	spine_partconv_rdmaint_kernel_1	spine_partconv_rdmaint_kernel	partitioned_discover_hot_shard_touched_tiles_bank	5239	10563	0	0	0	no
/data/feiyang/spine-dynamic-graph-builds/pipeline_dirty_frontier_publication_1e61fc0_20260725/production/hw_v5_candidate10_150/reports/link/link/system_estimate_spine_partitioned_split_e2e.hw.xtxt	spine_partconv_rdmaint_kernel_1	spine_partconv_rdmaint_kernel	partitioned_emit_active_records_for_tile_Pipeline_PARTITIONED_LOOKUP_RANK_WORDS	374	822	0	0	0	no
/data/feiyang/spine-dynamic-graph-builds/pipeline_dirty_frontier_publication_1e61fc0_20260725/production/hw_v5_candidate10_150/reports/link/link/system_estimate_spine_partitioned_split_e2e.hw.xtxt	spine_partconv_rdmaint_kernel_1	spine_partconv_rdmaint_kernel	partitioned_emit_active_records_for_tile	5112	10121	0	0	0	no
/data/feiyang/spine-dynamic-graph-builds/pipeline_dirty_frontier_publication_1e61fc0_20260725/production/hw_v5_candidate10_150/reports/link/link/system_estimate_spine_partitioned_split_e2e.hw.xtxt	spine_partconv_rdmaint_kernel_1	spine_partconv_rdmaint_kernel	partitioned_emit_active_records_for_tile_bank	5308	11336	0	0	0	no
/data/feiyang/spine-dynamic-graph-builds/pipeline_dirty_frontier_publication_1e61fc0_20260725/production/hw_v5_candidate10_150/reports/link/link/system_estimate_spine_partitioned_split_e2e.hw.xtxt	spine_partconv_rdmaint_kernel_1	spine_partconv_rdmaint_kernel	partitioned_emit_hot_shard_records_for_tile_Pipeline_PARTITIONED_LOOKUP_RANK_WOR	374	822	0	0	0	no
/data/feiyang/spine-dynamic-graph-builds/pipeline_dirty_frontier_publication_1e61fc0_20260725/production/hw_v5_candidate10_150/reports/link/link/system_estimate_spine_partitioned_split_e2e.hw.xtxt	spine_partconv_rdmaint_kernel_1	spine_partconv_rdmaint_kernel	partitioned_emit_hot_shard_records_for_tile	5527	9150	0	0	0	no
/data/feiyang/spine-dynamic-graph-builds/pipeline_dirty_frontier_publication_1e61fc0_20260725/production/hw_v5_candidate10_150/reports/link/link/system_estimate_spine_partitioned_split_e2e.hw.xtxt	spine_partconv_rdmaint_kernel_1	spine_partconv_rdmaint_kernel	partitioned_emit_hot_shard_records_for_tile_bank	5723	10347	0	0	0	no
/data/feiyang/spine-dynamic-graph-builds/pipeline_dirty_frontier_publication_1e61fc0_20260725/production/hw_v5_candidate10_150/reports/link/link/system_estimate_spine_partitioned_split_e2e.hw.xtxt	spine_partconv_rdmaint_kernel_1	spine_partconv_rdmaint_kernel	partitioned_process_one_partition_tiled_reader	22541	51886	0	0	0	no
/data/feiyang/spine-dynamic-graph-builds/pipeline_dirty_frontier_publication_1e61fc0_20260725/production/hw_v5_candidate10_150/reports/link/link/system_estimate_spine_partitioned_split_e2e.hw.xtxt	spine_partconv_rdmaint_kernel_1	spine_partconv_rdmaint_kernel	partitioned_write_dirty_reader_result	153	540	0	0	0	no
/data/feiyang/spine-dynamic-graph-builds/pipeline_dirty_frontier_publication_1e61fc0_20260725/production/hw_v5_candidate10_150/reports/link/link/system_estimate_spine_partitioned_split_e2e.hw.xtxt	spine_partconv_rdmaint_kernel_1	spine_partconv_rdmaint_kernel	partitioned_emit_range_task_diagnostics	9	114	0	0	0	no
/data/feiyang/spine-dynamic-graph-builds/pipeline_dirty_frontier_publication_1e61fc0_20260725/production/hw_v5_candidate10_150/reports/link/link/system_estimate_spine_partitioned_split_e2e.hw.xtxt	spine_partconv_rdmaint_kernel_1	spine_partconv_rdmaint_kernel	partitioned_run_convergence_reader	43414	94219	0	3	84	no
/data/feiyang/spine-dynamic-graph-builds/pipeline_dirty_frontier_publication_1e61fc0_20260725/production/hw_v5_candidate10_150/reports/link/link/system_estimate_spine_partitioned_split_e2e.hw.xtxt	spine_partconv_rdmaint_kernel_1	spine_partconv_rdmaint_kernel	spine_partconv_rdmaint_kernel	153383	262707	0	107	84	yes
/data/feiyang/spine-dynamic-graph-builds/pipeline_dirty_frontier_publication_1e61fc0_20260725/production/hw_v5_candidate10_150/reports/link/link/system_estimate_spine_partitioned_split_e2e.hw.xtxt	spine_partconv_compute_kernel_1	spine_partconv_compute_kernel	partitioned_compute_read_protocol_word	65	28	0	0	0	no
/data/feiyang/spine-dynamic-graph-builds/pipeline_dirty_frontier_publication_1e61fc0_20260725/production/hw_v5_candidate10_150/reports/link/link/system_estimate_spine_partitioned_split_e2e.hw.xtxt	spine_partconv_compute_kernel_1	spine_partconv_compute_kernel	partitioned_compute_write_protocol_word	2	33	0	0	0	no
/data/feiyang/spine-dynamic-graph-builds/pipeline_dirty_frontier_publication_1e61fc0_20260725/production/hw_v5_candidate10_150/reports/link/link/system_estimate_spine_partitioned_split_e2e.hw.xtxt	spine_partconv_compute_kernel_1	spine_partconv_compute_kernel	partitioned_run_convergence_compute_Pipeline_PARTCONV_SPECULATIVE_RECEIVE_LOOP	16	128	0	0	0	no
/data/feiyang/spine-dynamic-graph-builds/pipeline_dirty_frontier_publication_1e61fc0_20260725/production/hw_v5_candidate10_150/reports/link/link/system_estimate_spine_partitioned_split_e2e.hw.xtxt	spine_partconv_compute_kernel_1	spine_partconv_compute_kernel	partitioned_run_convergence_compute_Pipeline_PARTCONV_TINY_GATHER_LOOP	338	255	0	0	0	no
/data/feiyang/spine-dynamic-graph-builds/pipeline_dirty_frontier_publication_1e61fc0_20260725/production/hw_v5_candidate10_150/reports/link/link/system_estimate_spine_partitioned_split_e2e.hw.xtxt	spine_partconv_compute_kernel_1	spine_partconv_compute_kernel	partitioned_run_convergence_compute_Pipeline_PARTCONV_TINY_BUFFER_RELAX_LOOP	531	764	0	0	0	no
/data/feiyang/spine-dynamic-graph-builds/pipeline_dirty_frontier_publication_1e61fc0_20260725/production/hw_v5_candidate10_150/reports/link/link/system_estimate_spine_partitioned_split_e2e.hw.xtxt	spine_partconv_compute_kernel_1	spine_partconv_compute_kernel	partitioned_store_vs_tile_active_Pipeline_PARTITIONED_STORE_TILE_ACTIVE_BITS	374	792	0	0	0	no
/data/feiyang/spine-dynamic-graph-builds/pipeline_dirty_frontier_publication_1e61fc0_20260725/production/hw_v5_candidate10_150/reports/link/link/system_estimate_spine_partitioned_split_e2e.hw.xtxt	spine_partconv_compute_kernel_1	spine_partconv_compute_kernel	partitioned_store_vs_tile_active	577	1056	0	0	0	no
/data/feiyang/spine-dynamic-graph-builds/pipeline_dirty_frontier_publication_1e61fc0_20260725/production/hw_v5_candidate10_150/reports/link/link/system_estimate_spine_partitioned_split_e2e.hw.xtxt	spine_partconv_compute_kernel_1	spine_partconv_compute_kernel	partitioned_load_vs_tile	2807	389	0	0	0	no
/data/feiyang/spine-dynamic-graph-builds/pipeline_dirty_frontier_publication_1e61fc0_20260725/production/hw_v5_candidate10_150/reports/link/link/system_estimate_spine_partitioned_split_e2e.hw.xtxt	spine_partconv_compute_kernel_1	spine_partconv_compute_kernel	partitioned_run_convergence_compute_Pipeline_PARTCONV_DENSE_BUFFER_REPLAY_LOOP	724	746	0	0	0	no
/data/feiyang/spine-dynamic-graph-builds/pipeline_dirty_frontier_publication_1e61fc0_20260725/production/hw_v5_candidate10_150/reports/link/link/system_estimate_spine_partitioned_split_e2e.hw.xtxt	spine_partconv_compute_kernel_1	spine_partconv_compute_kernel	partitioned_run_convergence_compute_Pipeline_PARTCONV_DENSE_STREAM_RELAX_LOOP	542	720	0	0	0	no
/data/feiyang/spine-dynamic-graph-builds/pipeline_dirty_frontier_publication_1e61fc0_20260725/production/hw_v5_candidate10_150/reports/link/link/system_estimate_spine_partitioned_split_e2e.hw.xtxt	spine_partconv_compute_kernel_1	spine_partconv_compute_kernel	partitioned_store_vs_tile	319	314	0	0	0	no
/data/feiyang/spine-dynamic-graph-builds/pipeline_dirty_frontier_publication_1e61fc0_20260725/production/hw_v5_candidate10_150/reports/link/link/system_estimate_spine_partitioned_split_e2e.hw.xtxt	spine_partconv_compute_kernel_1	spine_partconv_compute_kernel	partitioned_emit_tile_active_Pipeline_PARTITIONED_EMIT_TILE_ACTIVE_BITS	725	897	0	0	0	no
/data/feiyang/spine-dynamic-graph-builds/pipeline_dirty_frontier_publication_1e61fc0_20260725/production/hw_v5_candidate10_150/reports/link/link/system_estimate_spine_partitioned_split_e2e.hw.xtxt	spine_partconv_compute_kernel_1	spine_partconv_compute_kernel	partitioned_emit_tile_active	929	1172	0	0	0	no
/data/feiyang/spine-dynamic-graph-builds/pipeline_dirty_frontier_publication_1e61fc0_20260725/production/hw_v5_candidate10_150/reports/link/link/system_estimate_spine_partitioned_split_e2e.hw.xtxt	spine_partconv_compute_kernel_1	spine_partconv_compute_kernel	partitioned_run_convergence_compute	11412	20993	0	79	16	no
/data/feiyang/spine-dynamic-graph-builds/pipeline_dirty_frontier_publication_1e61fc0_20260725/production/hw_v5_candidate10_150/reports/link/link/system_estimate_spine_partitioned_split_e2e.hw.xtxt	spine_partconv_compute_kernel_1	spine_partconv_compute_kernel	spine_partconv_compute_kernel	14898	24967	0	88	16	yes
