algorithm,algorithm_id,algorithm_index,batch,pairs,spine_ms,grasu_ms,spine_speedup
SSSP,weighted_sssp,0,1,5,2.2969587248088876,4.141834980191386,1.8031821536262027
SSSP,weighted_sssp,0,8,5,2.3620862486287644,4.1439633393293525,1.7543658034227163
SSSP,weighted_sssp,0,64,5,2.608416647234237,4.161701474200736,1.5954895390709465
Full PR,full_pagerank,1,1,5,8.627755808646352,4.464254371786089,0.5174293838163816
Full PR,full_pagerank,1,8,5,8.64588398411575,4.4658774101587975,0.516532192470258
Full PR,full_pagerank,1,64,5,8.760765423679663,4.479468107742458,0.5113101300069977
Residual PR,thresholded_residual_pagerank,2,1,5,177.70044828664894,130.6576043249225,0.7352688503866825
Residual PR,thresholded_residual_pagerank,2,8,5,178.07299654989083,131.60895575197424,0.7390730672356673
Residual PR,thresholded_residual_pagerank,2,64,5,179.34383140390017,132.87465592578044,0.7408933716071532
