run_id,dataset_id,algorithm,system,batch_size,scenario,dataset_kind,input_scope,e2e_ms,aligned_backend_requests,aligned_backend_bytes,dram_full_window_requests,dram_row_hit_rate,dram_average_read_latency,dram_physical_window_aligned,correctness_mismatches,raw_result_sha256
grasu_au_insert_u1,sx_askubuntu,weighted_sssp,grasu_regraph,1,insert,grasu_temporal_real_compact_file_order_slice,,6.301740000000001,218734,12089824,218734,0.9561567931825871,26.387426580284394,True,0,bee466d8b735db3a6fe1125ee4cad0363ed155d4aaca9964d5423489734d6a29
grasu_au_insert_u1,sx_askubuntu,weighted_sssp,spine,1,insert,grasu_temporal_real_compact_file_order_slice,,2.2574133333333335,19527,155912,166170,0.9351266774989468,28.129029406328108,False,0,980bfd668af05ffa9ea2c963d949658cec2c709df41b5dcabff1a16e70aff7f1
grasu_au_insert_u64,sx_askubuntu,weighted_sssp,grasu_regraph,64,insert,grasu_temporal_real_compact_file_order_slice,,6.33294,219339,12119080,219339,0.9546683444348703,26.46266922558224,True,0,a06d61431090d25206ca6de5753f7d40a299514afc207a7c4b20b6514df909b6
grasu_au_insert_u64,sx_askubuntu,weighted_sssp,spine,64,insert,grasu_temporal_real_compact_file_order_slice,,2.61896,25585,205416,172228,0.934255754000511,28.122410792663207,False,0,d17dcdb8e4bb9c0d2b01368df54a421c9d11defd5811e82640a3431d883eaa52
grasu_au_insert_u8,sx_askubuntu,weighted_sssp,grasu_regraph,8,insert,grasu_temporal_real_compact_file_order_slice,,6.30544,218824,12094688,218824,0.9553568164369539,26.411545196797864,True,0,bcd6a7a58d0a949ce2833456903528da1ac1b70f0b1308e41bded388a01df395
grasu_au_insert_u8,sx_askubuntu,weighted_sssp,spine,8,insert,grasu_temporal_real_compact_file_order_slice,,2.3388066666666667,20387,163020,167030,0.9347901574567443,28.11362255826593,False,0,4600eb69e59ef8fee23194a74b6154c8ab4fbb42c783b3c699c6575b599dbd4b
grasu_bc_insert_u1,soc_bitcoin,weighted_sssp,grasu_regraph,1,insert,grasu_temporal_real_compact_file_order_slice,,4.175613333333333,111708,4835952,111708,0.9682117663909479,24.046519063224363,True,0,3a2444f52e4dd2582c9c2cec278d5cf30218d9eb7676265b12d157d4f908d534
grasu_bc_insert_u1,soc_bitcoin,weighted_sssp,spine,1,insert,grasu_temporal_real_compact_file_order_slice,,2.181913333333333,19047,151104,121890,0.9585117729100008,29.070955648213793,False,0,85317491f0a8a7f9f39a78b02a5cf481f6bc4cf7c25ec044d997893d5217ab41
grasu_bc_insert_u64,soc_bitcoin,weighted_sssp,grasu_regraph,64,insert,grasu_temporal_real_compact_file_order_slice,,4.18994,112141,4854536,112141,0.9660516670976717,24.227477155343664,True,0,db176e328fa08c3289b1de9ae4791ef8605c71f90816b69b7a759d454ca7b9d3
grasu_bc_insert_u64,soc_bitcoin,weighted_sssp,spine,64,insert,grasu_temporal_real_compact_file_order_slice,,2.39942,24582,195524,127425,0.9561938395134393,29.093018517680083,False,0,45d97d1f51b3fe9ca4f4678edfc12de600c7955ac4ac43d74586beb7e1c16744
grasu_bc_insert_u8,soc_bitcoin,weighted_sssp,grasu_regraph,8,insert,grasu_temporal_real_compact_file_order_slice,,4.176013333333334,111763,4838520,111763,0.9677800345373693,24.57300768333786,True,0,85b883fb067201ead1aa08047424c50e5461b507f73056387b501149015a8e3b
grasu_bc_insert_u8,soc_bitcoin,weighted_sssp,spine,8,insert,grasu_temporal_real_compact_file_order_slice,,2.21132,19627,156080,122470,0.9578100759369641,29.098431733215484,False,0,fcfa1417fab6809d3027558996fe273232b9a18741e8705c02b8906ff2c94e1f
grasu_so_insert_u1,sx_stackoverflow,weighted_sssp,grasu_regraph,1,insert,grasu_temporal_real_compact_file_order_slice,,5.685033333333333,223447,13066032,223447,0.9561954288936526,27.24622216180702,True,0,2a0c4e04289f55c4d8f4eba67cbdb5d890efe4b0e3c222372a4f317ba7d08029
grasu_so_insert_u1,sx_stackoverflow,weighted_sssp,spine,1,insert,grasu_temporal_real_compact_file_order_slice,,2.2442866666666665,19361,154604,172643,0.9355722502505169,27.83257009241067,False,0,9f9697b59a1e9022f77b538f8730a7ccdb9fe1bb40fbe8fd441cfcfaa322bf1e
grasu_so_insert_u64,sx_stackoverflow,weighted_sssp,grasu_regraph,64,insert,grasu_temporal_real_compact_file_order_slice,,5.7138,223972,13091456,223972,0.9551595735181183,27.1465291863872,True,0,b1c32cbac331bb5f96304a0af3ada174a9dd79f432482fbee973c31a91e5cd5b
grasu_so_insert_u64,sx_stackoverflow,weighted_sssp,spine,64,insert,grasu_temporal_real_compact_file_order_slice,,2.6498133333333334,24331,197612,177613,0.9338393023033223,27.877987849472486,False,0,5ee365ea360f9f1be086f619f9c016de0d68efab604475f0bf523c600195942d
grasu_so_insert_u8,sx_stackoverflow,weighted_sssp,grasu_regraph,8,insert,grasu_temporal_real_compact_file_order_slice,,5.6871,223499,13068464,223499,0.9557134483823194,27.279383626009082,True,0,ad3c71598ae52db3a185d6477f75bc663a399116fc982d1627618478678be3c1
grasu_so_insert_u8,sx_stackoverflow,weighted_sssp,spine,8,insert,grasu_temporal_real_compact_file_order_slice,,2.33308,20371,162716,173653,0.9349277006443886,27.821109362472903,False,0,ac8066024ab263fd7cf33e6b267e9173c8048d0963e1d5e00d9367812af11e7b
grasu_su_insert_u1,sx_superuser,weighted_sssp,grasu_regraph,1,insert,grasu_temporal_real_compact_file_order_slice,,6.381633333333333,218626,12186400,218626,0.9560482284815164,26.346357512141626,True,0,1417b9857610f00bb3aa87b4e31d3b118c2d5f4d351771aafe151b1d46546f2d
grasu_su_insert_u1,sx_superuser,weighted_sssp,spine,1,insert,grasu_temporal_real_compact_file_order_slice,,2.2816533333333333,19918,158888,174592,0.9326200513196481,27.85057645631068,False,0,37dadf43f509886041f3899a767750fa0115e2df0e46de20fb791b426b41057f
grasu_su_insert_u64,sx_superuser,weighted_sssp,grasu_regraph,64,insert,grasu_temporal_real_compact_file_order_slice,,6.4069,219168,12211792,219168,0.9551348737041904,26.3572185733289,True,0,fcb280e546ef82ebd728689c418f5afdc3c62e623bc4492e71ad5a720a84b0a2
grasu_su_insert_u64,sx_superuser,weighted_sssp,spine,64,insert,grasu_temporal_real_compact_file_order_slice,,2.6353133333333334,25636,205944,180310,0.9315068493150684,27.82511354840594,False,0,a0430313ed602a19034184c3982d317c3d5c4e0129bc493f8423e1955d45e5b8
grasu_su_insert_u8,sx_superuser,weighted_sssp,grasu_regraph,8,insert,grasu_temporal_real_compact_file_order_slice,,6.38166,218682,12188752,218682,0.9552775262710237,26.436488715368395,True,0,cd2c925f0526d3eafb4537d37dd310cd563244c324ae3c70b71233b1bf721d40
grasu_su_insert_u8,sx_superuser,weighted_sssp,spine,8,insert,grasu_temporal_real_compact_file_order_slice,,2.371573333333333,21272,169268,175946,0.9323769793004671,27.816435143424137,False,0,164e3e7b5a498e94210cc171e1d8ba8c858cfb986f4cb4b42f144c4594d1c563
grasu_wk_insert_u1,wiki_talk_temporal,weighted_sssp,grasu_regraph,1,insert,grasu_temporal_real_compact_file_order_slice,,1.2767866666666667,26898,1389280,26898,0.9440478846010856,25.403518379081387,True,0,7fd8814d39395046c485e7a47cba155f46779a330b1352b4ec31af6b1fe73e65
grasu_wk_insert_u1,wiki_talk_temporal,weighted_sssp,spine,1,insert,grasu_temporal_real_compact_file_order_slice,,2.535066666666667,22934,183216,171702,0.8983762565374894,27.137172681083896,False,0,f9ca1c1f012814365f492bd6afca1c95be88a4bd4f2d56384d927c8cbf641742
grasu_wk_insert_u64,wiki_talk_temporal,weighted_sssp,grasu_regraph,64,insert,grasu_temporal_real_compact_file_order_slice,,1.2851933333333334,27190,1400128,27190,0.9372563442442075,25.988542930314058,True,0,8801dc71d825fba7b47b18443d69b0f7f2d28590c680341602ee5024fe91dffd
grasu_wk_insert_u64,wiki_talk_temporal,weighted_sssp,spine,64,insert,grasu_temporal_real_compact_file_order_slice,,2.7517066666666667,26446,215828,175214,0.897245653886105,27.168208785710316,False,0,069336667fe43583f288b6413028251d2fc738b538c340e41a996b61f5c1abe8
grasu_wk_insert_u8,wiki_talk_temporal,weighted_sssp,grasu_regraph,8,insert,grasu_temporal_real_compact_file_order_slice,,1.2787266666666668,26935,1390696,26935,0.9423426768145535,25.597718423389576,True,0,42a6aece377dfb6708003e7b1b920b1a617dfe7cd735d21bb9c608430e75d9b4
grasu_wk_insert_u8,wiki_talk_temporal,weighted_sssp,spine,8,insert,grasu_temporal_real_compact_file_order_slice,,2.5696066666666666,23780,189976,172548,0.8979762153139996,27.140403116832676,False,0,54f04e8257642f041b4f2300948e6ea439f44dd9512babac4aa4da8f3da43310
grasu_au_insert_u1,sx_askubuntu,full_pagerank,grasu_regraph,1,insert,grasu_temporal_real_compact_file_order_slice,real_compact_slice,4.073553333333334,263089,4468272,263089,0.9017366746614264,41.32796563254279,True,0,5e9f9bb4bfe596e75de67fc990b272ada93a9c16a94f314bca7a308188c81b99
grasu_au_insert_u1,sx_askubuntu,full_pagerank,spine,1,insert,grasu_temporal_real_compact_file_order_slice,real_compact_slice,7.6949266666666665,120413,895944,120413,0.8488950528597411,33.96239307738214,True,0,1b7cd1810419603e20b4321c48a013194b9ff3e90e0dbdc7840117c0b9625efa
grasu_au_insert_u64,sx_askubuntu,full_pagerank,grasu_regraph,64,insert,grasu_temporal_real_compact_file_order_slice,real_compact_slice,4.088733333333333,263603,4484144,263603,0.901416144732799,41.37262747421336,True,0,bdaf6071c309085538b130587c6b7d69f2ffb7d9b4c42129e3e189ba508d6a4f
grasu_au_insert_u64,sx_askubuntu,full_pagerank,spine,64,insert,grasu_temporal_real_compact_file_order_slice,real_compact_slice,7.823173333333334,121872,913288,121872,0.8494321911513719,34.01765394336969,True,0,5b407b999f472a636bf50656483165c740f88016cd8d7fed50d40df5771495b9
grasu_au_insert_u8,sx_askubuntu,full_pagerank,grasu_regraph,8,insert,grasu_temporal_real_compact_file_order_slice,real_compact_slice,4.075093333333333,263151,4470504,263151,0.9020258330768266,41.35137241357935,True,0,b789f28a9c9df82437ace6618e9fccebc65a0c3ee302dae10c5c6708b3ca845c
grasu_au_insert_u8,sx_askubuntu,full_pagerank,spine,8,insert,grasu_temporal_real_compact_file_order_slice,real_compact_slice,7.71492,120657,898704,120657,0.8487116371201008,34.59000069494773,True,0,b70ca1fa2017e2ad2f4701bf57dd5924241a428aba6e1e10b176f0c7f121af99
grasu_bc_insert_u1,soc_bitcoin,full_pagerank,grasu_regraph,1,insert,grasu_temporal_real_compact_file_order_slice,real_compact_slice,5.22524,282977,4578824,282977,0.9091021531785268,39.89440362063402,True,0,87fde649b876c80b389aebab0b342bc5172ba13815c2a4265c2f579c0c9a2cc7
grasu_bc_insert_u1,soc_bitcoin,full_pagerank,spine,1,insert,grasu_temporal_real_compact_file_order_slice,real_compact_slice,10.038686666666667,194277,1076432,194277,0.9665529115644158,28.146307498996077,True,0,95990b46fe9ed9f9efcaa13ec370b457eb6a374e9dd92eaa86e719c1afd45332
grasu_bc_insert_u64,soc_bitcoin,full_pagerank,grasu_regraph,64,insert,grasu_temporal_real_compact_file_order_slice,real_compact_slice,5.2404,283500,4595608,283500,0.9079188712522046,40.10059294662665,True,0,074975a14a916d7c562dac07b3d0d5c6aa3f6c4a6f8dd4b7dc5e65fd4052e9fe
grasu_bc_insert_u64,soc_bitcoin,full_pagerank,spine,64,insert,grasu_temporal_real_compact_file_order_slice,real_compact_slice,10.193266666666668,195959,1095920,195959,0.9645129848590777,28.134826698178035,True,0,0569b7fb70ab8cbaad8daa39dac356180364013c31c60795636fc8fce2bc64e5
grasu_bc_insert_u8,soc_bitcoin,full_pagerank,grasu_regraph,8,insert,grasu_temporal_real_compact_file_order_slice,real_compact_slice,5.224633333333333,283040,4581064,283040,0.9088114754098361,40.15844046588366,True,0,321b86cdf7df1b7fe46d3ba3da56b3dfb1e09895c84435ad65a0f30003499d14
grasu_bc_insert_u8,soc_bitcoin,full_pagerank,spine,8,insert,grasu_temporal_real_compact_file_order_slice,real_compact_slice,10.064553333333334,194580,1079728,194580,0.9659780039058485,28.33127029089545,True,0,07e4de8b279f825a20b8c4b6303fff79142fbb160cf0deb83c6d7777a94584a1
grasu_so_insert_u1,sx_stackoverflow,full_pagerank,grasu_regraph,1,insert,grasu_temporal_real_compact_file_order_slice,real_compact_slice,3.7384466666666665,258057,4382264,258057,0.901262124259369,41.92997162112619,True,0,3163de0f04701b5b84803217fb3b8b474d74fae61ec53f18e17500c65da5c3f1
grasu_so_insert_u1,sx_stackoverflow,full_pagerank,spine,1,insert,grasu_temporal_real_compact_file_order_slice,real_compact_slice,6.173313333333334,102664,814840,102664,0.9549501285747681,28.296238460478573,True,0,255a5287588f7ae9dba17629f7857b76fa5b3265f784033de5c038a90021aae8
grasu_so_insert_u64,sx_stackoverflow,full_pagerank,grasu_regraph,64,insert,grasu_temporal_real_compact_file_order_slice,real_compact_slice,3.75266,258524,4396416,258524,0.8999473936655784,41.71172270426609,True,0,acaf8f75c49b0cbc9303d30e5b4c102dbb9fd610715a676dca397b4c99f5f180
grasu_so_insert_u64,sx_stackoverflow,full_pagerank,spine,64,insert,grasu_temporal_real_compact_file_order_slice,real_compact_slice,6.293033333333333,104033,830976,104033,0.953966529851105,28.091816593688318,True,0,290b21c5cc2c947c1a42c41f4c5c519f9dda93e70f4454e11af2fe78a561b34e
grasu_so_insert_u8,sx_stackoverflow,full_pagerank,grasu_regraph,8,insert,grasu_temporal_real_compact_file_order_slice,real_compact_slice,3.7400466666666667,258107,4383728,258107,0.900211927611417,41.80944450729721,True,0,1009e83f507aefe1396de61c1565fcf1a8be941ebf020673e3605a58ceca2e2c
grasu_so_insert_u8,sx_stackoverflow,full_pagerank,spine,8,insert,grasu_temporal_real_compact_file_order_slice,real_compact_slice,6.1867399999999995,102835,816784,102835,0.9547916565371712,27.569569603998993,True,0,0e90dcdb42533aeb17d5f8263a6cf100832f61727e4142a4930ab3fbfebc59c2
grasu_su_insert_u1,sx_superuser,full_pagerank,grasu_regraph,1,insert,grasu_temporal_real_compact_file_order_slice,real_compact_slice,4.096653333333333,263010,4494184,263010,0.9015512718147599,41.378927084256226,True,0,9ddc04560046da1f1696e0d1e8b406e61bba535dbd2d53f3dadc0bdfdcf14a1a
grasu_su_insert_u1,sx_superuser,full_pagerank,spine,1,insert,grasu_temporal_real_compact_file_order_slice,real_compact_slice,7.881006666666668,120136,918592,120136,0.851767996270893,33.45489861004858,True,0,5965cc4aa79ea88cd2bb01dc0def4c05440db69fba4488ad5588e3d997cdb852
grasu_su_insert_u64,sx_superuser,full_pagerank,grasu_regraph,64,insert,grasu_temporal_real_compact_file_order_slice,real_compact_slice,4.11002,263503,4508880,263503,0.9013749369077392,41.45389129925212,True,0,3aaf0e1cba69a723db44b7d47d5b9418c80011f4835dfea46ec19d05654f4f84
grasu_su_insert_u64,sx_superuser,full_pagerank,spine,64,insert,grasu_temporal_real_compact_file_order_slice,real_compact_slice,8.001513333333333,121538,935072,121538,0.8519393111619411,33.48544328680951,True,0,0f9c7ee5da0c0c2437e1f2793d55daa663281b080781e534c9f2df3139f55533
grasu_su_insert_u8,sx_superuser,full_pagerank,grasu_regraph,8,insert,grasu_temporal_real_compact_file_order_slice,real_compact_slice,4.0985933333333335,263066,4495696,263066,0.9013251427398448,41.41517481464422,True,0,8e97b0a276f4be0223308b33e085b492cdf518cdf5dc1b9046cf737c26d2d09d
grasu_su_insert_u8,sx_superuser,full_pagerank,spine,8,insert,grasu_temporal_real_compact_file_order_slice,real_compact_slice,7.892933333333333,120299,920416,120299,0.8514783996541949,33.74511769142222,True,0,55825fad8c16f23be56cda4003afaa0eb49aad05122b94062266e0c598f5ceac
grasu_wk_insert_u1,wiki_talk_temporal,full_pagerank,grasu_regraph,1,insert,grasu_temporal_real_compact_file_order_slice,real_compact_slice,5.43932,278780,5048968,278780,0.9012805796685559,40.406722173386626,True,0,add753e488a61bcb89d5ac110c56375cc856d0c7c4f1f052ded6f9204f68da62
grasu_wk_insert_u1,wiki_talk_temporal,full_pagerank,spine,1,insert,grasu_temporal_real_compact_file_order_slice,real_compact_slice,12.720606666666667,174337,1399144,174337,0.9469131624382661,27.380866575535396,True,0,822071ceddc62a0cfba4ffdeed8aba8d60a7525511d686010c2ac632cf80317d
grasu_wk_insert_u64,wiki_talk_temporal,full_pagerank,grasu_regraph,64,insert,grasu_temporal_real_compact_file_order_slice,real_compact_slice,5.457526666666667,279250,5063648,279250,0.9008093106535363,40.298849765647,True,0,8058b9bd4e504c0a96f13555e5b3f24b2e429d3610ff384e7d6104d4ce43eafd
grasu_wk_insert_u64,wiki_talk_temporal,full_pagerank,spine,64,insert,grasu_temporal_real_compact_file_order_slice,real_compact_slice,12.852326666666666,175866,1417072,175866,0.946988047718149,27.371515840512814,True,0,8a7a087900d3b3a40a79df3a7c206187e8830c4c9e05067e0c9c3c13c7543d0e
grasu_wk_insert_u8,wiki_talk_temporal,full_pagerank,grasu_regraph,8,insert,grasu_temporal_real_compact_file_order_slice,real_compact_slice,5.44288,278843,5051208,278843,0.9009657764405059,40.453418234730805,True,0,41e8538ef2f6e83bf14f53c6a353096a7131500b22ce2148479a218216d153fa
grasu_wk_insert_u8,wiki_talk_temporal,full_pagerank,spine,8,insert,grasu_temporal_real_compact_file_order_slice,real_compact_slice,12.741506666666666,174628,1402280,174628,0.9465206037977872,27.46443416581075,True,0,d77bd8275667c261ceb4b90412eac37272e3b9fce8994a7bafec1570a6092d08
grasu_au_insert_u1,sx_askubuntu,thresholded_residual_pagerank,grasu_regraph,1,insert,grasu_temporal_real_compact_file_order_slice,,109.94126,8127161,169677632,8127161,0.9657566769010728,31.28368594959587,True,0,e1bbc74d87f8afd41ed8252ab1f4493d65a397d509d9b19d5c399f97634d8eda
grasu_au_insert_u1,sx_askubuntu,thresholded_residual_pagerank,spine,1,insert,grasu_temporal_real_compact_file_order_slice,,155.78645999999998,3372471,22022464,3372471,0.828719060890368,36.19325069663005,True,0,588c1184849592d27d55b2d2b87fb207ed35ed00150a23e196e09ffb6bc9e3cd
grasu_au_insert_u64,sx_askubuntu,thresholded_residual_pagerank,grasu_regraph,64,insert,grasu_temporal_real_compact_file_order_slice,,112.75681999999999,8321481,173850960,8321481,0.9655596161308305,31.25546220827242,True,0,a83b1af45bb1aef350b681e986a0fdb0d10c5b8d9c531e1886f65c29e6a3603e
grasu_au_insert_u64,sx_askubuntu,thresholded_residual_pagerank,spine,64,insert,grasu_temporal_real_compact_file_order_slice,,157.41864,3404235,22273488,3404235,0.8298771970795201,35.99291731359284,True,0,98906460356259e337111aa74a81754e1c9e442e1149d333cc774b7df2a72c46
grasu_au_insert_u8,sx_askubuntu,thresholded_residual_pagerank,grasu_regraph,8,insert,grasu_temporal_real_compact_file_order_slice,,113.84249333333334,8414536,175698704,8414536,0.96566857637783,31.284819069747428,True,0,adaefee19f15aad709f47c46d05940b71654506a104c066e6816d7e74e310fd6
grasu_au_insert_u8,sx_askubuntu,thresholded_residual_pagerank,spine,8,insert,grasu_temporal_real_compact_file_order_slice,,156.53756666666666,3397818,22152320,3397818,0.8297498571141833,36.181279448214234,True,0,d45ca9487add67b7d7d4f3d920e58df164a0f60ca452900728d7d39908648854
grasu_bc_insert_u1,soc_bitcoin,thresholded_residual_pagerank,grasu_regraph,1,insert,grasu_temporal_real_compact_file_order_slice,,130.65671333333333,7932174,155846232,7932174,0.9686277683772444,30.519657359887255,True,0,e59a784098fb9711b45eda41b068998bd4eee613c9f34d72b7d0c1bed4dcf873
grasu_bc_insert_u1,soc_bitcoin,thresholded_residual_pagerank,spine,1,insert,grasu_temporal_real_compact_file_order_slice,,243.93265333333332,6765826,32832328,6765826,0.9725195415903395,30.73707202564595,True,0,2d5cb31cfbb06a318af45e241b6da99269e1e47b2956318ad631dc713e478b60
grasu_bc_insert_u64,soc_bitcoin,thresholded_residual_pagerank,grasu_regraph,64,insert,grasu_temporal_real_compact_file_order_slice,,130.91526000000002,7935397,156035816,7935397,0.9683662959773783,30.50665855371637,True,0,7c90b18afbe7b33e6ea505fea9bd82c528b5ca43b6754fd961a1e92ecdced315
grasu_bc_insert_u64,soc_bitcoin,thresholded_residual_pagerank,spine,64,insert,grasu_temporal_real_compact_file_order_slice,,246.03647333333333,6788962,33082088,6788962,0.9713487864566042,30.74118034882125,True,0,462f962adecd4e787a2b4dfe9394bae99124e035a76917242a8b1a0ffb63a9d6
grasu_bc_insert_u8,soc_bitcoin,thresholded_residual_pagerank,grasu_regraph,8,insert,grasu_temporal_real_compact_file_order_slice,,130.69976666666665,7932687,155877272,7932687,0.9684941558894231,30.504705169230835,True,0,3bc64bfc5a26829b6df6a0b9be182b681cb3e8110aa93a0a022e1d7bbeddaa22
grasu_bc_insert_u8,soc_bitcoin,thresholded_residual_pagerank,spine,8,insert,grasu_temporal_real_compact_file_order_slice,,244.34508,6770360,32879576,6770360,0.9722019213158533,30.717982823793633,True,0,ad2c632894946a84497703c46b6473cc1ac8dc2b6851cccb0216c6f2e0aaded0
grasu_so_insert_u1,sx_stackoverflow,thresholded_residual_pagerank,grasu_regraph,1,insert,grasu_temporal_real_compact_file_order_slice,,114.62416,9122613,191541752,9122613,0.9660055731839112,31.444031688899845,True,0,7005e6c576cc92a23b195e34a8b4c62c5c5284f668fe68c3f4ac27b4883cbb46
grasu_so_insert_u1,sx_stackoverflow,thresholded_residual_pagerank,spine,1,insert,grasu_temporal_real_compact_file_order_slice,,108.80511333333332,2606446,18634792,2606446,0.9691557009046035,28.73739657209009,True,0,ba5e5c4eb34c16139b3869d3335ab20e6f242400c6aea75a5e5d9cdfed4485cf
grasu_so_insert_u64,sx_stackoverflow,thresholded_residual_pagerank,grasu_regraph,64,insert,grasu_temporal_real_compact_file_order_slice,,123.11992,9783690,205524256,9783690,0.9658526588638847,31.44903973996005,True,0,035a37e50793d72a0d525b1e3fb4b15251b152133625a3a240faafc71a4f0141
grasu_so_insert_u64,sx_stackoverflow,thresholded_residual_pagerank,spine,64,insert,grasu_temporal_real_compact_file_order_slice,,110.52722,2652560,18927128,2652560,0.969103055161806,28.706563848232115,True,0,5f70736b47efc5e4aedf5cdcf306c1dfb3831e054a26f4b151b2b6f6939fb262
grasu_so_insert_u8,sx_stackoverflow,thresholded_residual_pagerank,grasu_regraph,8,insert,grasu_temporal_real_compact_file_order_slice,,118.19051999999999,9404980,197478352,9404980,0.9659202890383606,31.46332557847277,True,0,7129862da56fc4be3033c2442abeb69388f783de0926a866a3ff56af7a91db57
grasu_so_insert_u8,sx_stackoverflow,thresholded_residual_pagerank,spine,8,insert,grasu_temporal_real_compact_file_order_slice,,109.33096666666667,2623357,18725436,2623357,0.968920356627024,28.725638387279528,True,0,4af40f47391f1fbdb307b58f55aa9d3f2a5e4b8ffcc4c4b9b3619d87ca5197e4
grasu_su_insert_u1,sx_superuser,thresholded_residual_pagerank,grasu_regraph,1,insert,grasu_temporal_real_compact_file_order_slice,,117.10958666666667,8604118,180519848,8604118,0.9658215984485569,31.271732739041052,True,0,81b3b3e02d548c84e9ee0bdbc119535b4e58f10c0ee91710ffb45d8e47c10252
grasu_su_insert_u1,sx_superuser,thresholded_residual_pagerank,spine,1,insert,grasu_temporal_real_compact_file_order_slice,,158.23808,3319500,22284072,3319500,0.8335592709745444,35.685007173123,True,0,73e1e10a405174fee3ea69b7959768ef48dea02712a27f2738dfafeae63f0159
grasu_su_insert_u64,sx_superuser,thresholded_residual_pagerank,grasu_regraph,64,insert,grasu_temporal_real_compact_file_order_slice,,125.11674000000001,9180476,192713680,9180476,0.9656962231587992,31.259757489075966,True,0,890fed6c7a39443c3789e98049564c84d1a9aed238dab8d475e033d2a268896b
grasu_su_insert_u64,sx_superuser,thresholded_residual_pagerank,spine,64,insert,grasu_temporal_real_compact_file_order_slice,,160.51892,3384458,22688836,3384458,0.8357406119384552,35.599330040573705,True,0,96914ff0e596f2a575d4f45be036b4517641e09f7547b12dfccf4e380d445350
grasu_su_insert_u8,sx_superuser,thresholded_residual_pagerank,grasu_regraph,8,insert,grasu_temporal_real_compact_file_order_slice,,122.29984666666667,8986716,188553232,8986716,0.9656555297841837,31.285313314173674,True,0,104f258d07e99a64164ef375229a6795b55c733e4e72fb46e483ade3242406f3
grasu_su_insert_u8,sx_superuser,thresholded_residual_pagerank,spine,8,insert,grasu_temporal_real_compact_file_order_slice,,158.89926,3348681,22416504,3348681,0.8347558337148269,35.5948725521059,True,0,75c49078eed8a4e82f314b5c0fd8b95a953a67da1cd02948294047eef9ca0a08
grasu_wk_insert_u1,wiki_talk_temporal,thresholded_residual_pagerank,grasu_regraph,1,insert,grasu_temporal_real_compact_file_order_slice,,197.47512666666665,11372147,245958056,11372147,0.9621114640885314,30.85059050877147,True,0,b527d58dee4a94334d67808d048bd3b7c8fcbb09075897643f12250514360200
grasu_wk_insert_u1,wiki_talk_temporal,thresholded_residual_pagerank,spine,1,insert,grasu_temporal_real_compact_file_order_slice,,270.8212,5293764,35436544,5293764,0.9631362486125185,29.098423673476912,True,0,d593c5d84fa933464d0cd227063cbc908b9c24e3abdc49ebefedf9ed1e9cec90
grasu_wk_insert_u64,wiki_talk_temporal,thresholded_residual_pagerank,grasu_regraph,64,insert,grasu_temporal_real_compact_file_order_slice,,182.15199333333334,10469645,226560688,10469645,0.9616461685186078,30.858734541501562,True,0,5dbe696fcc331e30cc2fbe6907d9fdd98377d1f496aa428813dc431d702e893e
grasu_wk_insert_u64,wiki_talk_temporal,thresholded_residual_pagerank,spine,64,insert,grasu_temporal_real_compact_file_order_slice,,270.01077333333336,5200760,35164100,5200760,0.962840046454749,29.042840843325447,True,0,14bece75f439be5096f41b65ea7535b08416207f889270c214c099cd3f88beb4
grasu_wk_insert_u8,wiki_talk_temporal,thresholded_residual_pagerank,grasu_regraph,8,insert,grasu_temporal_real_compact_file_order_slice,,183.58595333333332,10567846,228594920,10567846,0.961963961246218,30.842538766699885,True,0,8ed065df8131a645c9e7b450e53c1571778f13807878c8543809e1aa0e882977
grasu_wk_insert_u8,wiki_talk_temporal,thresholded_residual_pagerank,spine,8,insert,grasu_temporal_real_compact_file_order_slice,,269.4654533333333,5200408,35077752,5200408,0.9624108339191848,29.122682829347188,True,0,b4dd9f7930a6bb08deeed322f2e962227ad47c28e3f6658bfba19908b022b943
