run_id,dataset_id,scenario,user_mutations,physical_records,spine_e2e_ms,grasu_e2e_ms,spine_speedup_over_grasu_e2e,spine_update_ms,grasu_update_ms,spine_speedup_over_grasu_update,spine_compute_ms,grasu_compute_ms,spine_speedup_over_grasu_compute,grasu_to_spine_backend_request_ratio,grasu_to_spine_backend_byte_ratio,grasu_to_spine_update_request_ratio,grasu_to_spine_update_byte_ratio,grasu_to_spine_compute_request_ratio,grasu_to_spine_compute_byte_ratio,cross_system_max_abs_rank_difference,cross_system_ranks_match,dram_energy_ratio_valid,dram_energy_ratio_reason,claim_label,spine_dram_row_hit_rate,grasu_dram_row_hit_rate,spine_dram_average_read_latency,grasu_dram_average_read_latency,grasu_to_spine_dram_request_ratio,spine_dram_activates,grasu_dram_activates
grasu_au_delete_u8,sx_askubuntu,delete,8,8,9.792926666666666,3.0824266666666666,0.31476051762530644,2.202566666666667,0.0016466666666666667,0.0007476126337454788,7.5903599999999996,3.08078,0.4058806169931334,0.5486321419536699,3.528275251942457,0.0031573962005999054,0.008600797147052653,0.6354816006434748,4.1333234164548065,9.999999999940612e-09,True,False,active-channel DRAM only; on-chip and idle-channel energy excluded,profile_clock_adjusted_real_compact_execution_driven,0.7868671171985111,0.947553553078808,34.70864320505137,25.711013170706707,0.5486321419536699,28677,3926
grasu_au_insert_u8,sx_askubuntu,insert,8,8,9.849833333333335,3.0830533333333334,0.31300563461310676,2.2047133333333333,0.0015133333333333333,0.000686408210288866,7.64512,3.08154,0.4030728098447114,0.547755626267218,3.5216662060918695,0.002625912504595347,0.008059873344847437,0.6345796737766625,4.1255835919579,1.0000000000374293e-08,True,False,active-channel DRAM only; on-chip and idle-channel energy excluded,profile_clock_adjusted_real_compact_execution_driven,0.7883773116580441,0.9475854256131939,35.038100133995165,25.714838346057284,0.547755626267218,29446,3926
grasu_au_mixed_u8,sx_askubuntu,mixed,8,8,9.839346666666668,3.0818266666666667,0.3132145630265424,2.204133333333333,0.0016133333333333334,0.0007319581392535238,7.635213333333334,3.080213333333333,0.40342203928814035,0.5482153948375728,3.5251890620676933,0.0028907810364764007,0.008328095537397863,0.6350848990254194,4.129958387375702,9.999999999940612e-09,True,False,active-channel DRAM only; on-chip and idle-channel energy excluded,profile_clock_adjusted_real_compact_execution_driven,0.7881873727087576,0.9475805920402598,34.99216344572195,25.808594050272887,0.5482153948375728,29426,3922
grasu_bc_delete_u8,soc_bitcoin,delete,8,8,10.412693333333333,6.478046666666667,0.6221297851852611,2.11262,0.0017466666666666668,0.0008267774927183623,8.300073333333334,6.4763,0.7802702144800328,0.5905941825232075,3.504251911175828,0.004157770536015282,0.009964731568045681,0.6488291515323971,4.026638881217203,0.0,True,False,active-channel DRAM only; on-chip and idle-channel energy excluded,profile_clock_adjusted_real_compact_execution_driven,0.9559806523978948,0.9557247578697696,28.642240254574382,24.059169885384296,0.5905941825232075,8599,5094
grasu_bc_insert_u8,soc_bitcoin,insert,8,8,10.440493333333334,6.478560000000001,0.6205224018788384,2.116026666666667,0.0016133333333333334,0.0007624352560144169,8.324466666666668,6.476946666666667,0.7780614573906636,0.5897778994211802,3.49665901629819,0.0030812324929971988,0.008875244208763606,0.6481376220409255,4.0183603436615485,0.0,True,False,active-channel DRAM only; on-chip and idle-channel energy excluded,profile_clock_adjusted_real_compact_execution_driven,0.9555139940597471,0.9557759405991647,28.293198342485255,24.073526081376915,0.5897778994211802,8721,5088
grasu_bc_mixed_u8,soc_bitcoin,mixed,8,8,10.425546666666667,6.478560000000001,0.6214120186823138,2.1132999999999997,0.0014933333333333333,0.000706635751352545,8.312246666666667,6.4770666666666665,0.7792197376240839,0.5902063424432407,3.5009018312993643,0.003367003367003367,0.009169695275370423,0.6485211456102784,4.022999172330767,0.0,True,False,active-channel DRAM only; on-chip and idle-channel energy excluded,profile_clock_adjusted_real_compact_execution_driven,0.9557641974557185,0.9557830144897643,28.699479723197477,24.03585897984348,0.5902063424432407,8663,5092
grasu_so_delete_u8,sx_stackoverflow,delete,8,8,8.15714,2.2996866666666667,0.2819231577080529,2.1916866666666666,0.0014333333333333333,0.0006539864275002814,5.9654533333333335,2.2982533333333333,0.38526046637416766,0.5627026119089611,3.7914398728827883,0.0026522384892849566,0.00814082571232225,0.6680536430581333,4.511453837563758,9.999999999940612e-09,True,False,active-channel DRAM only; on-chip and idle-channel energy excluded,profile_clock_adjusted_real_compact_execution_driven,0.871294196691022,0.9490156863330398,30.051256776737308,26.478038577736463,0.5627026119089611,15022,3361
grasu_so_insert_u8,sx_stackoverflow,insert,8,8,8.171513333333333,2.30152,0.2816516238934118,2.1933066666666665,0.0015466666666666667,0.0007051757468175906,5.978206666666667,2.2999733333333334,0.3847263003063349,0.5619836790150378,3.7860856062651904,0.002649146974674155,0.008131798500369627,0.6671748423160853,4.5047309106249624,1.0000000000374293e-08,True,False,active-channel DRAM only; on-chip and idle-channel energy excluded,profile_clock_adjusted_real_compact_execution_driven,0.8732984995764596,0.9488262420344143,30.137454159428682,26.650380057755502,0.5619836790150378,15079,3365
grasu_so_mixed_u8,sx_stackoverflow,mixed,8,8,8.16486,2.2991866666666665,0.28159535701367405,2.1929133333333333,0.0014333333333333333,0.0006536206021213788,5.971946666666667,2.297753333333333,0.3847578455712933,0.5624165806240399,3.789565276158616,0.0025449339907746144,0.008030855391768373,0.6677338280174735,4.509276297927539,9.999999999940612e-09,True,False,active-channel DRAM only; on-chip and idle-channel energy excluded,profile_clock_adjusted_real_compact_execution_driven,0.872950716462263,0.9489693876028,29.994793628715215,26.649921976161227,0.5624165806240399,15059,3366
grasu_su_delete_u8,sx_superuser,delete,8,8,10.353453333333334,3.0374133333333333,0.2933720021274705,2.226906666666667,0.0015466666666666667,0.0006945359182842567,8.126546666666666,3.0358666666666667,0.3735740150387783,0.5350297657104699,3.4092200518046774,0.0029044136714900678,0.008270443502532823,0.6194838868996172,3.9756204643475117,1.0000000000157452e-08,True,False,active-channel DRAM only; on-chip and idle-channel energy excluded,profile_clock_adjusted_real_compact_execution_driven,0.7829447451799441,0.9471014685184693,35.128853226897135,25.86803351199459,0.5350297657104699,30663,3931
grasu_su_insert_u8,sx_superuser,insert,8,8,10.36128,3.0374133333333333,0.29315039583268987,2.227333333333333,0.0017333333333333335,0.0007782101167315177,8.133946666666667,3.0356799999999997,0.37321120046685,0.5345663328672917,3.4058943209294097,0.0030045586406962288,0.008363448631905008,0.6189524584906125,3.971828079046489,9.999999999940612e-09,True,False,active-channel DRAM only; on-chip and idle-channel energy excluded,profile_clock_adjusted_real_compact_execution_driven,0.7828435164616793,0.9468415602347255,35.00542117057738,25.86704645960148,0.5345663328672917,30713,3938
grasu_su_mixed_u8,sx_superuser,mixed,8,8,10.326106666666666,3.036913333333333,0.29410051933093856,2.226906666666667,0.0015733333333333333,0.0007065106754960542,8.099200000000002,3.03534,0.3747703476886606,0.5348454076777777,3.4078412569616052,0.0031105811602467727,0.008473700527022838,0.6192392189775616,3.9739783669360045,9.999999999940612e-09,True,False,active-channel DRAM only; on-chip and idle-channel energy excluded,profile_clock_adjusted_real_compact_execution_driven,0.7822144267230973,0.9469183993202156,34.44828126288022,25.862271710286695,0.5348454076777777,30142,3937
grasu_wk_delete_u8,wiki_talk_temporal,delete,8,8,19.05442,5.14498,0.2700150411295647,2.4767866666666665,0.0014333333333333333,0.0005787068190504902,16.577633333333335,5.1435466666666665,0.31027026374894684,0.4359186003117248,2.3478853068571506,0.002227965421976651,0.0068423157239969785,0.4833214009146564,2.603880013992537,6.999999999993123e-07,True,False,active-channel DRAM only; on-chip and idle-channel energy excluded,profile_clock_adjusted_real_compact_execution_driven,0.8209514192259566,0.932246920543475,30.901512667772963,25.063582610925057,0.4359186003117248,40836,6665
grasu_wk_insert_u8,wiki_talk_temporal,insert,8,8,19.090200000000003,5.14838,0.2696870645671601,2.48334,0.0016466666666666667,0.000663085468226931,16.60686,5.146733333333334,0.30991610294380356,0.43536910956892283,2.34422101766043,0.0022671704823294067,0.006870262842959089,0.4827535893544998,2.599959262654038,6.000000000033756e-07,True,False,active-channel DRAM only; on-chip and idle-channel energy excluded,profile_clock_adjusted_real_compact_execution_driven,0.8207125728289413,0.9321108862238066,30.935717019904907,25.192458633007096,0.43536910956892283,40930,6676
grasu_wk_mixed_u8,wiki_talk_temporal,mixed,8,8,19.073433333333334,5.147713333333333,0.2698891826851659,2.4787133333333333,0.0014666666666666667,0.0005917048361112082,16.59472,5.146246666666666,0.3101134979479417,0.4356644583863467,2.3461567071116343,0.002314608742099172,0.006923793883982069,0.48304812521901647,2.6019950487840395,5.000000000005e-07,True,False,active-channel DRAM only; on-chip and idle-channel energy excluded,profile_clock_adjusted_real_compact_execution_driven,0.8210283859079542,0.932286683920605,30.89116935483871,25.174364396597298,0.4356644583863467,40820,6671
