run_id,dataset_id,algorithm,system,e2e_ms,aligned_backend_requests,aligned_backend_bytes,dram_full_window_requests,dram_row_hit_rate,dram_average_read_latency,dram_physical_window_aligned,correctness_mismatches,raw_result_sha256,batch_size,scenario,dataset_kind,input_scope,update_pattern,claim_class,profile_id,core_mhz,vertices,initial_edges,final_edges,user_mutations,physical_records,e2e_cycles,update_cycles,update_ms,compute_cycles,compute_ms,user_mutations_per_second_update,physical_records_per_second_update,backend_nominal_64b_bytes,update_backend_nominal_64b_bytes,compute_backend_nominal_64b_bytes,backend_requests,backend_bytes,backend_read_requests,backend_read_bytes,backend_write_requests,backend_write_bytes,backend_first_requests,backend_first_bytes,backend_contiguous_requests,backend_contiguous_bytes,backend_repeated_requests,backend_repeated_bytes,backend_discontinuous_requests,backend_discontinuous_bytes,backend_classified_requests,backend_classified_bytes,backend_contiguous_request_ratio,backend_repeated_request_ratio,backend_discontinuous_request_ratio,backend_contiguous_byte_ratio,backend_repeated_byte_ratio,backend_discontinuous_byte_ratio,update_backend_requests,update_backend_bytes,update_backend_read_requests,update_backend_read_bytes,update_backend_write_requests,update_backend_write_bytes,update_backend_first_requests,update_backend_first_bytes,update_backend_contiguous_requests,update_backend_contiguous_bytes,update_backend_repeated_requests,update_backend_repeated_bytes,update_backend_discontinuous_requests,update_backend_discontinuous_bytes,update_backend_classified_requests,update_backend_classified_bytes,update_backend_contiguous_request_ratio,update_backend_repeated_request_ratio,update_backend_discontinuous_request_ratio,update_backend_contiguous_byte_ratio,update_backend_repeated_byte_ratio,update_backend_discontinuous_byte_ratio,compute_backend_requests,compute_backend_bytes,compute_backend_read_requests,compute_backend_read_bytes,compute_backend_write_requests,compute_backend_write_bytes,compute_backend_first_requests,compute_backend_first_bytes,compute_backend_contiguous_requests,compute_backend_contiguous_bytes,compute_backend_repeated_requests,compute_backend_repeated_bytes,compute_backend_discontinuous_requests,compute_backend_discontinuous_bytes,compute_backend_classified_requests,compute_backend_classified_bytes,compute_backend_contiguous_request_ratio,compute_backend_repeated_request_ratio,compute_backend_discontinuous_request_ratio,compute_backend_contiguous_byte_ratio,compute_backend_repeated_byte_ratio,compute_backend_discontinuous_byte_ratio,axis_push_stalls,dram_reads,dram_writes,dram_activates,dram_precharges,dram_energy_pj,dram_window_scope,host_wall_seconds,rank_vector_sha256,raw_result_path,dram_controller_channels,dram_read_row_hits,dram_write_row_hits,dram_average_write_latency,dram_write_latency_coverage
grasu_au_insert_u8,sx_askubuntu,weighted_sssp,grasu_regraph,6.30544,218824,12094688,218824,0.9553568164369539,26.411545196797864,True,0,e01c626f6ed141f80a8dc3b10a650ebf226e259b7fba6b9f8f8ee275113e9f1a,8,insert,,,,,,,,,,,,,,,,,,,,,,,,,,,,,,,,,,,,,,,,,,,,,,,,,,,,,,,,,,,,,,,,,,,,,,,,,,,,,,,,,,,,,,,,,,,,,,,,,,,,,,
grasu_au_insert_u8,sx_askubuntu,weighted_sssp,spine,2.3404200000000004,20392,163060,177223,0.9007747301422502,29.038149716574654,False,0,7d589b80147d137cfe62a9b27cd420efa50ec06f6a1ea782c6ef8415edce9c0a,8,insert,,,,,,,,,,,,,,,,,,,,,,,,,,,,,,,,,,,,,,,,,,,,,,,,,,,,,,,,,,,,,,,,,,,,,,,,,,,,,,,,,,,,,,,,,,,,,,,,,,,,,,
grasu_bc_insert_u8,soc_bitcoin,weighted_sssp,grasu_regraph,4.176013333333334,111763,4838520,111763,0.9677800345373693,24.57300768333786,True,0,ce0ee55b2233dbf5a79b387789aadd3e8c3189d55b59c33b475b6fdf8c0a8f8e,8,insert,,,,,,,,,,,,,,,,,,,,,,,,,,,,,,,,,,,,,,,,,,,,,,,,,,,,,,,,,,,,,,,,,,,,,,,,,,,,,,,,,,,,,,,,,,,,,,,,,,,,,,
grasu_bc_insert_u8,soc_bitcoin,weighted_sssp,spine,2.21288,19615,155984,123373,0.9522829144140128,29.277586084654835,False,0,ce8d7f333e1d3ef2352a7019fdcc0664a0f4e959de09700f4739dcb36a169cab,8,insert,,,,,,,,,,,,,,,,,,,,,,,,,,,,,,,,,,,,,,,,,,,,,,,,,,,,,,,,,,,,,,,,,,,,,,,,,,,,,,,,,,,,,,,,,,,,,,,,,,,,,,
grasu_so_insert_u8,sx_stackoverflow,weighted_sssp,grasu_regraph,5.6871,223499,13068464,223499,0.9557134483823194,27.279383626009082,True,0,2003e2bbd820df4888a927581818b6b3998e31f2549c6dddd048e6b0e234f203,8,insert,,,,,,,,,,,,,,,,,,,,,,,,,,,,,,,,,,,,,,,,,,,,,,,,,,,,,,,,,,,,,,,,,,,,,,,,,,,,,,,,,,,,,,,,,,,,,,,,,,,,,,
grasu_so_insert_u8,sx_stackoverflow,weighted_sssp,spine,2.3337466666666664,20370,162708,185794,0.8960407763436925,29.275303202609482,False,0,defd7a1f183d64ec56e88ccdf875c57331223137c98dc102d133019caa5bec26,8,insert,,,,,,,,,,,,,,,,,,,,,,,,,,,,,,,,,,,,,,,,,,,,,,,,,,,,,,,,,,,,,,,,,,,,,,,,,,,,,,,,,,,,,,,,,,,,,,,,,,,,,,
grasu_su_insert_u8,sx_superuser,weighted_sssp,grasu_regraph,6.38166,218682,12188752,218682,0.9552775262710237,26.436488715368395,True,0,a633056474b8f8aff04713f7a18618607f6efdc53d58ef738812fdfd68ec01c3,8,insert,,,,,,,,,,,,,,,,,,,,,,,,,,,,,,,,,,,,,,,,,,,,,,,,,,,,,,,,,,,,,,,,,,,,,,,,,,,,,,,,,,,,,,,,,,,,,,,,,,,,,,
grasu_su_insert_u8,sx_superuser,weighted_sssp,spine,2.3744533333333333,21277,169308,189153,0.8921613720110175,28.892846641456792,False,0,0ef8d2669b3015962217e6c113400d27eca51640aac6b961cb3fa8a24a077ce9,8,insert,,,,,,,,,,,,,,,,,,,,,,,,,,,,,,,,,,,,,,,,,,,,,,,,,,,,,,,,,,,,,,,,,,,,,,,,,,,,,,,,,,,,,,,,,,,,,,,,,,,,,,
grasu_wk_insert_u8,wiki_talk_temporal,weighted_sssp,grasu_regraph,1.2787266666666668,26935,1390696,26935,0.9423426768145535,25.597718423389576,True,0,a30c3a07d4944a532e04295cc8f8574f6a096e5ec3c2a42c2a5eb7f4de0c36e9,8,insert,,,,,,,,,,,,,,,,,,,,,,,,,,,,,,,,,,,,,,,,,,,,,,,,,,,,,,,,,,,,,,,,,,,,,,,,,,,,,,,,,,,,,,,,,,,,,,,,,,,,,,
grasu_wk_insert_u8,wiki_talk_temporal,weighted_sssp,spine,2.5735933333333336,23765,189856,190364,0.8526769767392994,28.70748145371739,False,0,10e9b75d02e029c692ec43ed08feafd063c979bdcc8c024e23dfc65a26511181,8,insert,,,,,,,,,,,,,,,,,,,,,,,,,,,,,,,,,,,,,,,,,,,,,,,,,,,,,,,,,,,,,,,,,,,,,,,,,,,,,,,,,,,,,,,,,,,,,,,,,,,,,,
grasu_au_insert_u8,sx_askubuntu,full_pagerank,grasu_regraph,3.0830533333333334,75914,3670196,75914,0.9475854256131939,25.714838346057284,True,0,b15ca5f35835a6f1740798756cb74dfc99f869040e25c673fbc3abd62f8e0d35,8,insert,,,,,,,,,,,,,,,,,,,,,,,,,,,,,,,,,,,,,,,,,,,,,,,,,,,,,,,,,,,,,,,,,,,,,,,,,,,,,,,,,,,,,,,,,,,,,,,,,,,,,,
grasu_au_insert_u8,sx_askubuntu,full_pagerank,spine,9.849833333333335,138591,1042176,138591,0.7883773116580441,35.038100133995165,True,0,9b30d599ef5dbdf20f674d05c75f805319fa88d35dd25bf515f41e4f346100a2,8,insert,,,,,,,,,,,,,,,,,,,,,,,,,,,,,,,,,,,,,,,,,,,,,,,,,,,,,,,,,,,,,,,,,,,,,,,,,,,,,,,,,,,,,,,,,,,,,,,,,,,,,,
grasu_bc_insert_u8,soc_bitcoin,full_pagerank,grasu_regraph,6.478560000000001,116362,3851472,116362,0.9557759405991647,24.073526081376915,True,0,e04eb76b1988e2b3db8af076f7ce54929eb56cbf79697c27f15ca422a6bed7d5,8,insert,,,,,,,,,,,,,,,,,,,,,,,,,,,,,,,,,,,,,,,,,,,,,,,,,,,,,,,,,,,,,,,,,,,,,,,,,,,,,,,,,,,,,,,,,,,,,,,,,,,,,,
grasu_bc_insert_u8,soc_bitcoin,full_pagerank,spine,10.440493333333334,197298,1101472,197298,0.9555139940597471,28.293198342485255,True,0,d4387b1c92ca7bf6796d05a2c22082b77f3092db28d15dfea7263e452d7ac2e8,8,insert,,,,,,,,,,,,,,,,,,,,,,,,,,,,,,,,,,,,,,,,,,,,,,,,,,,,,,,,,,,,,,,,,,,,,,,,,,,,,,,,,,,,,,,,,,,,,,,,,,,,,,
grasu_so_insert_u8,sx_stackoverflow,full_pagerank,grasu_regraph,2.30152,67007,3589088,67007,0.9488262420344143,26.650380057755502,True,0,940a6d1e1ce1cce74188334d2eeb5c4f23a68e070ba448aaee8c76ee4d695803,8,insert,,,,,,,,,,,,,,,,,,,,,,,,,,,,,,,,,,,,,,,,,,,,,,,,,,,,,,,,,,,,,,,,,,,,,,,,,,,,,,,,,,,,,,,,,,,,,,,,,,,,,,
grasu_so_insert_u8,sx_stackoverflow,full_pagerank,spine,8.171513333333333,119233,947968,119233,0.8732984995764596,30.137454159428682,True,0,cd453c311d9a34d1cdd9e9c8610cb202efdd8e794fbf4b564b078b96e709a3c6,8,insert,,,,,,,,,,,,,,,,,,,,,,,,,,,,,,,,,,,,,,,,,,,,,,,,,,,,,,,,,,,,,,,,,,,,,,,,,,,,,,,,,,,,,,,,,,,,,,,,,,,,,,
grasu_su_insert_u8,sx_superuser,full_pagerank,grasu_regraph,3.0374133333333333,75322,3696240,75322,0.9468415602347255,25.86704645960148,True,0,9bab5382709faa56ed344ac63a1662079777b6d62517978249adcb0aca8b669b,8,insert,,,,,,,,,,,,,,,,,,,,,,,,,,,,,,,,,,,,,,,,,,,,,,,,,,,,,,,,,,,,,,,,,,,,,,,,,,,,,,,,,,,,,,,,,,,,,,,,,,,,,,
grasu_su_insert_u8,sx_superuser,full_pagerank,spine,10.36128,140903,1085248,140903,0.7828435164616793,35.00542117057738,True,0,4a445e8bc4be0e75a3d55e495331d420ba5c580286a3bdf21e8fb2c1398df69a,8,insert,,,,,,,,,,,,,,,,,,,,,,,,,,,,,,,,,,,,,,,,,,,,,,,,,,,,,,,,,,,,,,,,,,,,,,,,,,,,,,,,,,,,,,,,,,,,,,,,,,,,,,
grasu_wk_insert_u8,wiki_talk_temporal,full_pagerank,grasu_regraph,5.14838,99309,4290112,99309,0.9321108862238066,25.192458633007096,True,0,7a7ad04c51381987f0af3a3ff4d5de49c5051993d82cc181ed7aee82662b3fcf,8,insert,,,,,,,,,,,,,,,,,,,,,,,,,,,,,,,,,,,,,,,,,,,,,,,,,,,,,,,,,,,,,,,,,,,,,,,,,,,,,,,,,,,,,,,,,,,,,,,,,,,,,,
grasu_wk_insert_u8,wiki_talk_temporal,full_pagerank,spine,19.090200000000003,228103,1830080,228103,0.8207125728289413,30.935717019904907,True,0,31c9943f2908830e43dfad2faeb2541fe3323b43e478cc1f0bac14a641a58576,8,insert,,,,,,,,,,,,,,,,,,,,,,,,,,,,,,,,,,,,,,,,,,,,,,,,,,,,,,,,,,,,,,,,,,,,,,,,,,,,,,,,,,,,,,,,,,,,,,,,,,,,,,
grasu_au_insert_u8,sx_askubuntu,thresholded_residual_pagerank,grasu_regraph,84.6519,3712242,202782448,3712242,0.9586969276248692,28.058985968721,True,0,7111c724806e72f85b413d5c275c8f6a860484a56795a3a7985fda86dfd8ccd2,8,insert,,,,,,,,,,,,,,,,,,,,,,,,,,,,,,,,,,,,,,,,,,,,,,,,,,,,,,,,,,,,,,,,,,,,,,,,,,,,,,,,,,,,,,,,,,,,,,,,,,,,,,
grasu_au_insert_u8,sx_askubuntu,thresholded_residual_pagerank,spine,208.88420666666664,3835682,25655232,3835682,0.7783233855152747,36.73623161099349,True,0,277f9f90771963748200d347c37e148d235a5a3220e14053d62ab582c8fecbe3,8,insert,,,,,,,,,,,,,,,,,,,,,,,,,,,,,,,,,,,,,,,,,,,,,,,,,,,,,,,,,,,,,,,,,,,,,,,,,,,,,,,,,,,,,,,,,,,,,,,,,,,,,,
grasu_bc_insert_u8,soc_bitcoin,thresholded_residual_pagerank,grasu_regraph,163.3499666666667,4381861,187007208,4381861,0.9618454350788398,25.66217929447523,True,0,da52fb0d8048c91a481a55e7e8d8f7b5dbb03b484b221ac287030eb165db3443,8,insert,,,,,,,,,,,,,,,,,,,,,,,,,,,,,,,,,,,,,,,,,,,,,,,,,,,,,,,,,,,,,,,,,,,,,,,,,,,,,,,,,,,,,,,,,,,,,,,,,,,,,,
grasu_bc_insert_u8,soc_bitcoin,thresholded_residual_pagerank,spine,253.56841333333335,6837781,33418944,6837781,0.964624196065946,30.96602928219302,True,0,d879954fb37781962a5b36c84cd1c684c00ea5ff03da5c4d45e6ef64e6d37f2d,8,insert,,,,,,,,,,,,,,,,,,,,,,,,,,,,,,,,,,,,,,,,,,,,,,,,,,,,,,,,,,,,,,,,,,,,,,,,,,,,,,,,,,,,,,,,,,,,,,,,,,,,,,
grasu_so_insert_u8,sx_stackoverflow,thresholded_residual_pagerank,grasu_regraph,70.13902666666668,3921550,227730832,3921550,0.9602817763384376,29.114314579755646,True,0,aba8eb1f6341eae909df60a3cdfbbb9562e83d0475c047d38196b787a0f2c80f,8,insert,,,,,,,,,,,,,,,,,,,,,,,,,,,,,,,,,,,,,,,,,,,,,,,,,,,,,,,,,,,,,,,,,,,,,,,,,,,,,,,,,,,,,,,,,,,,,,,,,,,,,,
grasu_so_insert_u8,sx_stackoverflow,thresholded_residual_pagerank,spine,156.44687333333331,3012170,21835940,3012170,0.8902874007775126,30.70816572863568,True,0,a4cff722acad322f19e272611dd63bb997a49e01a5760374c182fb3ffc7ff824,8,insert,,,,,,,,,,,,,,,,,,,,,,,,,,,,,,,,,,,,,,,,,,,,,,,,,,,,,,,,,,,,,,,,,,,,,,,,,,,,,,,,,,,,,,,,,,,,,,,,,,,,,,
grasu_su_insert_u8,sx_superuser,thresholded_residual_pagerank,grasu_regraph,88.96608,3946554,217422544,3946554,0.9584409588719678,28.088700520779227,True,0,73feac2eeea5527bf47206ebd29928f03a725d662f44278f888fef8f5571a187,8,insert,,,,,,,,,,,,,,,,,,,,,,,,,,,,,,,,,,,,,,,,,,,,,,,,,,,,,,,,,,,,,,,,,,,,,,,,,,,,,,,,,,,,,,,,,,,,,,,,,,,,,,
grasu_su_insert_u8,sx_superuser,thresholded_residual_pagerank,spine,218.87176666666667,3847570,26407616,3847570,0.7757358540585356,36.500044852776874,True,0,e95fe156450fe035fe1155607b070dc4445b884326a9d70644567948728dfb74,8,insert,,,,,,,,,,,,,,,,,,,,,,,,,,,,,,,,,,,,,,,,,,,,,,,,,,,,,,,,,,,,,,,,,,,,,,,,,,,,,,,,,,,,,,,,,,,,,,,,,,,,,,
grasu_wk_insert_u8,wiki_talk_temporal,thresholded_residual_pagerank,grasu_regraph,173.26120666666668,5275041,265373200,5275041,0.9468307450122189,26.89472656793633,True,0,4557b87496c78f47691e955ef0352bb5268de0cf6b7827ed0ee7cc5fedcc1c4c,8,insert,,,,,,,,,,,,,,,,,,,,,,,,,,,,,,,,,,,,,,,,,,,,,,,,,,,,,,,,,,,,,,,,,,,,,,,,,,,,,,,,,,,,,,,,,,,,,,,,,,,,,,
grasu_wk_insert_u8,wiki_talk_temporal,thresholded_residual_pagerank,spine,413.60007333333334,6412102,44771304,6412102,0.8577216956311674,31.704975810256162,True,0,28d99960373838a4ecf71bcc638d807166dad8582f42f4d04a1f34ddb9800282,8,insert,,,,,,,,,,,,,,,,,,,,,,,,,,,,,,,,,,,,,,,,,,,,,,,,,,,,,,,,,,,,,,,,,,,,,,,,,,,,,,,,,,,,,,,,,,,,,,,,,,,,,,
grasu_au_insert_u1,sx_askubuntu,full_pagerank,grasu_regraph,3.0809800000000003,,,,0.9482413120286874,25.5056943518186,,0,b6ed6005b2d2e0a2831beecd966a6b1e1462731df60a139f0027768cb4db1b03,1,insert,grasu_temporal_real_compact_file_order_slice,real_compact_slice,insert,hls_equivalent_proposed_execution_driven_simulation,grasu_regraph_candidate10_normalized_hls_pagerank_v3,150.0,3409,8192,8193,1,1,462147,73,0.0004866666666666666,462074,3.080493333333333,2054794.5205479453,2054794.5205479453,4854528,384,4854144,75852,3667964,38986,1308600,36866,2359364,15,612,72541,3456640,0,0,3296,210712,75837,3667352,0.9565383651779474,0.0,0.04346163482205256,0.9425438299895946,0.0,0.05745617001040533,6,152,4,84,2,68,6,152,0,0,0,0,0,0,0,0,0.0,0.0,0.0,0.0,0.0,0.0,75846,3667812,38982,1308516,36864,2359296,9,460,72541,3456640,0,0,3296,210712,75837,3667352,0.9565383651779474,0.0,0.04346163482205256,0.9425438299895946,0.0,0.05745617001040533,31991,38986,36866,3907,3907,1176621582.0,update_plus_compute_active_channels,4.717905756086111,715096b3c772c728da95d184ff50c772c36f5c8bc7490b20fda4eff3eda0ee4e,/data/tmp/chuxiao/candidate10_grasu_temporal_full_pr_batch8_20260727/grasu_au_insert_u1/grasu_regraph/manifest.json,5,36269,35657,672.1382014544665,0.9996202462974014
grasu_au_insert_u1,sx_askubuntu,full_pagerank,spine,9.78904,,,,0.7864242599486753,34.536923232766625,,0,f365e6c6bd4f520d2c14d19dc2566ae4ccb31655fae6346545718c2af3c256d5,1,insert,grasu_temporal_real_compact_file_order_slice,real_compact_slice,insert,routed_reference_profile_execution_driven_simulation,spine_candidate10_normalized_v1,150.0,3409,8192,8193,1,1,1468356,329216,2.1947733333333335,1139140,7.594266666666667,455.6279160186625,455.6279160186625,8853440,1211456,7641984,138335,1039320,118462,921212,19873,118108,14,144,29858,211196,4003,32040,104460,795940,138321,1039176,0.21586020922347293,0.0289399295840834,0.7551998611924436,0.20323410086453114,0.030832120834199405,0.7659337783012695,18929,151512,9313,74552,9616,76960,7,72,16095,128760,10,96,2817,22584,18922,151440,0.8505971884578797,0.0005284853609555016,0.14887432618116478,0.8502377179080824,0.0006339144215530904,0.1491283676703645,119406,887808,109149,846660,10257,41148,7,72,13763,82436,3993,31944,101643,773356,119399,887736,0.11526897210194391,0.0334424911431419,0.8512885367549142,0.09286094064001009,0.03598367082105491,0.871155388538935,0,118462,19873,28751,28749,5335667772.0,update_plus_compute_active_channels,19.425048228353262,2ae44eb9f6896d5ea32439f05a05a2f31d8c5ba96f2a131445db17f1841ec587,/data/tmp/chuxiao/candidate10_grasu_temporal_full_pr_batch8_20260727/grasu_au_insert_u1/spine/summary.json,8,90363,18427,2899.9174862561154,0.9976853016655765
grasu_au_insert_u64,sx_askubuntu,full_pagerank,grasu_regraph,3.094126666666667,,,,0.9457873922950004,25.850281911921574,,0,0ec91ccaf8f805fb908c9cbedf23712828238f80588a93ff40b2f7975d9e0f00,64,insert,grasu_temporal_real_compact_file_order_slice,real_compact_slice,insert,hls_equivalent_proposed_execution_driven_simulation,grasu_regraph_candidate10_normalized_hls_pagerank_v3,150.0,3409,8192,8256,64,64,464119,1359,0.00906,462760,3.0850666666666666,7064017.66004415,7064017.66004415,4887424,27328,4860096,76366,3683836,39374,1320188,36992,2363648,27,820,72793,3464728,18,432,3528,217856,76339,3683016,0.9535492998336368,0.00023579035617443247,0.04621490981018876,0.9407311833562494,0.00011729517330361856,0.05915152147044705,427,10072,299,5720,128,4352,18,360,201,4824,18,432,190,4456,409,9712,0.49144254278728605,0.044009779951100246,0.46454767726161367,0.49670510708401977,0.044481054365733116,0.4588138385502471,75939,3673764,39075,1314468,36864,2359296,9,460,72592,3459904,0,0,3338,213400,75930,3673304,0.9560384564730673,0.0,0.043961543526932705,0.9419051622190813,0.0,0.05809483778091876,31637,39374,36992,4067,4064,1182590076.0,update_plus_compute_active_channels,4.721127030439675,018ad6184da1e50a2bc3f4c73cef8199d66227569520b69d283846286e801714,/data/tmp/chuxiao/candidate10_grasu_temporal_full_pr_batch8_20260727/grasu_au_insert_u64/grasu_regraph/manifest.json,5,36456,35770,670.4858789157604,0.9992971453287197
grasu_au_insert_u64,sx_askubuntu,full_pagerank,spine,9.995746666666665,,,,0.7876711350950076,34.80069892159234,,0,e79f4d8c18321adb453f3cab51f66a988068ca7f345b21999eb508fc2e0cc585,64,insert,grasu_temporal_real_compact_file_order_slice,real_compact_slice,insert,routed_reference_profile_execution_driven_simulation,spine_candidate10_normalized_v1,150.0,3409,8192,8256,64,64,1499362,341483,2.276553333333333,1157879,7.719193333333333,28112.673251669923,28112.673251669923,8966016,1262592,7703424,140094,1059064,119899,937172,20195,121892,14,144,30028,217036,4078,32624,105974,809260,140080,1058920,0.21436322101656197,0.029111936036550542,0.7565248429468875,0.2049597703320364,0.030808748536244476,0.7642314811317191,19728,161560,9790,80816,9938,80744,7,72,16576,135376,7,56,3138,26056,19721,161488,0.8405253283302064,0.0003549515744637696,0.15911972009532985,0.8383037748934905,0.0003467749925691073,0.16134945011394036,120366,897504,110109,856356,10257,41148,7,72,13452,81660,4071,32568,102836,783204,120359,897432,0.11176563447685674,0.033823810433785594,0.8544105550893577,0.09099296659802637,0.036290214746075466,0.8727168186558981,0,119899,20195,29808,29806,5449740924.0,update_plus_compute_active_channels,19.618513006716967,aa1b08c5c532fcbca5a8f7ff65d89a232c6fd638289c6ab065e18aab59dc4832,/data/tmp/chuxiao/candidate10_grasu_temporal_full_pr_batch8_20260727/grasu_au_insert_u64/spine/summary.json,8,91627,18721,1133.3464879622736,0.9975241396385244
grasu_bc_insert_u1,soc_bitcoin,full_pagerank,grasu_regraph,6.477546666666667,,,,0.9563882750496565,23.973122002190525,,0,7e8f203161950abc554ee73f957763b337854f0424de933a0c440e4f7c05655f,1,insert,grasu_temporal_real_compact_file_order_slice,real_compact_slice,insert,hls_equivalent_proposed_execution_driven_simulation,grasu_regraph_candidate10_normalized_hls_pagerank_v3,150.0,10326,8192,8193,1,1,971632,121,0.0008066666666666667,971511,6.4767399999999995,1239669.4214876033,1239669.4214876033,7443136,640,7442496,116299,3849232,79433,1489868,36866,2359364,16,620,112943,3635252,0,0,3340,213360,116283,3848612,0.9712769708383857,0.0,0.028723029161614337,0.9445618316421609,0.0,0.055438168357839136,10,184,8,116,2,68,7,160,0,0,0,0,3,24,3,24,0.0,0.0,1.0,0.0,0.0,1.0,116289,3849048,79425,1489752,36864,2359296,9,460,112943,3635252,0,0,3337,213336,116280,3848588,0.9713020295837633,0.0,0.02869797041623667,0.9445677219801132,0.0,0.055432278019886774,32123,79433,36866,5064,5055,2389639908.0,update_plus_compute_active_channels,9.40657333470881,3a4e55c70f5646580ad719069e804c18b63f94592428df2b446c6dffd4acfffe,/data/tmp/chuxiao/candidate10_grasu_temporal_full_pr_batch8_20260727/grasu_bc_insert_u1/grasu_regraph/manifest.json,5,75568,35659,1317.570587437254,0.9997016220908154
grasu_bc_insert_u1,soc_bitcoin,full_pagerank,spine,10.415326666666667,,,,0.9559541574037417,28.677419354838708,,0,75d431f5be53ad37392051353624996ca81accc70b62e73ed8d8fad2fc05ee0a,1,insert,grasu_temporal_real_compact_file_order_slice,real_compact_slice,insert,routed_reference_profile_execution_driven_simulation,spine_candidate10_normalized_v1,150.0,10326,8192,8193,1,1,1562299,315803,2.1053533333333334,1246496,8.309973333333334,474.9796550381092,474.9796550381092,12609408,1134336,11475072,197022,1098392,157139,903208,39883,195184,14,144,38844,229184,722,5792,157442,863272,197008,1098248,0.19716965808495088,0.003664825793876391,0.7991655161211727,0.2086814635674274,0.005273854357121525,0.7860446820754511,17724,141872,8849,70840,8875,71032,7,72,16748,133984,20,176,949,7640,17717,141800,0.9453067675114297,0.0011288592876897894,0.05356437320088051,0.9448801128349789,0.001241184767277856,0.0538787023977433,179298,956520,148290,832368,31008,124152,7,72,22096,95200,702,5616,156493,855632,179291,956448,0.12324098811429464,0.003915422413841185,0.8728435894718641,0.09953494596674362,0.005871725383920506,0.8945933286493358,0,157139,39883,8615,8611,5660694426.0,update_plus_compute_active_channels,21.16662387084216,3a4e55c70f5646580ad719069e804c18b63f94592428df2b446c6dffd4acfffe,/data/tmp/chuxiao/candidate10_grasu_temporal_full_pr_batch8_20260727/grasu_bc_insert_u1/spine/summary.json,8,149672,38672,882.2209921172868,0.9987714063636136
grasu_bc_insert_u64,soc_bitcoin,full_pagerank,grasu_regraph,6.490413333333334,,,,0.9540754309975861,24.09359889765752,,0,1c402923b221ecb0df0ca7d66115b29a94471cd948bb951d08fd9badb2b03bbb,64,insert,grasu_temporal_real_compact_file_order_slice,real_compact_slice,insert,hls_equivalent_proposed_execution_driven_simulation,grasu_regraph_candidate10_normalized_hls_pagerank_v3,150.0,10326,8192,8256,64,64,973562,1317,0.008780000000000001,972245,6.481633333333334,7289293.849658314,7289293.849658314,7476608,27200,7449408,116822,3866016,79830,1502368,36992,2363648,27,820,113193,3644580,70,2080,3532,218536,116795,3865196,0.9691596386831628,0.0005993407252022775,0.030241020591634915,0.9429224287720468,0.0005381357116172117,0.05653943551633604,425,10056,297,5704,128,4352,18,360,160,3568,70,2080,177,4048,407,9696,0.3931203931203931,0.171990171990172,0.4348894348894349,0.367986798679868,0.2145214521452145,0.4174917491749175,116397,3855960,79533,1496664,36864,2359296,9,460,113033,3641012,0,0,3355,214488,116388,3855500,0.9711740041928721,0.0,0.028825995807127882,0.9443683050188043,0.0,0.055631694981195697,31570,79830,36992,5210,5207,2395579350.0,update_plus_compute_active_channels,9.367437035776675,dcce0676bf39bc4c8217c78d9b40d25f19946cb9b240ab7f469301440d36488e,/data/tmp/chuxiao/candidate10_grasu_temporal_full_pr_batch8_20260727/grasu_bc_insert_u64/grasu_regraph/manifest.json,5,75720,35737,1419.1205729448716,0.998378027681661
grasu_bc_insert_u64,soc_bitcoin,full_pagerank,spine,10.5978,,,,0.9534300294110254,28.69108832260789,,0,77fdb0a39fc99d92882df180f9c71bb7503885ad4ec1d74a185e0ff520c4331a,64,insert,grasu_temporal_real_compact_file_order_slice,real_compact_slice,insert,routed_reference_profile_execution_driven_simulation,spine_candidate10_normalized_v1,150.0,10326,8192,8256,64,64,1589670,326267,2.1751133333333335,1263403,8.422686666666667,29423.754164533955,29423.754164533955,12729920,1184768,11545152,198905,1119488,158657,920224,40248,199264,14,144,39969,238668,805,6440,158117,874236,198891,1119344,0.2009593194262184,0.004047443071833316,0.7949932375019483,0.21322131534184308,0.005753369830900956,0.781025314827256,18512,151688,9272,76576,9240,75112,7,72,17221,140504,19,152,1265,10960,18505,151616,0.930613347743853,0.001026749527154823,0.06835990272899216,0.9267095821021528,0.0010025327142254117,0.07228788518362178,180393,967800,149385,843648,31008,124152,7,72,22748,98164,786,6288,156852,863276,180386,967728,0.12610734757686295,0.0043573226303593405,0.8695353297927777,0.10143759403468744,0.0064976935667873615,0.8920647123985253,0,158657,40248,9192,9190,5760477426.0,update_plus_compute_active_channels,21.351964165456593,dcce0676bf39bc4c8217c78d9b40d25f19946cb9b240ab7f469301440d36488e,/data/tmp/chuxiao/candidate10_grasu_temporal_full_pr_batch8_20260727/grasu_bc_insert_u64/spine/summary.json,8,150684,38958,874.9931324491777,0.9985340886503677
grasu_so_insert_u1,sx_stackoverflow,full_pagerank,grasu_regraph,2.2996866666666667,,,,0.9498633451319504,26.39473596756505,,0,73268c2ecaef7da977ae2df5d7dde4c4a6bb0feb5c14242be25bda58da357116,1,insert,grasu_temporal_real_compact_file_order_slice,real_compact_slice,insert,hls_equivalent_proposed_execution_driven_simulation,grasu_regraph_candidate10_normalized_hls_pagerank_v3,150.0,2004,8192,8193,1,1,344953,73,0.0004866666666666666,344880,2.2992,2054794.5205479453,2054794.5205479453,4285248,384,4284864,66957,3587624,30091,1228260,36866,2359364,15,612,63601,3373420,0,0,3341,213592,66942,3587012,0.9500911236592872,0.0,0.04990887634071286,0.940454060371139,0.0,0.05954593962886101,6,152,4,84,2,68,6,152,0,0,0,0,0,0,0,0,0.0,0.0,0.0,0.0,0.0,0.0,66951,3587472,30087,1228176,36864,2359296,9,460,63601,3373420,0,0,3341,213592,66942,3587012,0.9500911236592872,0.0,0.04990887634071286,0.940454060371139,0.0,0.05954593962886101,31849,30091,36866,3349,3343,893317530.0,update_plus_compute_active_channels,3.59966504573822,4079dd0bedd685eb71d9e8b20f98322b9773c69c7aea4ae7a6dfcc125e432ae5,/data/tmp/chuxiao/candidate10_grasu_temporal_full_pr_batch8_20260727/grasu_so_insert_u1/grasu_regraph/manifest.json,5,27940,35660,498.7139097642367,0.9998101231487007
grasu_so_insert_u1,sx_stackoverflow,full_pagerank,spine,8.15176,,,,0.8713145737085258,30.26067376640445,,0,4e3a935e8fb43ab0bf0ed2573e52bdda4decef173c7d3ac400593768f2218107,1,insert,grasu_temporal_real_compact_file_order_slice,real_compact_slice,insert,routed_reference_profile_execution_driven_simulation,spine_candidate10_normalized_v1,150.0,2004,8192,8193,1,1,1222764,327583,2.1838866666666665,895181,5.967873333333333,457.89921943446393,457.89921943446393,7619200,1201792,6417408,119050,945928,103478,845368,15572,100560,14,144,25754,189876,3735,29896,89547,726012,119036,945784,0.2163547162203031,0.031377062401290366,0.7522682213784065,0.2007604273280157,0.031609754447104205,0.7676298182248801,18778,150304,9248,74032,9530,76272,7,72,16117,128936,9,88,2645,21208,18771,150232,0.8586116882425018,0.000479463001438389,0.14090884875605988,0.858245912987912,0.0005857606901325949,0.14116832632195536,100272,795624,94230,771336,6042,24288,7,72,9637,60940,3726,29808,86902,704804,100265,795552,0.09611529446965542,0.037161521966788014,0.8667231835635566,0.07660090100961345,0.03746832388077712,0.8859307751096094,0,103478,15572,15029,15027,4448447544.0,update_plus_compute_active_channels,15.98004377540201,3ecaa55fc76d0735955cacb3911ab62afb8fba7fbc7aa45a6b1740ef2bab2321,/data/tmp/chuxiao/candidate10_grasu_temporal_full_pr_batch8_20260727/grasu_so_insert_u1/spine/summary.json,8,89592,14138,2020.4850866456227,0.9968533264834318
grasu_so_insert_u64,sx_stackoverflow,full_pagerank,grasu_regraph,2.3118933333333334,,,,0.9471108210726151,26.55441640378549,,0,faa39bbedaa79c97b6c61d87bccd1f8d8c60020db44ec9e666c54c0ba08e87bd,64,insert,grasu_temporal_real_compact_file_order_slice,real_compact_slice,insert,hls_equivalent_proposed_execution_driven_simulation,grasu_regraph_candidate10_normalized_hls_pagerank_v3,150.0,2004,8192,8256,64,64,346784,1359,0.00906,345425,2.3028333333333335,7064017.66004415,7064017.66004415,4315136,25856,4289280,67424,3601776,30432,1238128,36992,2363648,27,820,63932,3385500,12,408,3453,215048,67397,3600956,0.9485882160927044,0.00017804946807721412,0.051233734439218366,0.940167000096641,0.0001133032450271539,0.05971969665833184,404,9888,276,5536,128,4352,18,360,244,6512,12,408,130,2608,386,9528,0.6321243523316062,0.031088082901554404,0.33678756476683935,0.6834592779177162,0.042821158690176324,0.27371956339210746,67020,3591888,30156,1232592,36864,2359296,9,460,63688,3378988,0,0,3323,212440,67011,3591428,0.950411126531465,0.0,0.049588873468535015,0.9408480415032683,0.0,0.05915195849673166,31602,30432,36992,3503,3495,898828932.0,update_plus_compute_active_channels,3.5895533291622996,66b04f6098eed1a42c48eb154f9639dcfb5753fe63e97565a25cd0ac2053d99a,/data/tmp/chuxiao/candidate10_grasu_temporal_full_pr_batch8_20260727/grasu_so_insert_u64/grasu_regraph/manifest.json,5,28084,35774,637.7329871253922,0.9994593425605537
grasu_so_insert_u64,sx_stackoverflow,full_pagerank,spine,8.309153333333333,,,,0.8718416189473859,30.440634781281013,,0,eb3427f0d4d812e24c8ff185d78336a9a7b6c38d6fe2ddd104785749a17c5f06,64,insert,grasu_temporal_real_compact_file_order_slice,real_compact_slice,insert,routed_reference_profile_execution_driven_simulation,spine_candidate10_normalized_v1,150.0,2004,8192,8256,64,64,1246373,339655,2.2643666666666666,906718,6.044786666666667,28263.973738057735,28263.973738057735,7722944,1252736,6470208,120671,964080,104792,859864,15879,104216,14,144,26349,197972,3791,30328,90517,735636,120657,963936,0.2183793729331908,0.03141964411513629,0.7502009829516729,0.2053787803339641,0.03146266972081134,0.7631585499452246,19574,160344,9737,80416,9837,79928,7,72,16593,135536,5,40,2969,24696,19567,160272,0.8480094035876731,0.0002555322737261716,0.15173506413860072,0.8456623739642608,0.0002495757212738345,0.1540880503144654,101097,803736,95055,779448,6042,24288,7,72,9756,62436,3786,30288,87548,710940,101090,803664,0.09650806212286081,0.03745177564546444,0.8660401622316748,0.0776891835393896,0.03768739174580422,0.8846234247148062,0,104792,15879,15427,15425,4535056386.0,update_plus_compute_active_channels,19.415145605802536,c4f4f3f25d74e3547ee3ee29d9ee8d0e88b7cb28a40beaa235bc889d65f1c987,/data/tmp/chuxiao/candidate10_grasu_temporal_full_pr_batch8_20260727/grasu_so_insert_u64/spine/summary.json,8,90777,14429,1911.0330322743637,0.9971030921342654
grasu_su_insert_u1,sx_superuser,full_pagerank,grasu_regraph,3.035626666666667,,,,0.9479579092817474,25.781953125,,0,6b47e0fc02590cfc5d4bb245c97a1ef4555625d67dad85dd9f2725830ab163cc,1,insert,grasu_temporal_real_compact_file_order_slice,real_compact_slice,insert,hls_equivalent_proposed_execution_driven_simulation,grasu_regraph_candidate10_normalized_hls_pagerank_v3,150.0,3224,8192,8193,1,1,455344,102,0.0006799999999999999,455242,3.0349466666666665,1470588.2352941178,1470588.2352941178,4817024,512,4816512,75266,3694728,38400,1335364,36866,2359364,16,620,71918,3481148,0,0,3332,212960,75250,3694108,0.9557209302325581,0.0,0.04427906976744186,0.9423514418094977,0.0,0.05764855819050228,8,168,6,100,2,68,7,160,0,0,0,0,1,8,1,8,0.0,0.0,1.0,0.0,0.0,1.0,75258,3694560,38394,1335264,36864,2359296,9,460,71918,3481148,0,0,3331,212952,75249,3694100,0.9557336310117078,0.0,0.044266368988292205,0.9423534825803308,0.0,0.0576465174196692,31833,38400,36866,3912,3909,1162845024.0,update_plus_compute_active_channels,4.6376193929463625,b18e85872950debf250346741efdd33c14afc9aebd41dd4a834e0c5065135ed2,/data/tmp/chuxiao/candidate10_grasu_temporal_full_pr_batch8_20260727/grasu_su_insert_u1/grasu_regraph/manifest.json,5,35690,35659,527.769881969882,0.9997016220908154
grasu_su_insert_u1,sx_superuser,full_pagerank,spine,10.347466666666666,,,,0.7828925866454464,34.71207560551208,,0,818cc6d21c883da6b5901c0d2432232d714542c99304f8e98d33a448b5ce3dbd,1,insert,grasu_temporal_real_compact_file_order_slice,real_compact_slice,insert,routed_reference_profile_execution_driven_simulation,spine_candidate10_normalized_v1,150.0,3224,8192,8193,1,1,1552120,332866,2.2191066666666663,1219254,8.128359999999999,450.63178576364066,450.63178576364066,9007744,1229248,7778496,140746,1083472,121261,966248,19485,117224,14,144,29961,214312,4669,37368,106102,831648,140732,1083328,0.2128940113122815,0.03317653412159281,0.7539294545661257,0.1978274354581438,0.03449370827671767,0.7676788562651385,19207,153736,9424,75440,9783,78296,7,72,15981,127848,10,96,3209,25720,19200,153664,0.83234375,0.0005208333333333333,0.16713541666666668,0.831997084548105,0.0006247396917950854,0.16737817576009995,121539,929736,111837,890808,9702,38928,7,72,13980,86464,4659,37272,102893,805928,121532,929664,0.1150314320508179,0.03833558239805154,0.8466329855511305,0.09300564505025471,0.040091904171829826,0.8669024507779155,0,121261,19485,30677,30675,5642079966.0,update_plus_compute_active_channels,20.193539873696864,ad65b2da6ebb1de2c5c651e181ee92bc25f0b336101c49d4b641e4a659c209ef,/data/tmp/chuxiao/candidate10_grasu_temporal_full_pr_batch8_20260727/grasu_su_insert_u1/spine/summary.json,8,92215,17974,2701.979224519181,0.9979984603541185
grasu_su_insert_u64,sx_superuser,full_pagerank,grasu_regraph,3.04812,,,,0.9453266278593963,25.94732633425336,,0,3664c842a427799e6e9bee0f2244827b4c6c675256c1066a2b4cca3d18183fcf,64,insert,grasu_temporal_real_compact_file_order_slice,real_compact_slice,insert,hls_equivalent_proposed_execution_driven_simulation,grasu_regraph_candidate10_normalized_hls_pagerank_v3,150.0,3224,8192,8256,64,64,457218,1321,0.008806666666666666,455897,3.0393133333333333,7267221.801665405,7267221.801665405,4848576,27264,4821312,75759,3709424,38767,1345776,36992,2363648,27,820,72201,3491860,22,448,3509,216296,75732,3708604,0.9533750594200602,0.00029049807214915756,0.04633444250779063,0.9415564454980904,0.0001208001717088155,0.058322754330200795,426,10064,298,5712,128,4352,18,360,182,4248,22,448,204,5008,408,9704,0.44607843137254904,0.05392156862745098,0.5,0.437757625721352,0.046166529266281946,0.516075845012366,75333,3699360,38469,1340064,36864,2359296,9,460,72019,3487612,0,0,3305,211288,75324,3698900,0.9561228824810154,0.0,0.043877117518984654,0.9428781529643948,0.0,0.05712184703560518,31586,38767,36992,4084,4078,1168313502.0,update_plus_compute_active_channels,4.663688754662871,f9cffcb005034b7f6e85f9be03f7ab006d701d876e8e6bf23e27f9fae4faf174,/data/tmp/chuxiao/candidate10_grasu_temporal_full_pr_batch8_20260727/grasu_su_insert_u64/grasu_regraph/manifest.json,5,35856,35761,612.5483565534965,0.9992701124567474
grasu_su_insert_u64,sx_superuser,full_pagerank,spine,10.501446666666668,,,,0.7824004158267014,34.785516729352445,,0,70f669e18339bbbad3909d5085b5fab76e357d1f838591cb4e5880eb353e37d6,64,insert,grasu_temporal_real_compact_file_order_slice,real_compact_slice,insert,routed_reference_profile_execution_driven_simulation,spine_candidate10_normalized_v1,150.0,3224,8192,8256,64,64,1575217,344585,2.2972333333333332,1230632,8.204213333333334,27859.59922805694,27859.59922805694,9111488,1279232,7832256,142367,1101704,122569,980792,19798,120912,14,144,30494,221476,4729,37832,107130,842252,142353,1101560,0.21421396106861113,0.03322023420651479,0.7525658047248741,0.20105668324921022,0.034344021206289266,0.7645992955445006,19988,163592,9892,81608,10096,81984,7,72,16459,134488,7,56,3515,28976,19981,163520,0.8237325459186227,0.0003503328161753666,0.17591712126520195,0.8224559686888454,0.00034246575342465754,0.17720156555772995,122379,938112,112677,899184,9702,38928,7,72,14035,86988,4722,37776,103615,813276,122372,938040,0.11469126924459844,0.03858725852319158,0.84672147223221,0.09273378533964437,0.04027120378661891,0.8669950108737368,0,122569,19798,31033,31031,5726480238.0,update_plus_compute_active_channels,20.371789581142366,c7fb4eab0fdaacd6eb65b2d8c537c44cf8883cb7c818ff4455177e67027f9ae2,/data/tmp/chuxiao/candidate10_grasu_temporal_full_pr_batch8_20260727/grasu_su_insert_u64/spine/summary.json,8,93150,18238,3732.9280178309104,0.9971209213051824
grasu_wk_insert_u1,wiki_talk_temporal,full_pagerank,grasu_regraph,5.14498,,,,0.9328738689720493,24.970054504648925,,0,f8d3921e4ba8b165e218f01095cf194729c1a838569986b2a43edf4547e4a5e7,1,insert,grasu_temporal_real_compact_file_order_slice,real_compact_slice,insert,hls_equivalent_proposed_execution_driven_simulation,grasu_regraph_candidate10_normalized_hls_pagerank_v3,150.0,5930,8192,8193,1,1,771747,73,0.0004866666666666666,771674,5.144493333333333,2054794.5205479453,2054794.5205479453,6351744,384,6351360,99246,4287872,62380,1928508,36866,2359364,15,612,95877,4072836,0,0,3354,214424,99231,4287260,0.9662000786044683,0.0,0.03379992139553164,0.9499857717983048,0.0,0.05001422820169526,6,152,4,84,2,68,6,152,0,0,0,0,0,0,0,0,0.0,0.0,0.0,0.0,0.0,0.0,99240,4287720,62376,1928424,36864,2359296,9,460,95877,4072836,0,0,3354,214424,99231,4287260,0.9662000786044683,0.0,0.03379992139553164,0.9499857717983048,0.0,0.05001422820169526,31814,62380,36866,6647,6644,1955174088.0,update_plus_compute_active_channels,7.491219516843557,81104a5d2c2304d7461b84b656c0be97b06dd75b57fca36b8480a818c638883f,/data/tmp/chuxiao/candidate10_grasu_temporal_full_pr_batch8_20260727/grasu_wk_insert_u1/grasu_regraph/manifest.json,5,56930,35654,987.6104583322026,0.9995931210329301
grasu_wk_insert_u1,wiki_talk_temporal,full_pagerank,spine,19.042413333333336,,,,0.8216307792241992,30.73382539034338,,0,9051ff18276281b39e794eaea768778855b08d28f2aaa8d93d92bfaf8bbf5ce5,1,insert,grasu_temporal_real_compact_file_order_slice,real_compact_slice,insert,routed_reference_profile_execution_driven_simulation,spine_candidate10_normalized_v1,150.0,5930,8192,8193,1,1,2856362,371361,2.47574,2485001,16.566673333333334,403.9196361491917,403.9196361491917,14581888,1431808,13150080,227842,1827184,198351,1662384,29491,164800,14,144,49254,346132,12031,96264,166543,1384644,227828,1827040,0.21618940604315537,0.05280738100672437,0.7310032129501203,0.18944960154129084,0.05268850162010684,0.7578618968386023,22372,179056,10701,85656,11671,93400,7,72,14807,118456,16,144,7542,60384,22365,178984,0.6620612564274536,0.0007154035323049408,0.33722334004024146,0.6618245206275422,0.0008045411880391543,0.3373709381844187,205470,1648128,187650,1576728,17820,71400,7,72,34447,227676,12015,96120,159001,1324260,205463,1648056,0.16765549028292198,0.058477682113081186,0.7738668276039968,0.1381482182644279,0.05832326086006786,0.8035285208755042,0,198351,29491,40320,40318,10386399156.0,update_plus_compute_active_channels,36.63850586395711,b2b1b92e6dea4b8587304c0853733d614b28a8b59c35a9e1472c854c9d41e381,/data/tmp/chuxiao/candidate10_grasu_temporal_full_pr_batch8_20260727/grasu_wk_insert_u1/spine/summary.json,8,159890,27312,1105.27524120125,0.9981350242446848
grasu_wk_insert_u64,wiki_talk_temporal,full_pagerank,grasu_regraph,5.161313333333333,,,,0.9302519154398492,25.19640010203431,,0,1ae62eed47f731b4284bb9b8f28a3ff984f1b7d872dd013192a8438c89868177,64,insert,grasu_temporal_real_compact_file_order_slice,real_compact_slice,insert,hls_equivalent_proposed_execution_driven_simulation,grasu_regraph_candidate10_normalized_hls_pagerank_v3,150.0,5930,8192,8256,64,64,774197,1359,0.00906,772838,5.152253333333333,7064017.66004415,7064017.66004415,6381824,25472,6356352,99716,4302552,62724,1938904,36992,2363648,27,820,96276,4088660,2,8,3411,213064,99689,4301732,0.9657635245613859,2.0062394045481447e-05,0.03421641304456861,0.9504683229917624,1.8597160399578587e-06,0.04952981729219765,398,9840,270,5488,128,4352,18,360,272,7696,2,8,106,1776,380,9480,0.7157894736842105,0.005263157894736842,0.2789473684210526,0.8118143459915612,0.0008438818565400844,0.18734177215189873,99318,4292712,62454,1933416,36864,2359296,9,460,96004,4080964,0,0,3305,211288,99309,4292252,0.9667200354449245,0.0,0.03327996455507557,0.950774558436923,0.0,0.04922544156307691,31602,62724,36992,6898,6893,1962214872.0,update_plus_compute_active_channels,7.717303317971528,f9e55bfa640032529019bec10b6ac31a587f5ae7cb3f8216c35cfe832ab3b9ba,/data/tmp/chuxiao/candidate10_grasu_temporal_full_pr_batch8_20260727/grasu_wk_insert_u64/grasu_regraph/manifest.json,5,56981,35780,750.1350174451627,0.9994863754325259
grasu_wk_insert_u64,wiki_talk_temporal,full_pagerank,spine,19.23402,,,,0.8205000892861032,30.743615801673084,,0,f9f1a25bac842fe70c0703d23c0cf4a3418eeb8f5889c709c09f38bc55e648a8,64,insert,grasu_temporal_real_compact_file_order_slice,real_compact_slice,insert,routed_reference_profile_execution_driven_simulation,spine_candidate10_normalized_v1,150.0,5930,8192,8256,64,64,2885103,384080,2.5605333333333333,2501023,16.67348666666667,24994.7927515101,24994.7927515101,14694336,1486656,13207680,229599,1846936,199751,1677896,29848,169040,14,144,49878,354168,12095,96760,167612,1395864,229585,1846792,0.21725286930766383,0.052682013197726335,0.7300651174946099,0.19177470987528644,0.052393555960822874,0.7558317341638907,23229,189808,11201,92168,12028,97640,7,72,15303,125304,14,112,7905,64320,23222,189736,0.6589871673413142,0.0006028765825510292,0.3404099560761347,0.6604123624404435,0.0005902938820255513,0.33899734367753087,206370,1657128,188550,1585728,17820,71400,7,72,34575,228864,12081,96648,159707,1331544,206363,1657056,0.16754456952069896,0.05854247127634314,0.7739129592029579,0.13811482532877586,0.058325126006604486,0.8035600486646196,0,199751,29848,41196,41196,10492677648.0,update_plus_compute_active_channels,37.63686389103532,05a6d3edd79b1ee10f6b545494fdbf42d02fb11352740f3782b9b7f8290ff604,/data/tmp/chuxiao/candidate10_grasu_temporal_full_pr_batch8_20260727/grasu_wk_insert_u64/spine/summary.json,8,160763,27623,2311.583512424446,0.9977217904047172
grasu_au_insert_u1,sx_askubuntu,weighted_sssp,grasu_regraph,6.301740000000001,218734,12089824,218734,0.9561567931825871,26.387426580284394,True,0,48bdcdd37626f20e6a581761cc368c426b9602c473399b6a0b26ac213f810eeb,1,insert,grasu_temporal_real_compact_file_order_slice,,,,,,,,,,,,,,,,,,,,,,,,,,,,,,,,,,,,,,,,,,,,,,,,,,,,,,,,,,,,,,,,,,,,,,,,,,,,,,,,,,,,,,,,,,,,,,,,,,,,,
grasu_au_insert_u1,sx_askubuntu,weighted_sssp,spine,2.2565666666666666,19525,155896,176356,0.9011091201887093,29.011766890762544,False,0,569a63f1c0974411a071ed035f8c9e8b4cef121ae12a0b7cf9b265d8080ffcf6,1,insert,grasu_temporal_real_compact_file_order_slice,,,,,,,,,,,,,,,,,,,,,,,,,,,,,,,,,,,,,,,,,,,,,,,,,,,,,,,,,,,,,,,,,,,,,,,,,,,,,,,,,,,,,,,,,,,,,,,,,,,,,
grasu_au_insert_u64,sx_askubuntu,weighted_sssp,grasu_regraph,6.33294,219339,12119080,219339,0.9546683444348703,26.46266922558224,True,0,be786f96ab6fb9ac46fd74a67692478e329fa2b09c6a3b37a7765bdb47cf1cd3,64,insert,grasu_temporal_real_compact_file_order_slice,,,,,,,,,,,,,,,,,,,,,,,,,,,,,,,,,,,,,,,,,,,,,,,,,,,,,,,,,,,,,,,,,,,,,,,,,,,,,,,,,,,,,,,,,,,,,,,,,,,,,
grasu_au_insert_u64,sx_askubuntu,weighted_sssp,spine,2.64188,25772,206912,182603,0.9006423771789073,28.984676378519833,False,0,48a333304150f6dcd8257c1fa9471455022f655aedcba69895a49e90f9ca4196,64,insert,grasu_temporal_real_compact_file_order_slice,,,,,,,,,,,,,,,,,,,,,,,,,,,,,,,,,,,,,,,,,,,,,,,,,,,,,,,,,,,,,,,,,,,,,,,,,,,,,,,,,,,,,,,,,,,,,,,,,,,,,
grasu_bc_insert_u1,soc_bitcoin,weighted_sssp,grasu_regraph,4.175613333333333,111708,4835952,111708,0.9682117663909479,24.046519063224363,True,0,e3ffcb5bb5c87a6fa9b5f4bfdd09960a33fbeecb0abdbe35f5a48ab524ba1600,1,insert,grasu_temporal_real_compact_file_order_slice,,,,,,,,,,,,,,,,,,,,,,,,,,,,,,,,,,,,,,,,,,,,,,,,,,,,,,,,,,,,,,,,,,,,,,,,,,,,,,,,,,,,,,,,,,,,,,,,,,,,,
grasu_bc_insert_u1,soc_bitcoin,weighted_sssp,spine,2.1824066666666666,19047,151104,122805,0.9529823704246569,29.2181349244081,False,0,0c4a054fb7d3a548cd0b33a10758ec9b0f4edc88c48620cf59e30a808deda85b,1,insert,grasu_temporal_real_compact_file_order_slice,,,,,,,,,,,,,,,,,,,,,,,,,,,,,,,,,,,,,,,,,,,,,,,,,,,,,,,,,,,,,,,,,,,,,,,,,,,,,,,,,,,,,,,,,,,,,,,,,,,,,
grasu_bc_insert_u64,soc_bitcoin,weighted_sssp,grasu_regraph,4.18994,112141,4854536,112141,0.9660516670976717,24.227477155343664,True,0,6a3609c5424c9dc3865706db9dc6a5b4de37ea26c5e5d4d82ba5f5672be753bf,64,insert,grasu_temporal_real_compact_file_order_slice,,,,,,,,,,,,,,,,,,,,,,,,,,,,,,,,,,,,,,,,,,,,,,,,,,,,,,,,,,,,,,,,,,,,,,,,,,,,,,,,,,,,,,,,,,,,,,,,,,,,,
grasu_bc_insert_u64,soc_bitcoin,weighted_sssp,spine,2.4126066666666666,24637,195964,128395,0.9504653608006542,29.268400546362436,False,0,e82683ef4822eecad9dbb4156207d6f311af7b387e63197da3e86fd420a6699b,64,insert,grasu_temporal_real_compact_file_order_slice,,,,,,,,,,,,,,,,,,,,,,,,,,,,,,,,,,,,,,,,,,,,,,,,,,,,,,,,,,,,,,,,,,,,,,,,,,,,,,,,,,,,,,,,,,,,,,,,,,,,,
grasu_so_insert_u1,sx_stackoverflow,weighted_sssp,grasu_regraph,5.685033333333333,223447,13066032,223447,0.9561954288936526,27.24622216180702,True,0,fdd507edbe2a27fd1ef4b6f15d60920f3dcd0a67156f4c130da4fc51fd441cc8,1,insert,grasu_temporal_real_compact_file_order_slice,,,,,,,,,,,,,,,,,,,,,,,,,,,,,,,,,,,,,,,,,,,,,,,,,,,,,,,,,,,,,,,,,,,,,,,,,,,,,,,,,,,,,,,,,,,,,,,,,,,,,
grasu_so_insert_u1,sx_stackoverflow,weighted_sssp,spine,2.2432666666666665,19358,154580,184782,0.8965808357956944,29.281935368977656,False,0,ebfaae236495c9112f0abe5a887abba1cded67ab9c5807e362bb3ae8f4c22008,1,insert,grasu_temporal_real_compact_file_order_slice,,,,,,,,,,,,,,,,,,,,,,,,,,,,,,,,,,,,,,,,,,,,,,,,,,,,,,,,,,,,,,,,,,,,,,,,,,,,,,,,,,,,,,,,,,,,,,,,,,,,,
grasu_so_insert_u64,sx_stackoverflow,weighted_sssp,grasu_regraph,5.7138,223972,13091456,223972,0.9551595735181183,27.1465291863872,True,0,32870024a43f71e4559bf0df752b7440cb5dfe32fc69f3cdc0029a9edcaa1c47,64,insert,grasu_temporal_real_compact_file_order_slice,,,,,,,,,,,,,,,,,,,,,,,,,,,,,,,,,,,,,,,,,,,,,,,,,,,,,,,,,,,,,,,,,,,,,,,,,,,,,,,,,,,,,,,,,,,,,,,,,,,,,
grasu_so_insert_u64,sx_stackoverflow,weighted_sssp,spine,2.6824933333333334,24537,199260,189961,0.8952627118197946,29.236272756881068,False,0,2b4da539d584845009af7669bc97cad289cac5b4790e6769ef290c9ea671dd26,64,insert,grasu_temporal_real_compact_file_order_slice,,,,,,,,,,,,,,,,,,,,,,,,,,,,,,,,,,,,,,,,,,,,,,,,,,,,,,,,,,,,,,,,,,,,,,,,,,,,,,,,,,,,,,,,,,,,,,,,,,,,,
grasu_su_insert_u1,sx_superuser,weighted_sssp,grasu_regraph,6.381633333333333,218626,12186400,218626,0.9560482284815164,26.346357512141626,True,0,068251164194a163910a5b143f22ee24e851276067206542422dc3fb9ec212f4,1,insert,grasu_temporal_real_compact_file_order_slice,,,,,,,,,,,,,,,,,,,,,,,,,,,,,,,,,,,,,,,,,,,,,,,,,,,,,,,,,,,,,,,,,,,,,,,,,,,,,,,,,,,,,,,,,,,,,,,,,,,,,
grasu_su_insert_u1,sx_superuser,weighted_sssp,spine,2.282313333333333,19918,158888,187794,0.892153103933033,28.930351208615434,False,0,831359daf77011950d936ec72cd7b4279343f884acb94d8d6ab46035bca50365,1,insert,grasu_temporal_real_compact_file_order_slice,,,,,,,,,,,,,,,,,,,,,,,,,,,,,,,,,,,,,,,,,,,,,,,,,,,,,,,,,,,,,,,,,,,,,,,,,,,,,,,,,,,,,,,,,,,,,,,,,,,,,
grasu_su_insert_u64,sx_superuser,weighted_sssp,grasu_regraph,6.4069,219168,12211792,219168,0.9551348737041904,26.3572185733289,True,0,be488e0f5ac7077997620da8a3f1150e03b74fc9eb28602fa972b4b3ea1fa54b,64,insert,grasu_temporal_real_compact_file_order_slice,,,,,,,,,,,,,,,,,,,,,,,,,,,,,,,,,,,,,,,,,,,,,,,,,,,,,,,,,,,,,,,,,,,,,,,,,,,,,,,,,,,,,,,,,,,,,,,,,,,,,
grasu_su_insert_u64,sx_superuser,weighted_sssp,spine,2.65924,25792,207192,193668,0.8917115889047236,28.917906376410475,False,0,db75be540587690a4a5bc6b67a2d03400bee7fd19290adc5e00d2b995a053a98,64,insert,grasu_temporal_real_compact_file_order_slice,,,,,,,,,,,,,,,,,,,,,,,,,,,,,,,,,,,,,,,,,,,,,,,,,,,,,,,,,,,,,,,,,,,,,,,,,,,,,,,,,,,,,,,,,,,,,,,,,,,,,
grasu_wk_insert_u1,wiki_talk_temporal,weighted_sssp,grasu_regraph,1.2767866666666667,26898,1389280,26898,0.9440478846010856,25.403518379081387,True,0,885dfe9042e4ac53684190cb8aea6485a93857940bd6faac77c58cc7f165b7b0,1,insert,grasu_temporal_real_compact_file_order_slice,,,,,,,,,,,,,,,,,,,,,,,,,,,,,,,,,,,,,,,,,,,,,,,,,,,,,,,,,,,,,,,,,,,,,,,,,,,,,,,,,,,,,,,,,,,,,,,,,,,,,
grasu_wk_insert_u1,wiki_talk_temporal,weighted_sssp,spine,2.53822,22932,183200,189531,0.852752320200917,28.74149098794838,False,0,c150523b8d5e72306db238bb2310b53ab3c585613e43e8ac8a75e80c6fa952d7,1,insert,grasu_temporal_real_compact_file_order_slice,,,,,,,,,,,,,,,,,,,,,,,,,,,,,,,,,,,,,,,,,,,,,,,,,,,,,,,,,,,,,,,,,,,,,,,,,,,,,,,,,,,,,,,,,,,,,,,,,,,,,
grasu_wk_insert_u64,wiki_talk_temporal,weighted_sssp,grasu_regraph,1.2851933333333334,27190,1400128,27190,0.9372563442442075,25.988542930314058,True,0,3e42c99d1082a468422d5c58ee0d5a438a970d64b06afaa6038e602523e14eee,64,insert,grasu_temporal_real_compact_file_order_slice,,,,,,,,,,,,,,,,,,,,,,,,,,,,,,,,,,,,,,,,,,,,,,,,,,,,,,,,,,,,,,,,,,,,,,,,,,,,,,,,,,,,,,,,,,,,,,,,,,,,,
grasu_wk_insert_u64,wiki_talk_temporal,weighted_sssp,spine,2.7766466666666667,26605,217100,193204,0.852176973561624,28.68140153857914,False,0,173350cbcf71c2c1b744320e80e41ff39646430ee8cd8ae652601003c1216aa8,64,insert,grasu_temporal_real_compact_file_order_slice,,,,,,,,,,,,,,,,,,,,,,,,,,,,,,,,,,,,,,,,,,,,,,,,,,,,,,,,,,,,,,,,,,,,,,,,,,,,,,,,,,,,,,,,,,,,,,,,,,,,,
grasu_au_insert_u1,sx_askubuntu,thresholded_residual_pagerank,grasu_regraph,81.73635333333333,3585136,195835732,3585136,0.9590093653350947,28.059672203901417,True,0,c061bb0c899f0621aff1334a5345eaf755b524287f11cc175e39b9e3d21ab24f,1,insert,grasu_temporal_real_compact_file_order_slice,,,,,,,,,,,,,,,,,,,,,,,,,,,,,,,,,,,,,,,,,,,,,,,,,,,,,,,,,,,,,,,,,,,,,,,,,,,,,,,,,,,,,,,,,,,,,,,,,,,,,
grasu_au_insert_u1,sx_askubuntu,thresholded_residual_pagerank,spine,207.09184666666667,3810007,25522752,3810007,0.7757214094357306,36.54320579948969,True,0,42f34a98eb88088a2ad5881278a66efc57516b9c940f856ff9b95a2a7b29d8af,1,insert,grasu_temporal_real_compact_file_order_slice,,,,,,,,,,,,,,,,,,,,,,,,,,,,,,,,,,,,,,,,,,,,,,,,,,,,,,,,,,,,,,,,,,,,,,,,,,,,,,,,,,,,,,,,,,,,,,,,,,,,,
grasu_au_insert_u64,sx_askubuntu,thresholded_residual_pagerank,grasu_regraph,83.87086000000001,3672610,200626156,3672610,0.9585455575190396,28.04912765499847,True,0,4aa1b5b52b29f7f6cbb462215dc34fc53dcb53c844ccec591fc5ed3705592bb3,64,insert,grasu_temporal_real_compact_file_order_slice,,,,,,,,,,,,,,,,,,,,,,,,,,,,,,,,,,,,,,,,,,,,,,,,,,,,,,,,,,,,,,,,,,,,,,,,,,,,,,,,,,,,,,,,,,,,,,,,,,,,,
grasu_au_insert_u64,sx_askubuntu,thresholded_residual_pagerank,spine,210.57822666666667,3848986,25831496,3848986,0.7770589448753515,36.77709740808187,True,0,697021d8cde440b9f419e79e21dc46f4bbb71160178c485327100943aeb778f6,64,insert,grasu_temporal_real_compact_file_order_slice,,,,,,,,,,,,,,,,,,,,,,,,,,,,,,,,,,,,,,,,,,,,,,,,,,,,,,,,,,,,,,,,,,,,,,,,,,,,,,,,,,,,,,,,,,,,,,,,,,,,,
grasu_bc_insert_u1,soc_bitcoin,thresholded_residual_pagerank,grasu_regraph,163.32876,4381348,186976168,4381348,0.9620395366905345,25.71833917785051,True,0,af0f63bc1800fd58c52cc20cc12ae6d82ac6c37d4ace59881a2fea2025e52ddc,1,insert,grasu_temporal_real_compact_file_order_slice,,,,,,,,,,,,,,,,,,,,,,,,,,,,,,,,,,,,,,,,,,,,,,,,,,,,,,,,,,,,,,,,,,,,,,,,,,,,,,,,,,,,,,,,,,,,,,,,,,,,,
grasu_bc_insert_u1,soc_bitcoin,thresholded_residual_pagerank,spine,253.09512,6833925,33377120,6833925,0.9649148915154907,31.093493807157884,True,0,dd85c5cc5995eedcfe5e3258484e51d2554611b04365a099340ae42f39d4b0b1,1,insert,grasu_temporal_real_compact_file_order_slice,,,,,,,,,,,,,,,,,,,,,,,,,,,,,,,,,,,,,,,,,,,,,,,,,,,,,,,,,,,,,,,,,,,,,,,,,,,,,,,,,,,,,,,,,,,,,,,,,,,,,
grasu_bc_insert_u64,soc_bitcoin,thresholded_residual_pagerank,grasu_regraph,163.56072,4384571,187165752,4384571,0.9615011365992249,25.703257325690014,True,0,b7ef40faad458e611b753a027fa400a6629b54bc516f4cb3f4be8ae6e0ca2e64,64,insert,grasu_temporal_real_compact_file_order_slice,,,,,,,,,,,,,,,,,,,,,,,,,,,,,,,,,,,,,,,,,,,,,,,,,,,,,,,,,,,,,,,,,,,,,,,,,,,,,,,,,,,,,,,,,,,,,,,,,,,,,
grasu_bc_insert_u64,soc_bitcoin,thresholded_residual_pagerank,spine,256.0188,6861983,33666256,6861983,0.9633439779725481,31.08091773295926,True,0,74eae3ad3cd6900fcd6b9dfa0a9d7d4e0754fa95ed6c5279894e900671b7f195,64,insert,grasu_temporal_real_compact_file_order_slice,,,,,,,,,,,,,,,,,,,,,,,,,,,,,,,,,,,,,,,,,,,,,,,,,,,,,,,,,,,,,,,,,,,,,,,,,,,,,,,,,,,,,,,,,,,,,,,,,,,,,
grasu_so_insert_u1,sx_stackoverflow,thresholded_residual_pagerank,grasu_regraph,68.03159333333333,3803667,220885448,3803667,0.9604883918597501,29.08415170380471,True,0,35aa30654914456ea64e544036394539897b9fb283432f13dcc46a5e9c571498,1,insert,grasu_temporal_real_compact_file_order_slice,,,,,,,,,,,,,,,,,,,,,,,,,,,,,,,,,,,,,,,,,,,,,,,,,,,,,,,,,,,,,,,,,,,,,,,,,,,,,,,,,,,,,,,,,,,,,,,,,,,,,
grasu_so_insert_u1,sx_stackoverflow,thresholded_residual_pagerank,spine,155.80499333333333,2995226,21745032,2995226,0.8882474978515812,30.701717639204144,True,0,e25acc923ff38555597be318b2cd79dae72e1d9408e60f6096e6825e1a07c19a,1,insert,grasu_temporal_real_compact_file_order_slice,,,,,,,,,,,,,,,,,,,,,,,,,,,,,,,,,,,,,,,,,,,,,,,,,,,,,,,,,,,,,,,,,,,,,,,,,,,,,,,,,,,,,,,,,,,,,,,,,,,,,
grasu_so_insert_u64,sx_stackoverflow,thresholded_residual_pagerank,grasu_regraph,73.12558,4080948,236988448,4080948,0.9602249281294445,29.10784790768803,True,0,3d985a070b58a0cc51d3d67955a7b438008e750ef79caa70ef9276768bbbcd19,64,insert,grasu_temporal_real_compact_file_order_slice,,,,,,,,,,,,,,,,,,,,,,,,,,,,,,,,,,,,,,,,,,,,,,,,,,,,,,,,,,,,,,,,,,,,,,,,,,,,,,,,,,,,,,,,,,,,,,,,,,,,,
grasu_so_insert_u64,sx_stackoverflow,thresholded_residual_pagerank,spine,158.38508000000002,3046699,22080240,3046699,0.8896316964688668,30.87278962307484,True,0,21bf482f96f70b4b486f7a237939a1a6a28f78cade43959e431a13a33126d544,64,insert,grasu_temporal_real_compact_file_order_slice,,,,,,,,,,,,,,,,,,,,,,,,,,,,,,,,,,,,,,,,,,,,,,,,,,,,,,,,,,,,,,,,,,,,,,,,,,,,,,,,,,,,,,,,,,,,,,,,,,,,,
grasu_su_insert_u1,sx_superuser,thresholded_residual_pagerank,grasu_regraph,85.18990666666666,3778388,208157928,3778388,0.958763366811455,28.14493031165379,True,0,74b444e12e2700b6c90963ece9d53b79a210a13c4efb16a82d3d67dcfc5f0c5c,1,insert,grasu_temporal_real_compact_file_order_slice,,,,,,,,,,,,,,,,,,,,,,,,,,,,,,,,,,,,,,,,,,,,,,,,,,,,,,,,,,,,,,,,,,,,,,,,,,,,,,,,,,,,,,,,,,,,,,,,,,,,,
grasu_su_insert_u1,sx_superuser,thresholded_residual_pagerank,spine,218.20494,3818468,26275816,3818468,0.7742791087944171,36.443839747417655,True,0,8dd4d8f32331b6393815c5dbb0bcac8c7b8055042d318dba2a30ad3a6c782358,1,insert,grasu_temporal_real_compact_file_order_slice,,,,,,,,,,,,,,,,,,,,,,,,,,,,,,,,,,,,,,,,,,,,,,,,,,,,,,,,,,,,,,,,,,,,,,,,,,,,,,,,,,,,,,,,,,,,,,,,,,,,,
grasu_su_insert_u64,sx_superuser,thresholded_residual_pagerank,grasu_regraph,91.05368,4033098,222198608,4033098,0.958508074933959,28.114950701271574,True,0,a5855b892b88b0050894ca264f178f3268fffff972cbb676cc588eca54749c82,64,insert,grasu_temporal_real_compact_file_order_slice,,,,,,,,,,,,,,,,,,,,,,,,,,,,,,,,,,,,,,,,,,,,,,,,,,,,,,,,,,,,,,,,,,,,,,,,,,,,,,,,,,,,,,,,,,,,,,,,,,,,,
grasu_su_insert_u64,sx_superuser,thresholded_residual_pagerank,spine,221.45612666666668,3889825,26731772,3889825,0.7758307893028606,36.34050180136387,True,0,a0fa41484aeee203d73ccfb42f153a59f8ffef68fcd88537d12aea0243aadf03,64,insert,grasu_temporal_real_compact_file_order_slice,,,,,,,,,,,,,,,,,,,,,,,,,,,,,,,,,,,,,,,,,,,,,,,,,,,,,,,,,,,,,,,,,,,,,,,,,,,,,,,,,,,,,,,,,,,,,,,,,,,,,
grasu_wk_insert_u1,wiki_talk_temporal,thresholded_residual_pagerank,grasu_regraph,186.38831333333334,5676222,285547536,5676222,0.947224403837623,26.88878705764346,True,0,baa4d4c250ec1215de218fd4ab2430c4846342713db41210e03dbbe31afba095,1,insert,grasu_temporal_real_compact_file_order_slice,,,,,,,,,,,,,,,,,,,,,,,,,,,,,,,,,,,,,,,,,,,,,,,,,,,,,,,,,,,,,,,,,,,,,,,,,,,,,,,,,,,,,,,,,,,,,,,,,,,,,
grasu_wk_insert_u1,wiki_talk_temporal,thresholded_residual_pagerank,spine,414.41346,6506142,45135568,6506142,0.8603152221393262,31.60257507542131,True,0,37c175ca4e5ffc9469494c03cf8fdfedb20e52153f1468d4a8251ec58848c195,1,insert,grasu_temporal_real_compact_file_order_slice,,,,,,,,,,,,,,,,,,,,,,,,,,,,,,,,,,,,,,,,,,,,,,,,,,,,,,,,,,,,,,,,,,,,,,,,,,,,,,,,,,,,,,,,,,,,,,,,,,,,,
grasu_wk_insert_u64,wiki_talk_temporal,thresholded_residual_pagerank,grasu_regraph,171.88240666666667,5227230,262987568,5227230,0.9462906740281182,26.905682768555533,True,0,94a6d43c2303f6db063eb28af3c293e36b9d502db6e43f258655799c5cf57055,64,insert,grasu_temporal_real_compact_file_order_slice,,,,,,,,,,,,,,,,,,,,,,,,,,,,,,,,,,,,,,,,,,,,,,,,,,,,,,,,,,,,,,,,,,,,,,,,,,,,,,,,,,,,,,,,,,,,,,,,,,,,,
grasu_wk_insert_u64,wiki_talk_temporal,thresholded_residual_pagerank,spine,414.98412,6418582,44906676,6418582,0.8571263871054385,31.742256372977497,True,0,325bee48f5ab5b01d52c92fc3a05c0a07f83aec223a8924d0e4dac51a2490e43,64,insert,grasu_temporal_real_compact_file_order_slice,,,,,,,,,,,,,,,,,,,,,,,,,,,,,,,,,,,,,,,,,,,,,,,,,,,,,,,,,,,,,,,,,,,,,,,,,,,,,,,,,,,,,,,,,,,,,,,,,,,,,
