algorithm,run_id,dataset_id,scenario,spine_e2e_ms,grasu_e2e_ms,spine_speedup_over_grasu,grasu_to_spine_request_ratio,grasu_to_spine_byte_ratio,spine_bytes,grasu_bytes,spine_classified_bytes,grasu_classified_bytes,spine_contiguous_bytes,grasu_contiguous_bytes,spine_repeated_bytes,grasu_repeated_bytes,spine_discontinuous_bytes,grasu_discontinuous_bytes,spine_contiguous_byte_ratio,spine_discontinuous_byte_ratio,grasu_contiguous_byte_ratio,grasu_discontinuous_byte_ratio
full_pagerank,real_amazon_2008_delete_u8,amazon_2008,delete,0.9723758865248227,0.96788,0.995376390357755,2.4258189674176625,20.556953807740324,160200,3293224,160064,3292564,99908,3263012,3048,984,57108,28568,0.6241753298680528,0.35678228708516596,0.9910246239708629,0.008676520790484255
full_pagerank,real_amazon_2008_insert_u8,amazon_2008,insert,0.9736170212765957,0.9680150000000001,0.9942461756993008,2.4143816083885405,20.444207180811443,161096,3293480,160960,3292788,100804,3259620,3048,1016,57108,32152,0.6262673956262426,0.3547962226640159,0.9899270769937208,0.009764369889589005
full_pagerank,real_amazon_2008_weight_change_u8,amazon_2008,weight_change,0.9736170212765957,0.96935,0.9956173513986015,2.4058610298292353,20.187490809274056,163208,3294760,163072,3293940,102916,3258468,3048,2104,57108,33368,0.6311077315541601,0.3502011381475667,0.98923113353613,0.010130117731349083
full_pagerank,real_soc_flickr_und_delete_u8,soc_flickr_und,delete,2.607709219858156,1.7973649999999999,0.6892505446208324,0.9822292122940338,7.843824701195219,431720,3386336,431584,3385516,325780,3354908,3048,888,102756,29720,0.7548472603247571,0.2380903833320976,0.9909591329652555,0.008778573192387807
full_pagerank,real_soc_flickr_und_insert_u8,soc_flickr_und,insert,2.6087659574468085,1.7973649999999999,0.6889713486445046,0.9807175874972485,7.828096972835032,432616,3386560,432480,3385740,326676,3356284,3048,616,102756,28840,0.7553551609322975,0.23759711431742508,0.9912999816879028,0.008518078765646506
full_pagerank,real_soc_flickr_und_weight_change_u8,soc_flickr_und,weight_change,2.6099290780141846,1.79831,0.6890263858695652,0.9801462292487803,7.793139618336063,434728,3387896,434592,3387076,328788,3352436,3048,1528,102756,33112,0.7565440689198144,0.23644245637287387,0.9897728896546756,0.009775983768890925
full_pagerank,real_web_google_delete_u8,web_google,delete,2.900914893617021,2.01119,0.6932950719875609,0.9436503536220909,7.475194561073732,455384,3404084,455248,3403264,337612,3374192,3048,888,114588,28184,0.7416001827575299,0.25170456542368114,0.9914576124567474,0.00828146156160674
full_pagerank,real_web_google_insert_u8,web_google,insert,2.903510638297872,2.01119,0.6926752647198916,0.942331321478241,7.46102393267292,456280,3404316,456144,3403496,338508,3371672,3048,616,114588,31208,0.7421077554456488,0.25121014416500054,0.9906496143964911,0.009169395233606856
full_pagerank,real_web_google_weight_change_u8,web_google,weight_change,2.905673758865248,2.012,0.6924383695386869,0.94181891727904,7.4295101136145485,458392,3405628,458256,3404808,340620,3372216,3048,1936,114588,30656,0.7432963234523934,0.2500523724730282,0.9904276540703617,0.009003738243096233
thresholded_residual_pagerank,real_amazon_2008_delete_u8,amazon_2008,delete,22.08344680851064,26.991915,1.2222691155982819,5.322588917722485,53.64448733317747,4020740,215690536,4020604,215689876,2049608,208849636,76064,984,1894932,6839256,0.5097761430869591,0.4713053063669041,0.9682866895430919,0.03170874835126707
thresholded_residual_pagerank,real_amazon_2008_insert_u8,amazon_2008,insert,21.87786524822695,27.263160000000003,1.2461526611792937,5.4082013076150615,54.54249782957209,3994604,217875680,3994468,217874988,2047780,211283728,74752,1016,1871936,6590244,0.5126540004826675,0.4686321182194976,0.9697475141111654,0.030247822664251852
thresholded_residual_pagerank,real_amazon_2008_weight_change_u8,amazon_2008,weight_change,21.85836879432624,27.263975,1.2473014458003329,5.418645973874529,54.65983885809819,3986052,217876960,3985916,217876140,2040432,211396624,74688,2104,1870796,6477412,0.5119104366474356,0.4693515869376073,0.9702605526240735,0.02972979051308693
thresholded_residual_pagerank,real_soc_flickr_und_delete_u8,soc_flickr_und,delete,60.00658865248227,48.276630000000004,0.8045221547184712,1.6199168844699774,16.746995945676403,11611308,194454528,11611172,194453708,6763592,188674048,76416,888,4771164,5778772,0.582507261110248,0.4109114911052907,0.9702774503019506,0.029717983058466544
thresholded_residual_pagerank,real_soc_flickr_und_insert_u8,soc_flickr_und,insert,60.60578014184397,51.010529999999996,0.8416776399975893,1.6838486367503978,17.44341129645304,11781468,205508992,11781332,205508172,6903036,199408004,76680,616,4801616,6099552,0.5859300119884576,0.4075613860979387,0.9703166645849977,0.029680337967290176
thresholded_residual_pagerank,real_soc_flickr_und_weight_change_u8,soc_flickr_und,weight_change,60.44569503546099,49.917719999999996,0.8258275460430281,1.656931679306246,17.14783490800461,11726892,201090808,11726756,201089988,6854892,195102612,76648,1528,4795216,5985848,0.5845514309328173,0.4089124051016325,0.9702253898389014,0.029767011572948126
thresholded_residual_pagerank,real_web_google_delete_u8,web_google,delete,66.85829787234042,47.13084,0.704936283152046,1.3305041537038338,13.794525961476076,12206856,168387792,12206720,168386972,6734836,163268960,75184,888,5396700,5117124,0.551731832957584,0.44210893671682483,0.9696056533399745,0.03038907309289937
thresholded_residual_pagerank,real_web_google_insert_u8,web_google,insert,66.86187234042553,47.13918,0.7050233316828469,1.3291574389028724,13.77340812083958,12225928,168392696,12225792,168391876,6753868,163389704,75184,616,5396740,5001556,0.5524278508909689,0.4414225270640953,0.9702944576732431,0.029701884193035537
thresholded_residual_pagerank,real_web_google_weight_change_u8,web_google,weight_change,66.86171631205674,47.13918,0.7050249769238978,1.329781507110554,13.781378959504874,12218952,168394008,12218816,168393188,6746868,163393576,75184,1936,5396764,4997676,0.5521703575862015,0.4416765094097497,0.9703098916329086,0.029678611464972086
weighted_sssp,real_amazon_2008_delete_u8,amazon_2008,delete,0.8105815602836879,1.0211000000000001,1.2597128407937566,1.8424987626019225,8.554741332166685,512008,4380096,511904,4379448,438460,4341248,6640,928,66804,37272,0.8565277864599612,0.13050103144339564,0.9912774395311921,0.008510661617628522
weighted_sssp,real_amazon_2008_insert_u8,amazon_2008,insert,0.27517021276595743,1.021485,3.7121932266295525,14.43673469387755,112.90895968656562,38796,4380416,38692,4379736,25296,4338048,16,960,13380,40728,0.6537785588752196,0.3458079189496537,0.9904816180701302,0.009299190636147932
weighted_sssp,real_amazon_2008_weight_change_u8,amazon_2008,weight_change,0.8215035460992908,1.02198,1.2440360176807792,1.833916310402902,8.509873992013798,514888,4381632,514784,4380824,441304,4341760,6640,1984,66840,37080,0.857260520917511,0.12984086529495867,0.9910829560831478,0.008464161080198611
weighted_sssp,real_soc_flickr_und_delete_u8,soc_flickr_und,delete,1.9643120567375887,1.4767949999999999,0.7518128267525489,0.7307097120935534,2.982830260133027,1499848,4473792,1499744,4472984,1415160,4428224,6640,832,77944,43928,0.9436010412443724,0.051971536475558494,0.9899932572975892,0.009820737118666196
weighted_sssp,real_soc_flickr_und_insert_u8,soc_flickr_und,insert,0.6494539007092198,1.47707,2.274326166009632,7.44140403849783,53.078346699568165,84292,4474080,84188,4473272,70780,4436832,16,560,13392,35880,0.8407373972537654,0.15907255190763528,0.9918538376383104,0.008020974356131262
weighted_sssp,real_soc_flickr_und_weight_change_u8,soc_flickr_und,weight_change,2.125304964539007,1.4774,0.6951472963412844,0.7108650805805039,2.9389353682081456,1522780,4475352,1522644,4474544,1426088,4430808,6744,1408,89812,42328,0.9365866216922669,0.05898424057100675,0.9902255961724815,0.009459734891421339
weighted_sssp,real_web_google_delete_u8,web_google,delete,1.9735177304964537,1.59341,0.807395837076754,0.7455769762936998,2.9894181726172246,1501820,4489568,1501716,4488760,1405916,4447392,6640,832,89160,40536,0.9362063133109056,0.059372078342376323,0.9907840918204582,0.009030556322904322
weighted_sssp,real_web_google_insert_u8,web_google,insert,0.6497872340425532,1.5936299999999999,2.4525412573673866,7.627571239856577,53.26560053148579,84292,4489864,84188,4489056,70688,4443912,16,560,13484,44584,0.8396446049318192,0.16016534422958142,0.9899435426958363,0.009931709472993877
weighted_sssp,real_web_google_weight_change_u8,web_google,weight_change,1.9794042553191489,1.5940699999999999,0.8053281666523346,0.744637168793386,2.9847225360536984,1504700,4491112,1504596,4490304,1408732,4451944,6640,1816,89224,36544,0.9362858867097879,0.05930096849918516,0.9914571485583159,0.008138424480836933
