execution_id,group_id,dataset_id,algorithm,scenario,batch_size,system,plugin_sha256,claim_scope,component,component_cycles,work_items,read_events,write_events,backend_requests,stall_cycles,counter_contract
d4663f47718ae2510810,984c8cd8d6fbd3225131,hollywood_2009,weighted_sssp,insert,8,spine,96b4375f8549016ac8be36d85b04b4b5730df0af477dcc5909903845a8f56919,workload_specific_activity_not_total_energy,axis_streams,0,0,0,0,0,51978,spine_axis_transfer_backpressure_v1
d4663f47718ae2510810,984c8cd8d6fbd3225131,hollywood_2009,weighted_sssp,insert,8,spine,96b4375f8549016ac8be36d85b04b4b5730df0af477dcc5909903845a8f56919,workload_specific_activity_not_total_energy,compute,129323,0,0,0,0,0,spine_compute_execution_and_memory_v1
d4663f47718ae2510810,984c8cd8d6fbd3225131,hollywood_2009,weighted_sssp,insert,8,spine,96b4375f8549016ac8be36d85b04b4b5730df0af477dcc5909903845a8f56919,workload_specific_activity_not_total_energy,hbm_frontend,143329,0,3977,872,4849,10872,shared_axi_hbm_request_and_stall_v1
d4663f47718ae2510810,984c8cd8d6fbd3225131,hollywood_2009,weighted_sssp,insert,8,spine,96b4375f8549016ac8be36d85b04b4b5730df0af477dcc5909903845a8f56919,workload_specific_activity_not_total_energy,maintenance,14006,40,0,0,4849,3834,spine_maintenance_execution_and_memory_v1
d4663f47718ae2510810,984c8cd8d6fbd3225131,hollywood_2009,weighted_sssp,insert,8,spine,96b4375f8549016ac8be36d85b04b4b5730df0af477dcc5909903845a8f56919,workload_specific_activity_not_total_energy,onchip_state_arrays,0,0,0,0,0,0,spine_selected_bram_uram_bitmap_accesses_v1
d4663f47718ae2510810,984c8cd8d6fbd3225131,hollywood_2009,weighted_sssp,insert,8,spine,96b4375f8549016ac8be36d85b04b4b5730df0af477dcc5909903845a8f56919,workload_specific_activity_not_total_energy,reader,0,0,0,0,0,0,spine_reader_execution_and_memory_v1
980c084e249992cc626c,1b46cb212c1892278285,ljournal_2008,weighted_sssp,insert,8,spine,96b4375f8549016ac8be36d85b04b4b5730df0af477dcc5909903845a8f56919,workload_specific_activity_not_total_energy,axis_streams,0,0,0,0,0,20074,spine_axis_transfer_backpressure_v1
980c084e249992cc626c,1b46cb212c1892278285,ljournal_2008,weighted_sssp,insert,8,spine,96b4375f8549016ac8be36d85b04b4b5730df0af477dcc5909903845a8f56919,workload_specific_activity_not_total_energy,compute,79550,0,0,0,0,0,spine_compute_execution_and_memory_v1
980c084e249992cc626c,1b46cb212c1892278285,ljournal_2008,weighted_sssp,insert,8,spine,96b4375f8549016ac8be36d85b04b4b5730df0af477dcc5909903845a8f56919,workload_specific_activity_not_total_energy,hbm_frontend,91549,0,2691,746,3437,8217,shared_axi_hbm_request_and_stall_v1
980c084e249992cc626c,1b46cb212c1892278285,ljournal_2008,weighted_sssp,insert,8,spine,96b4375f8549016ac8be36d85b04b4b5730df0af477dcc5909903845a8f56919,workload_specific_activity_not_total_energy,maintenance,11999,40,0,0,3437,3634,spine_maintenance_execution_and_memory_v1
980c084e249992cc626c,1b46cb212c1892278285,ljournal_2008,weighted_sssp,insert,8,spine,96b4375f8549016ac8be36d85b04b4b5730df0af477dcc5909903845a8f56919,workload_specific_activity_not_total_energy,onchip_state_arrays,0,0,0,0,0,0,spine_selected_bram_uram_bitmap_accesses_v1
980c084e249992cc626c,1b46cb212c1892278285,ljournal_2008,weighted_sssp,insert,8,spine,96b4375f8549016ac8be36d85b04b4b5730df0af477dcc5909903845a8f56919,workload_specific_activity_not_total_energy,reader,0,0,0,0,0,0,spine_reader_execution_and_memory_v1
fe9587b82163333e9f97,c78a997ac5a1792c2731,rmat_19_32,weighted_sssp,insert,8,spine,96b4375f8549016ac8be36d85b04b4b5730df0af477dcc5909903845a8f56919,workload_specific_activity_not_total_energy,axis_streams,0,0,0,0,0,7534,spine_axis_transfer_backpressure_v1
fe9587b82163333e9f97,c78a997ac5a1792c2731,rmat_19_32,weighted_sssp,insert,8,spine,96b4375f8549016ac8be36d85b04b4b5730df0af477dcc5909903845a8f56919,workload_specific_activity_not_total_energy,compute,57541,0,0,0,0,0,spine_compute_execution_and_memory_v1
fe9587b82163333e9f97,c78a997ac5a1792c2731,rmat_19_32,weighted_sssp,insert,8,spine,96b4375f8549016ac8be36d85b04b4b5730df0af477dcc5909903845a8f56919,workload_specific_activity_not_total_energy,hbm_frontend,64058,0,1449,550,1999,4759,shared_axi_hbm_request_and_stall_v1
fe9587b82163333e9f97,c78a997ac5a1792c2731,rmat_19_32,weighted_sssp,insert,8,spine,96b4375f8549016ac8be36d85b04b4b5730df0af477dcc5909903845a8f56919,workload_specific_activity_not_total_energy,maintenance,6517,40,0,0,1999,2013,spine_maintenance_execution_and_memory_v1
fe9587b82163333e9f97,c78a997ac5a1792c2731,rmat_19_32,weighted_sssp,insert,8,spine,96b4375f8549016ac8be36d85b04b4b5730df0af477dcc5909903845a8f56919,workload_specific_activity_not_total_energy,onchip_state_arrays,0,0,0,0,0,0,spine_selected_bram_uram_bitmap_accesses_v1
fe9587b82163333e9f97,c78a997ac5a1792c2731,rmat_19_32,weighted_sssp,insert,8,spine,96b4375f8549016ac8be36d85b04b4b5730df0af477dcc5909903845a8f56919,workload_specific_activity_not_total_energy,reader,0,0,0,0,0,0,spine_reader_execution_and_memory_v1
e0e70d282abd77e5201f,e4a1843d1b9d1a5b3e76,soc_livejournal1,weighted_sssp,insert,8,spine,96b4375f8549016ac8be36d85b04b4b5730df0af477dcc5909903845a8f56919,workload_specific_activity_not_total_energy,axis_streams,0,0,0,0,0,141959,spine_axis_transfer_backpressure_v1
e0e70d282abd77e5201f,e4a1843d1b9d1a5b3e76,soc_livejournal1,weighted_sssp,insert,8,spine,96b4375f8549016ac8be36d85b04b4b5730df0af477dcc5909903845a8f56919,workload_specific_activity_not_total_energy,compute,279843,0,0,0,0,0,spine_compute_execution_and_memory_v1
e0e70d282abd77e5201f,e4a1843d1b9d1a5b3e76,soc_livejournal1,weighted_sssp,insert,8,spine,96b4375f8549016ac8be36d85b04b4b5730df0af477dcc5909903845a8f56919,workload_specific_activity_not_total_energy,hbm_frontend,294699,0,5112,887,5999,12322,shared_axi_hbm_request_and_stall_v1
e0e70d282abd77e5201f,e4a1843d1b9d1a5b3e76,soc_livejournal1,weighted_sssp,insert,8,spine,96b4375f8549016ac8be36d85b04b4b5730df0af477dcc5909903845a8f56919,workload_specific_activity_not_total_energy,maintenance,14856,40,0,0,5999,3923,spine_maintenance_execution_and_memory_v1
e0e70d282abd77e5201f,e4a1843d1b9d1a5b3e76,soc_livejournal1,weighted_sssp,insert,8,spine,96b4375f8549016ac8be36d85b04b4b5730df0af477dcc5909903845a8f56919,workload_specific_activity_not_total_energy,onchip_state_arrays,0,0,0,0,0,0,spine_selected_bram_uram_bitmap_accesses_v1
e0e70d282abd77e5201f,e4a1843d1b9d1a5b3e76,soc_livejournal1,weighted_sssp,insert,8,spine,96b4375f8549016ac8be36d85b04b4b5730df0af477dcc5909903845a8f56919,workload_specific_activity_not_total_energy,reader,0,0,0,0,0,0,spine_reader_execution_and_memory_v1
a481b5d34abacf23343c,97995d9c497a11b58c80,soc_pokec,weighted_sssp,insert,8,spine,96b4375f8549016ac8be36d85b04b4b5730df0af477dcc5909903845a8f56919,workload_specific_activity_not_total_energy,axis_streams,0,0,0,0,0,45024,spine_axis_transfer_backpressure_v1
a481b5d34abacf23343c,97995d9c497a11b58c80,soc_pokec,weighted_sssp,insert,8,spine,96b4375f8549016ac8be36d85b04b4b5730df0af477dcc5909903845a8f56919,workload_specific_activity_not_total_energy,compute,111335,0,0,0,0,0,spine_compute_execution_and_memory_v1
a481b5d34abacf23343c,97995d9c497a11b58c80,soc_pokec,weighted_sssp,insert,8,spine,96b4375f8549016ac8be36d85b04b4b5730df0af477dcc5909903845a8f56919,workload_specific_activity_not_total_energy,hbm_frontend,123744,0,3128,739,3867,9368,shared_axi_hbm_request_and_stall_v1
a481b5d34abacf23343c,97995d9c497a11b58c80,soc_pokec,weighted_sssp,insert,8,spine,96b4375f8549016ac8be36d85b04b4b5730df0af477dcc5909903845a8f56919,workload_specific_activity_not_total_energy,maintenance,12409,40,0,0,3867,3530,spine_maintenance_execution_and_memory_v1
a481b5d34abacf23343c,97995d9c497a11b58c80,soc_pokec,weighted_sssp,insert,8,spine,96b4375f8549016ac8be36d85b04b4b5730df0af477dcc5909903845a8f56919,workload_specific_activity_not_total_energy,onchip_state_arrays,0,0,0,0,0,0,spine_selected_bram_uram_bitmap_accesses_v1
a481b5d34abacf23343c,97995d9c497a11b58c80,soc_pokec,weighted_sssp,insert,8,spine,96b4375f8549016ac8be36d85b04b4b5730df0af477dcc5909903845a8f56919,workload_specific_activity_not_total_energy,reader,0,0,0,0,0,0,spine_reader_execution_and_memory_v1
38f2e87a7e932810c66f,ecd674904ebc750b3ea3,sx_askubuntu,connected_components,insert,8,grasu_regraph_k4_shared,96b4375f8549016ac8be36d85b04b4b5730df0af477dcc5909903845a8f56919,workload_specific_activity_not_total_energy,apply,0,0,0,0,0,0,regraph_apply_pipeline_activity_v1
38f2e87a7e932810c66f,ecd674904ebc750b3ea3,sx_askubuntu,connected_components,insert,8,grasu_regraph_k4_shared,96b4375f8549016ac8be36d85b04b4b5730df0af477dcc5909903845a8f56919,workload_specific_activity_not_total_energy,compute_pipeline_aggregate,13461701,1422,0,0,0,3256084,grasu_regraph_compute_aggregate_v1
38f2e87a7e932810c66f,ecd674904ebc750b3ea3,sx_askubuntu,connected_components,insert,8,grasu_regraph_k4_shared,96b4375f8549016ac8be36d85b04b4b5730df0af477dcc5909903845a8f56919,workload_specific_activity_not_total_energy,gather,0,0,0,0,0,0,regraph_gather_bank_accesses_v1
38f2e87a7e932810c66f,ecd674904ebc750b3ea3,sx_askubuntu,connected_components,insert,8,grasu_regraph_k4_shared,96b4375f8549016ac8be36d85b04b4b5730df0af477dcc5909903845a8f56919,workload_specific_activity_not_total_energy,hbm_frontend,13462032,0,4662542,98320,4760862,0,shared_axi_hbm_request_and_stall_v1
38f2e87a7e932810c66f,ecd674904ebc750b3ea3,sx_askubuntu,connected_components,insert,8,grasu_regraph_k4_shared,96b4375f8549016ac8be36d85b04b4b5730df0af477dcc5909903845a8f56919,workload_specific_activity_not_total_energy,merger,0,0,0,0,0,0,regraph_merger_stream_activity_v1
38f2e87a7e932810c66f,ecd674904ebc750b3ea3,sx_askubuntu,connected_components,insert,8,grasu_regraph_k4_shared,96b4375f8549016ac8be36d85b04b4b5730df0af477dcc5909903845a8f56919,workload_specific_activity_not_total_energy,source_cache,0,0,0,0,0,0,grasu_regraph_source_cache_accesses_v1
38f2e87a7e932810c66f,ecd674904ebc750b3ea3,sx_askubuntu,connected_components,insert,8,grasu_regraph_k4_shared,96b4375f8549016ac8be36d85b04b4b5730df0af477dcc5909903845a8f56919,workload_specific_activity_not_total_energy,update_pma,331,16,0,0,0,0,grasu_update_pma_execution_v1
5c08b545f30bcb906e10,ecd674904ebc750b3ea3,sx_askubuntu,connected_components,insert,8,spine,96b4375f8549016ac8be36d85b04b4b5730df0af477dcc5909903845a8f56919,workload_specific_activity_not_total_energy,axis_streams,0,0,0,0,0,0,spine_axis_transfer_backpressure_v1
5c08b545f30bcb906e10,ecd674904ebc750b3ea3,sx_askubuntu,connected_components,insert,8,spine,96b4375f8549016ac8be36d85b04b4b5730df0af477dcc5909903845a8f56919,workload_specific_activity_not_total_energy,compute,2176112,1422,0,0,1033970,0,spine_compute_execution_and_memory_v1
5c08b545f30bcb906e10,ecd674904ebc750b3ea3,sx_askubuntu,connected_components,insert,8,spine,96b4375f8549016ac8be36d85b04b4b5730df0af477dcc5909903845a8f56919,workload_specific_activity_not_total_energy,hbm_frontend,2183489,0,519175,515631,1034806,0,shared_axi_hbm_request_and_stall_v1
5c08b545f30bcb906e10,ecd674904ebc750b3ea3,sx_askubuntu,connected_components,insert,8,spine,96b4375f8549016ac8be36d85b04b4b5730df0af477dcc5909903845a8f56919,workload_specific_activity_not_total_energy,maintenance,7377,16,0,0,836,0,spine_maintenance_execution_and_memory_v1
5c08b545f30bcb906e10,ecd674904ebc750b3ea3,sx_askubuntu,connected_components,insert,8,spine,96b4375f8549016ac8be36d85b04b4b5730df0af477dcc5909903845a8f56919,workload_specific_activity_not_total_energy,onchip_state_arrays,0,0,0,0,0,0,spine_selected_bram_uram_bitmap_accesses_v1
5c08b545f30bcb906e10,ecd674904ebc750b3ea3,sx_askubuntu,connected_components,insert,8,spine,96b4375f8549016ac8be36d85b04b4b5730df0af477dcc5909903845a8f56919,workload_specific_activity_not_total_energy,reader,0,1422,0,0,0,0,spine_reader_execution_and_memory_v1
c3fe1f45c53d21b9bd98,38f46d8917665d1b1c50,sx_askubuntu,thresholded_residual_pagerank,insert,8,grasu_regraph_k4_shared,96b4375f8549016ac8be36d85b04b4b5730df0af477dcc5909903845a8f56919,workload_specific_activity_not_total_energy,apply,0,32768,32768,32768,0,0,regraph_apply_pipeline_activity_v1
c3fe1f45c53d21b9bd98,38f46d8917665d1b1c50,sx_askubuntu,thresholded_residual_pagerank,insert,8,grasu_regraph_k4_shared,96b4375f8549016ac8be36d85b04b4b5730df0af477dcc5909903845a8f56919,workload_specific_activity_not_total_energy,compute_pipeline_aggregate,14729696,0,0,0,5821392,2511521,grasu_regraph_compute_aggregate_v1
c3fe1f45c53d21b9bd98,38f46d8917665d1b1c50,sx_askubuntu,thresholded_residual_pagerank,insert,8,grasu_regraph_k4_shared,96b4375f8549016ac8be36d85b04b4b5730df0af477dcc5909903845a8f56919,workload_specific_activity_not_total_energy,gather,524288,0,2097152,4194304,0,0,regraph_gather_bank_accesses_v1
c3fe1f45c53d21b9bd98,38f46d8917665d1b1c50,sx_askubuntu,thresholded_residual_pagerank,insert,8,grasu_regraph_k4_shared,96b4375f8549016ac8be36d85b04b4b5730df0af477dcc5909903845a8f56919,workload_specific_activity_not_total_energy,hbm_frontend,14729898,0,5625945,195500,5821445,5886174,shared_axi_hbm_request_and_stall_v1
c3fe1f45c53d21b9bd98,38f46d8917665d1b1c50,sx_askubuntu,thresholded_residual_pagerank,insert,8,grasu_regraph_k4_shared,96b4375f8549016ac8be36d85b04b4b5730df0af477dcc5909903845a8f56919,workload_specific_activity_not_total_energy,merger,0,262144,0,32768,0,0,regraph_merger_stream_activity_v1
c3fe1f45c53d21b9bd98,38f46d8917665d1b1c50,sx_askubuntu,thresholded_residual_pagerank,insert,8,grasu_regraph_k4_shared,96b4375f8549016ac8be36d85b04b4b5730df0af477dcc5909903845a8f56919,workload_specific_activity_not_total_energy,source_cache,69083,1016,8913952,2080768,0,0,grasu_regraph_source_cache_accesses_v1
c3fe1f45c53d21b9bd98,38f46d8917665d1b1c50,sx_askubuntu,thresholded_residual_pagerank,insert,8,grasu_regraph_k4_shared,96b4375f8549016ac8be36d85b04b4b5730df0af477dcc5909903845a8f56919,workload_specific_activity_not_total_energy,update_pma,202,8,16,16,53,0,grasu_update_pma_execution_v1
4b494c08568b5377a058,38f46d8917665d1b1c50,sx_askubuntu,thresholded_residual_pagerank,insert,8,spine,96b4375f8549016ac8be36d85b04b4b5730df0af477dcc5909903845a8f56919,workload_specific_activity_not_total_energy,axis_streams,0,0,0,0,0,0,spine_axis_transfer_backpressure_v1
4b494c08568b5377a058,38f46d8917665d1b1c50,sx_askubuntu,thresholded_residual_pagerank,insert,8,spine,96b4375f8549016ac8be36d85b04b4b5730df0af477dcc5909903845a8f56919,workload_specific_activity_not_total_energy,compute,2166656,0,0,0,1030982,0,spine_compute_execution_and_memory_v1
4b494c08568b5377a058,38f46d8917665d1b1c50,sx_askubuntu,thresholded_residual_pagerank,insert,8,spine,96b4375f8549016ac8be36d85b04b4b5730df0af477dcc5909903845a8f56919,workload_specific_activity_not_total_energy,hbm_frontend,2172364,0,516115,515540,1031655,2876611,shared_axi_hbm_request_and_stall_v1
4b494c08568b5377a058,38f46d8917665d1b1c50,sx_askubuntu,thresholded_residual_pagerank,insert,8,spine,96b4375f8549016ac8be36d85b04b4b5730df0af477dcc5909903845a8f56919,workload_specific_activity_not_total_energy,maintenance,5708,8,0,0,673,0,spine_maintenance_execution_and_memory_v1
4b494c08568b5377a058,38f46d8917665d1b1c50,sx_askubuntu,thresholded_residual_pagerank,insert,8,spine,96b4375f8549016ac8be36d85b04b4b5730df0af477dcc5909903845a8f56919,workload_specific_activity_not_total_energy,onchip_state_arrays,0,0,0,0,0,0,spine_selected_bram_uram_bitmap_accesses_v1
4b494c08568b5377a058,38f46d8917665d1b1c50,sx_askubuntu,thresholded_residual_pagerank,insert,8,spine,96b4375f8549016ac8be36d85b04b4b5730df0af477dcc5909903845a8f56919,workload_specific_activity_not_total_energy,reader,0,0,0,0,0,0,spine_reader_execution_and_memory_v1
7d85c85226dfafcf6942,ffd1ef59366403da0be8,sx_askubuntu,weighted_sssp,insert,8,grasu_regraph_k4_shared,96b4375f8549016ac8be36d85b04b4b5730df0af477dcc5909903845a8f56919,workload_specific_activity_not_total_energy,apply,0,458752,458752,458752,0,0,regraph_apply_pipeline_activity_v1
7d85c85226dfafcf6942,ffd1ef59366403da0be8,sx_askubuntu,weighted_sssp,insert,8,grasu_regraph_k4_shared,96b4375f8549016ac8be36d85b04b4b5730df0af477dcc5909903845a8f56919,workload_specific_activity_not_total_energy,compute_pipeline_aggregate,179053327,924809,0,0,61761420,44105732,grasu_regraph_compute_aggregate_v1
7d85c85226dfafcf6942,ffd1ef59366403da0be8,sx_askubuntu,weighted_sssp,insert,8,grasu_regraph_k4_shared,96b4375f8549016ac8be36d85b04b4b5730df0af477dcc5909903845a8f56919,workload_specific_activity_not_total_energy,gather,3932160,924809,30284937,32382089,0,43872973,regraph_gather_bank_accesses_v1
7d85c85226dfafcf6942,ffd1ef59366403da0be8,sx_askubuntu,weighted_sssp,insert,8,grasu_regraph_k4_shared,96b4375f8549016ac8be36d85b04b4b5730df0af477dcc5909903845a8f56919,workload_specific_activity_not_total_energy,hbm_frontend,179053544,0,60385218,1376264,61761482,62325104,shared_axi_hbm_request_and_stall_v1
7d85c85226dfafcf6942,ffd1ef59366403da0be8,sx_askubuntu,weighted_sssp,insert,8,grasu_regraph_k4_shared,96b4375f8549016ac8be36d85b04b4b5730df0af477dcc5909903845a8f56919,workload_specific_activity_not_total_energy,merger,0,3670016,0,458752,0,0,regraph_merger_stream_activity_v1
7d85c85226dfafcf6942,ffd1ef59366403da0be8,sx_askubuntu,weighted_sssp,insert,8,grasu_regraph_k4_shared,96b4375f8549016ac8be36d85b04b4b5730df0af477dcc5909903845a8f56919,workload_specific_activity_not_total_energy,source_cache,0,2352,25805248,4816896,0,1544981,grasu_regraph_source_cache_accesses_v1
7d85c85226dfafcf6942,ffd1ef59366403da0be8,sx_askubuntu,weighted_sssp,insert,8,grasu_regraph_k4_shared,96b4375f8549016ac8be36d85b04b4b5730df0af477dcc5909903845a8f56919,workload_specific_activity_not_total_energy,update_pma,217,8,8,8,62,0,grasu_update_pma_execution_v1
cbd2b8928cb1c52432db,ffd1ef59366403da0be8,sx_askubuntu,weighted_sssp,insert,8,spine,96b4375f8549016ac8be36d85b04b4b5730df0af477dcc5909903845a8f56919,workload_specific_activity_not_total_energy,axis_streams,0,0,0,0,0,13560,spine_axis_transfer_backpressure_v1
cbd2b8928cb1c52432db,ffd1ef59366403da0be8,sx_askubuntu,weighted_sssp,insert,8,spine,96b4375f8549016ac8be36d85b04b4b5730df0af477dcc5909903845a8f56919,workload_specific_activity_not_total_energy,compute,56623,0,0,0,0,0,spine_compute_execution_and_memory_v1
cbd2b8928cb1c52432db,ffd1ef59366403da0be8,sx_askubuntu,weighted_sssp,insert,8,spine,96b4375f8549016ac8be36d85b04b4b5730df0af477dcc5909903845a8f56919,workload_specific_activity_not_total_energy,hbm_frontend,62331,0,2954,528,3482,15425,shared_axi_hbm_request_and_stall_v1
cbd2b8928cb1c52432db,ffd1ef59366403da0be8,sx_askubuntu,weighted_sssp,insert,8,spine,96b4375f8549016ac8be36d85b04b4b5730df0af477dcc5909903845a8f56919,workload_specific_activity_not_total_energy,maintenance,5708,40,0,0,3482,1972,spine_maintenance_execution_and_memory_v1
cbd2b8928cb1c52432db,ffd1ef59366403da0be8,sx_askubuntu,weighted_sssp,insert,8,spine,96b4375f8549016ac8be36d85b04b4b5730df0af477dcc5909903845a8f56919,workload_specific_activity_not_total_energy,onchip_state_arrays,0,0,0,0,0,0,spine_selected_bram_uram_bitmap_accesses_v1
cbd2b8928cb1c52432db,ffd1ef59366403da0be8,sx_askubuntu,weighted_sssp,insert,8,spine,96b4375f8549016ac8be36d85b04b4b5730df0af477dcc5909903845a8f56919,workload_specific_activity_not_total_energy,reader,0,0,0,0,0,0,spine_reader_execution_and_memory_v1
fe200a697fdba56a2251,d08a6fa0d85a760bd51d,sx_stackoverflow,connected_components,insert,8,spine,96b4375f8549016ac8be36d85b04b4b5730df0af477dcc5909903845a8f56919,workload_specific_activity_not_total_energy,axis_streams,0,0,0,0,0,0,spine_axis_transfer_backpressure_v1
fe200a697fdba56a2251,d08a6fa0d85a760bd51d,sx_stackoverflow,connected_components,insert,8,spine,96b4375f8549016ac8be36d85b04b4b5730df0af477dcc5909903845a8f56919,workload_specific_activity_not_total_energy,compute,25528628,17630,0,0,12092105,0,spine_compute_execution_and_memory_v1
fe200a697fdba56a2251,d08a6fa0d85a760bd51d,sx_stackoverflow,connected_components,insert,8,spine,96b4375f8549016ac8be36d85b04b4b5730df0af477dcc5909903845a8f56919,workload_specific_activity_not_total_energy,hbm_frontend,25547188,0,6068726,6024872,12093598,0,shared_axi_hbm_request_and_stall_v1
fe200a697fdba56a2251,d08a6fa0d85a760bd51d,sx_stackoverflow,connected_components,insert,8,spine,96b4375f8549016ac8be36d85b04b4b5730df0af477dcc5909903845a8f56919,workload_specific_activity_not_total_energy,maintenance,18560,16,0,0,1493,0,spine_maintenance_execution_and_memory_v1
fe200a697fdba56a2251,d08a6fa0d85a760bd51d,sx_stackoverflow,connected_components,insert,8,spine,96b4375f8549016ac8be36d85b04b4b5730df0af477dcc5909903845a8f56919,workload_specific_activity_not_total_energy,onchip_state_arrays,0,0,0,0,0,0,spine_selected_bram_uram_bitmap_accesses_v1
fe200a697fdba56a2251,d08a6fa0d85a760bd51d,sx_stackoverflow,connected_components,insert,8,spine,96b4375f8549016ac8be36d85b04b4b5730df0af477dcc5909903845a8f56919,workload_specific_activity_not_total_energy,reader,0,17630,0,0,0,0,spine_reader_execution_and_memory_v1
aacef30f761e5c4f58d4,587aa20d499b12dd46b7,sx_stackoverflow,thresholded_residual_pagerank,insert,8,spine,96b4375f8549016ac8be36d85b04b4b5730df0af477dcc5909903845a8f56919,workload_specific_activity_not_total_energy,axis_streams,0,0,0,0,0,0,spine_axis_transfer_backpressure_v1
aacef30f761e5c4f58d4,587aa20d499b12dd46b7,sx_stackoverflow,thresholded_residual_pagerank,insert,8,spine,96b4375f8549016ac8be36d85b04b4b5730df0af477dcc5909903845a8f56919,workload_specific_activity_not_total_energy,compute,25245665,0,0,0,12049042,0,spine_compute_execution_and_memory_v1
aacef30f761e5c4f58d4,587aa20d499b12dd46b7,sx_stackoverflow,thresholded_residual_pagerank,insert,8,spine,96b4375f8549016ac8be36d85b04b4b5730df0af477dcc5909903845a8f56919,workload_specific_activity_not_total_energy,hbm_frontend,25254357,0,6025205,6024572,12049777,33599198,shared_axi_hbm_request_and_stall_v1
aacef30f761e5c4f58d4,587aa20d499b12dd46b7,sx_stackoverflow,thresholded_residual_pagerank,insert,8,spine,96b4375f8549016ac8be36d85b04b4b5730df0af477dcc5909903845a8f56919,workload_specific_activity_not_total_energy,maintenance,8692,8,0,0,735,0,spine_maintenance_execution_and_memory_v1
aacef30f761e5c4f58d4,587aa20d499b12dd46b7,sx_stackoverflow,thresholded_residual_pagerank,insert,8,spine,96b4375f8549016ac8be36d85b04b4b5730df0af477dcc5909903845a8f56919,workload_specific_activity_not_total_energy,onchip_state_arrays,0,0,0,0,0,0,spine_selected_bram_uram_bitmap_accesses_v1
aacef30f761e5c4f58d4,587aa20d499b12dd46b7,sx_stackoverflow,thresholded_residual_pagerank,insert,8,spine,96b4375f8549016ac8be36d85b04b4b5730df0af477dcc5909903845a8f56919,workload_specific_activity_not_total_energy,reader,0,0,0,0,0,0,spine_reader_execution_and_memory_v1
cfaab84e6519ff6323d1,414e5a9290543c0257ab,sx_stackoverflow,weighted_sssp,insert,8,spine,96b4375f8549016ac8be36d85b04b4b5730df0af477dcc5909903845a8f56919,workload_specific_activity_not_total_energy,axis_streams,0,0,0,0,0,356766,spine_axis_transfer_backpressure_v1
cfaab84e6519ff6323d1,414e5a9290543c0257ab,sx_stackoverflow,weighted_sssp,insert,8,spine,96b4375f8549016ac8be36d85b04b4b5730df0af477dcc5909903845a8f56919,workload_specific_activity_not_total_energy,compute,420057,0,0,0,0,0,spine_compute_execution_and_memory_v1
cfaab84e6519ff6323d1,414e5a9290543c0257ab,sx_stackoverflow,weighted_sssp,insert,8,spine,96b4375f8549016ac8be36d85b04b4b5730df0af477dcc5909903845a8f56919,workload_specific_activity_not_total_energy,hbm_frontend,428749,0,14310,465,14775,79319,shared_axi_hbm_request_and_stall_v1
cfaab84e6519ff6323d1,414e5a9290543c0257ab,sx_stackoverflow,weighted_sssp,insert,8,spine,96b4375f8549016ac8be36d85b04b4b5730df0af477dcc5909903845a8f56919,workload_specific_activity_not_total_energy,maintenance,8692,40,0,0,14775,2274,spine_maintenance_execution_and_memory_v1
cfaab84e6519ff6323d1,414e5a9290543c0257ab,sx_stackoverflow,weighted_sssp,insert,8,spine,96b4375f8549016ac8be36d85b04b4b5730df0af477dcc5909903845a8f56919,workload_specific_activity_not_total_energy,onchip_state_arrays,0,0,0,0,0,0,spine_selected_bram_uram_bitmap_accesses_v1
cfaab84e6519ff6323d1,414e5a9290543c0257ab,sx_stackoverflow,weighted_sssp,insert,8,spine,96b4375f8549016ac8be36d85b04b4b5730df0af477dcc5909903845a8f56919,workload_specific_activity_not_total_energy,reader,0,0,0,0,0,0,spine_reader_execution_and_memory_v1
62109bdd0c44b4d646c9,555a0e5318b3f1c77b24,sx_superuser,connected_components,insert,8,grasu_regraph_k4_shared,96b4375f8549016ac8be36d85b04b4b5730df0af477dcc5909903845a8f56919,workload_specific_activity_not_total_energy,apply,0,0,0,0,0,0,regraph_apply_pipeline_activity_v1
62109bdd0c44b4d646c9,555a0e5318b3f1c77b24,sx_superuser,connected_components,insert,8,grasu_regraph_k4_shared,96b4375f8549016ac8be36d85b04b4b5730df0af477dcc5909903845a8f56919,workload_specific_activity_not_total_energy,compute_pipeline_aggregate,21366938,524,0,0,0,3379166,grasu_regraph_compute_aggregate_v1
62109bdd0c44b4d646c9,555a0e5318b3f1c77b24,sx_superuser,connected_components,insert,8,grasu_regraph_k4_shared,96b4375f8549016ac8be36d85b04b4b5730df0af477dcc5909903845a8f56919,workload_specific_activity_not_total_energy,gather,0,0,0,0,0,0,regraph_gather_bank_accesses_v1
62109bdd0c44b4d646c9,555a0e5318b3f1c77b24,sx_superuser,connected_components,insert,8,grasu_regraph_k4_shared,96b4375f8549016ac8be36d85b04b4b5730df0af477dcc5909903845a8f56919,workload_specific_activity_not_total_energy,hbm_frontend,21367179,0,5800453,110608,5911061,0,shared_axi_hbm_request_and_stall_v1
62109bdd0c44b4d646c9,555a0e5318b3f1c77b24,sx_superuser,connected_components,insert,8,grasu_regraph_k4_shared,96b4375f8549016ac8be36d85b04b4b5730df0af477dcc5909903845a8f56919,workload_specific_activity_not_total_energy,merger,0,0,0,0,0,0,regraph_merger_stream_activity_v1
62109bdd0c44b4d646c9,555a0e5318b3f1c77b24,sx_superuser,connected_components,insert,8,grasu_regraph_k4_shared,96b4375f8549016ac8be36d85b04b4b5730df0af477dcc5909903845a8f56919,workload_specific_activity_not_total_energy,source_cache,0,0,0,0,0,0,grasu_regraph_source_cache_accesses_v1
62109bdd0c44b4d646c9,555a0e5318b3f1c77b24,sx_superuser,connected_components,insert,8,grasu_regraph_k4_shared,96b4375f8549016ac8be36d85b04b4b5730df0af477dcc5909903845a8f56919,workload_specific_activity_not_total_energy,update_pma,241,16,0,0,0,0,grasu_update_pma_execution_v1
45072e1e0ffb084a0e34,555a0e5318b3f1c77b24,sx_superuser,connected_components,insert,8,spine,96b4375f8549016ac8be36d85b04b4b5730df0af477dcc5909903845a8f56919,workload_specific_activity_not_total_energy,axis_streams,0,0,0,0,0,0,spine_axis_transfer_backpressure_v1
45072e1e0ffb084a0e34,555a0e5318b3f1c77b24,sx_superuser,connected_components,insert,8,spine,96b4375f8549016ac8be36d85b04b4b5730df0af477dcc5909903845a8f56919,workload_specific_activity_not_total_energy,compute,2390306,524,0,0,1136260,0,spine_compute_execution_and_memory_v1
45072e1e0ffb084a0e34,555a0e5318b3f1c77b24,sx_superuser,connected_components,insert,8,spine,96b4375f8549016ac8be36d85b04b4b5730df0af477dcc5909903845a8f56919,workload_specific_activity_not_total_energy,hbm_frontend,2397752,0,569430,567674,1137104,0,shared_axi_hbm_request_and_stall_v1
45072e1e0ffb084a0e34,555a0e5318b3f1c77b24,sx_superuser,connected_components,insert,8,spine,96b4375f8549016ac8be36d85b04b4b5730df0af477dcc5909903845a8f56919,workload_specific_activity_not_total_energy,maintenance,7446,16,0,0,844,0,spine_maintenance_execution_and_memory_v1
45072e1e0ffb084a0e34,555a0e5318b3f1c77b24,sx_superuser,connected_components,insert,8,spine,96b4375f8549016ac8be36d85b04b4b5730df0af477dcc5909903845a8f56919,workload_specific_activity_not_total_energy,onchip_state_arrays,0,0,0,0,0,0,spine_selected_bram_uram_bitmap_accesses_v1
45072e1e0ffb084a0e34,555a0e5318b3f1c77b24,sx_superuser,connected_components,insert,8,spine,96b4375f8549016ac8be36d85b04b4b5730df0af477dcc5909903845a8f56919,workload_specific_activity_not_total_energy,reader,0,524,0,0,0,0,spine_reader_execution_and_memory_v1
73043db0f9280249dbaf,85bf76442ece4620f39b,sx_superuser,thresholded_residual_pagerank,insert,8,grasu_regraph_k4_shared,96b4375f8549016ac8be36d85b04b4b5730df0af477dcc5909903845a8f56919,workload_specific_activity_not_total_energy,apply,0,36864,36864,36864,0,0,regraph_apply_pipeline_activity_v1
73043db0f9280249dbaf,85bf76442ece4620f39b,sx_superuser,thresholded_residual_pagerank,insert,8,grasu_regraph_k4_shared,96b4375f8549016ac8be36d85b04b4b5730df0af477dcc5909903845a8f56919,workload_specific_activity_not_total_energy,compute_pipeline_aggregate,23162276,0,0,0,7052251,3070412,grasu_regraph_compute_aggregate_v1
73043db0f9280249dbaf,85bf76442ece4620f39b,sx_superuser,thresholded_residual_pagerank,insert,8,grasu_regraph_k4_shared,96b4375f8549016ac8be36d85b04b4b5730df0af477dcc5909903845a8f56919,workload_specific_activity_not_total_energy,gather,589824,0,2359296,4718592,0,0,regraph_gather_bank_accesses_v1
73043db0f9280249dbaf,85bf76442ece4620f39b,sx_superuser,thresholded_residual_pagerank,insert,8,grasu_regraph_k4_shared,96b4375f8549016ac8be36d85b04b4b5730df0af477dcc5909903845a8f56919,workload_specific_activity_not_total_energy,hbm_frontend,23162486,0,6833913,218388,7052301,7117293,shared_axi_hbm_request_and_stall_v1
73043db0f9280249dbaf,85bf76442ece4620f39b,sx_superuser,thresholded_residual_pagerank,insert,8,grasu_regraph_k4_shared,96b4375f8549016ac8be36d85b04b4b5730df0af477dcc5909903845a8f56919,workload_specific_activity_not_total_energy,merger,0,294912,0,36864,0,0,regraph_merger_stream_activity_v1
73043db0f9280249dbaf,85bf76442ece4620f39b,sx_superuser,thresholded_residual_pagerank,insert,8,grasu_regraph_k4_shared,96b4375f8549016ac8be36d85b04b4b5730df0af477dcc5909903845a8f56919,workload_specific_activity_not_total_energy,source_cache,75931,1260,10168784,2580480,0,0,grasu_regraph_source_cache_accesses_v1
73043db0f9280249dbaf,85bf76442ece4620f39b,sx_superuser,thresholded_residual_pagerank,insert,8,grasu_regraph_k4_shared,96b4375f8549016ac8be36d85b04b4b5730df0af477dcc5909903845a8f56919,workload_specific_activity_not_total_energy,update_pma,210,8,16,16,50,0,grasu_update_pma_execution_v1
3f8e9fc7157d096b8488,85bf76442ece4620f39b,sx_superuser,thresholded_residual_pagerank,insert,8,spine,96b4375f8549016ac8be36d85b04b4b5730df0af477dcc5909903845a8f56919,workload_specific_activity_not_total_energy,axis_streams,0,0,0,0,0,0,spine_axis_transfer_backpressure_v1
3f8e9fc7157d096b8488,85bf76442ece4620f39b,sx_superuser,thresholded_residual_pagerank,insert,8,spine,96b4375f8549016ac8be36d85b04b4b5730df0af477dcc5909903845a8f56919,workload_specific_activity_not_total_energy,compute,2384685,0,0,0,1135052,0,spine_compute_execution_and_memory_v1
3f8e9fc7157d096b8488,85bf76442ece4620f39b,sx_superuser,thresholded_residual_pagerank,insert,8,spine,96b4375f8549016ac8be36d85b04b4b5730df0af477dcc5909903845a8f56919,workload_specific_activity_not_total_energy,hbm_frontend,2390535,0,568154,567577,1135731,3167061,shared_axi_hbm_request_and_stall_v1
3f8e9fc7157d096b8488,85bf76442ece4620f39b,sx_superuser,thresholded_residual_pagerank,insert,8,spine,96b4375f8549016ac8be36d85b04b4b5730df0af477dcc5909903845a8f56919,workload_specific_activity_not_total_energy,maintenance,5850,8,0,0,679,0,spine_maintenance_execution_and_memory_v1
3f8e9fc7157d096b8488,85bf76442ece4620f39b,sx_superuser,thresholded_residual_pagerank,insert,8,spine,96b4375f8549016ac8be36d85b04b4b5730df0af477dcc5909903845a8f56919,workload_specific_activity_not_total_energy,onchip_state_arrays,0,0,0,0,0,0,spine_selected_bram_uram_bitmap_accesses_v1
3f8e9fc7157d096b8488,85bf76442ece4620f39b,sx_superuser,thresholded_residual_pagerank,insert,8,spine,96b4375f8549016ac8be36d85b04b4b5730df0af477dcc5909903845a8f56919,workload_specific_activity_not_total_energy,reader,0,0,0,0,0,0,spine_reader_execution_and_memory_v1
a4c67b976434b6a2ec1b,d3affb931842f363228f,sx_superuser,weighted_sssp,insert,8,grasu_regraph_k4_shared,96b4375f8549016ac8be36d85b04b4b5730df0af477dcc5909903845a8f56919,workload_specific_activity_not_total_energy,apply,0,516096,516096,516096,0,0,regraph_apply_pipeline_activity_v1
a4c67b976434b6a2ec1b,d3affb931842f363228f,sx_superuser,weighted_sssp,insert,8,grasu_regraph_k4_shared,96b4375f8549016ac8be36d85b04b4b5730df0af477dcc5909903845a8f56919,workload_specific_activity_not_total_energy,compute_pipeline_aggregate,291908780,1910872,0,0,76746544,66511211,grasu_regraph_compute_aggregate_v1
a4c67b976434b6a2ec1b,d3affb931842f363228f,sx_superuser,weighted_sssp,insert,8,grasu_regraph_k4_shared,96b4375f8549016ac8be36d85b04b4b5730df0af477dcc5909903845a8f56919,workload_specific_activity_not_total_energy,gather,4423680,1910872,34941016,37300312,0,66279769,regraph_gather_bank_accesses_v1
a4c67b976434b6a2ec1b,d3affb931842f363228f,sx_superuser,weighted_sssp,insert,8,grasu_regraph_k4_shared,96b4375f8549016ac8be36d85b04b4b5730df0af477dcc5909903845a8f56919,workload_specific_activity_not_total_energy,hbm_frontend,291909003,0,75198296,1548296,76746592,77130376,shared_axi_hbm_request_and_stall_v1
a4c67b976434b6a2ec1b,d3affb931842f363228f,sx_superuser,weighted_sssp,insert,8,grasu_regraph_k4_shared,96b4375f8549016ac8be36d85b04b4b5730df0af477dcc5909903845a8f56919,workload_specific_activity_not_total_energy,merger,0,4128768,0,516096,0,0,regraph_merger_stream_activity_v1
a4c67b976434b6a2ec1b,d3affb931842f363228f,sx_superuser,weighted_sssp,insert,8,grasu_regraph_k4_shared,96b4375f8549016ac8be36d85b04b4b5730df0af477dcc5909903845a8f56919,workload_specific_activity_not_total_energy,source_cache,0,3528,36754816,7225344,0,2119722,grasu_regraph_source_cache_accesses_v1
a4c67b976434b6a2ec1b,d3affb931842f363228f,sx_superuser,weighted_sssp,insert,8,grasu_regraph_k4_shared,96b4375f8549016ac8be36d85b04b4b5730df0af477dcc5909903845a8f56919,workload_specific_activity_not_total_energy,update_pma,223,8,8,8,48,0,grasu_update_pma_execution_v1
d06e2c42e0ebb00e328d,d3affb931842f363228f,sx_superuser,weighted_sssp,insert,8,spine,96b4375f8549016ac8be36d85b04b4b5730df0af477dcc5909903845a8f56919,workload_specific_activity_not_total_energy,axis_streams,0,0,0,0,0,5144,spine_axis_transfer_backpressure_v1
d06e2c42e0ebb00e328d,d3affb931842f363228f,sx_superuser,weighted_sssp,insert,8,spine,96b4375f8549016ac8be36d85b04b4b5730df0af477dcc5909903845a8f56919,workload_specific_activity_not_total_energy,compute,55406,0,0,0,0,0,spine_compute_execution_and_memory_v1
d06e2c42e0ebb00e328d,d3affb931842f363228f,sx_superuser,weighted_sssp,insert,8,spine,96b4375f8549016ac8be36d85b04b4b5730df0af477dcc5909903845a8f56919,workload_specific_activity_not_total_energy,hbm_frontend,61256,0,2600,533,3133,12627,shared_axi_hbm_request_and_stall_v1
d06e2c42e0ebb00e328d,d3affb931842f363228f,sx_superuser,weighted_sssp,insert,8,spine,96b4375f8549016ac8be36d85b04b4b5730df0af477dcc5909903845a8f56919,workload_specific_activity_not_total_energy,maintenance,5850,40,0,0,3133,1892,spine_maintenance_execution_and_memory_v1
d06e2c42e0ebb00e328d,d3affb931842f363228f,sx_superuser,weighted_sssp,insert,8,spine,96b4375f8549016ac8be36d85b04b4b5730df0af477dcc5909903845a8f56919,workload_specific_activity_not_total_energy,onchip_state_arrays,0,0,0,0,0,0,spine_selected_bram_uram_bitmap_accesses_v1
d06e2c42e0ebb00e328d,d3affb931842f363228f,sx_superuser,weighted_sssp,insert,8,spine,96b4375f8549016ac8be36d85b04b4b5730df0af477dcc5909903845a8f56919,workload_specific_activity_not_total_energy,reader,0,0,0,0,0,0,spine_reader_execution_and_memory_v1
5fc422a3e00f24215f2b,86e79ec7bd7d888c4472,wiki_talk_temporal,connected_components,insert,8,grasu_regraph_k4_shared,96b4375f8549016ac8be36d85b04b4b5730df0af477dcc5909903845a8f56919,workload_specific_activity_not_total_energy,apply,0,0,0,0,0,0,regraph_apply_pipeline_activity_v1
5fc422a3e00f24215f2b,86e79ec7bd7d888c4472,wiki_talk_temporal,connected_components,insert,8,grasu_regraph_k4_shared,96b4375f8549016ac8be36d85b04b4b5730df0af477dcc5909903845a8f56919,workload_specific_activity_not_total_energy,compute_pipeline_aggregate,135366704,1986,0,0,0,24846160,grasu_regraph_compute_aggregate_v1
5fc422a3e00f24215f2b,86e79ec7bd7d888c4472,wiki_talk_temporal,connected_components,insert,8,grasu_regraph_k4_shared,96b4375f8549016ac8be36d85b04b4b5730df0af477dcc5909903845a8f56919,workload_specific_activity_not_total_energy,gather,0,0,0,0,0,0,regraph_gather_bank_accesses_v1
5fc422a3e00f24215f2b,86e79ec7bd7d888c4472,wiki_talk_temporal,connected_components,insert,8,grasu_regraph_k4_shared,96b4375f8549016ac8be36d85b04b4b5730df0af477dcc5909903845a8f56919,workload_specific_activity_not_total_energy,hbm_frontend,135366890,0,42047877,442384,42490261,0,shared_axi_hbm_request_and_stall_v1
5fc422a3e00f24215f2b,86e79ec7bd7d888c4472,wiki_talk_temporal,connected_components,insert,8,grasu_regraph_k4_shared,96b4375f8549016ac8be36d85b04b4b5730df0af477dcc5909903845a8f56919,workload_specific_activity_not_total_energy,merger,0,0,0,0,0,0,regraph_merger_stream_activity_v1
5fc422a3e00f24215f2b,86e79ec7bd7d888c4472,wiki_talk_temporal,connected_components,insert,8,grasu_regraph_k4_shared,96b4375f8549016ac8be36d85b04b4b5730df0af477dcc5909903845a8f56919,workload_specific_activity_not_total_energy,source_cache,0,0,0,0,0,0,grasu_regraph_source_cache_accesses_v1
5fc422a3e00f24215f2b,86e79ec7bd7d888c4472,wiki_talk_temporal,connected_components,insert,8,grasu_regraph_k4_shared,96b4375f8549016ac8be36d85b04b4b5730df0af477dcc5909903845a8f56919,workload_specific_activity_not_total_energy,update_pma,186,16,0,0,0,0,grasu_update_pma_execution_v1
c80d8cb28432e199caa1,86e79ec7bd7d888c4472,wiki_talk_temporal,connected_components,insert,8,spine,96b4375f8549016ac8be36d85b04b4b5730df0af477dcc5909903845a8f56919,workload_specific_activity_not_total_energy,axis_streams,0,0,0,0,0,0,spine_axis_transfer_backpressure_v1
c80d8cb28432e199caa1,86e79ec7bd7d888c4472,wiki_talk_temporal,connected_components,insert,8,spine,96b4375f8549016ac8be36d85b04b4b5730df0af477dcc5909903845a8f56919,workload_specific_activity_not_total_energy,compute,9580222,1986,0,0,4565555,0,spine_compute_execution_and_memory_v1
c80d8cb28432e199caa1,86e79ec7bd7d888c4472,wiki_talk_temporal,connected_components,insert,8,spine,96b4375f8549016ac8be36d85b04b4b5730df0af477dcc5909903845a8f56919,workload_specific_activity_not_total_energy,hbm_frontend,9587612,0,2285730,2280650,4566380,0,shared_axi_hbm_request_and_stall_v1
c80d8cb28432e199caa1,86e79ec7bd7d888c4472,wiki_talk_temporal,connected_components,insert,8,spine,96b4375f8549016ac8be36d85b04b4b5730df0af477dcc5909903845a8f56919,workload_specific_activity_not_total_energy,maintenance,7390,16,0,0,825,0,spine_maintenance_execution_and_memory_v1
c80d8cb28432e199caa1,86e79ec7bd7d888c4472,wiki_talk_temporal,connected_components,insert,8,spine,96b4375f8549016ac8be36d85b04b4b5730df0af477dcc5909903845a8f56919,workload_specific_activity_not_total_energy,onchip_state_arrays,0,0,0,0,0,0,spine_selected_bram_uram_bitmap_accesses_v1
c80d8cb28432e199caa1,86e79ec7bd7d888c4472,wiki_talk_temporal,connected_components,insert,8,spine,96b4375f8549016ac8be36d85b04b4b5730df0af477dcc5909903845a8f56919,workload_specific_activity_not_total_energy,reader,0,1986,0,0,0,0,spine_reader_execution_and_memory_v1
44e4c6af81ccc9fdc2a7,fe3cb2f0baf58d1fe298,wiki_talk_temporal,thresholded_residual_pagerank,insert,8,grasu_regraph_k4_shared,96b4375f8549016ac8be36d85b04b4b5730df0af477dcc5909903845a8f56919,workload_specific_activity_not_total_energy,apply,0,73728,73728,73728,0,0,regraph_apply_pipeline_activity_v1
44e4c6af81ccc9fdc2a7,fe3cb2f0baf58d1fe298,wiki_talk_temporal,thresholded_residual_pagerank,insert,8,grasu_regraph_k4_shared,96b4375f8549016ac8be36d85b04b4b5730df0af477dcc5909903845a8f56919,workload_specific_activity_not_total_energy,compute_pipeline_aggregate,70417501,0,0,0,23850050,4874240,grasu_regraph_compute_aggregate_v1
44e4c6af81ccc9fdc2a7,fe3cb2f0baf58d1fe298,wiki_talk_temporal,thresholded_residual_pagerank,insert,8,grasu_regraph_k4_shared,96b4375f8549016ac8be36d85b04b4b5730df0af477dcc5909903845a8f56919,workload_specific_activity_not_total_energy,gather,1179648,0,4718592,9437184,0,0,regraph_gather_bank_accesses_v1
44e4c6af81ccc9fdc2a7,fe3cb2f0baf58d1fe298,wiki_talk_temporal,thresholded_residual_pagerank,insert,8,grasu_regraph_k4_shared,96b4375f8549016ac8be36d85b04b4b5730df0af477dcc5909903845a8f56919,workload_specific_activity_not_total_energy,hbm_frontend,70417726,0,23412653,437448,23850101,23980961,shared_axi_hbm_request_and_stall_v1
44e4c6af81ccc9fdc2a7,fe3cb2f0baf58d1fe298,wiki_talk_temporal,thresholded_residual_pagerank,insert,8,grasu_regraph_k4_shared,96b4375f8549016ac8be36d85b04b4b5730df0af477dcc5909903845a8f56919,workload_specific_activity_not_total_energy,merger,0,589824,0,73728,0,0,regraph_merger_stream_activity_v1
44e4c6af81ccc9fdc2a7,fe3cb2f0baf58d1fe298,wiki_talk_temporal,thresholded_residual_pagerank,insert,8,grasu_regraph_k4_shared,96b4375f8549016ac8be36d85b04b4b5730df0af477dcc5909903845a8f56919,workload_specific_activity_not_total_energy,source_cache,152499,505,19516352,1034240,0,0,grasu_regraph_source_cache_accesses_v1
44e4c6af81ccc9fdc2a7,fe3cb2f0baf58d1fe298,wiki_talk_temporal,thresholded_residual_pagerank,insert,8,grasu_regraph_k4_shared,96b4375f8549016ac8be36d85b04b4b5730df0af477dcc5909903845a8f56919,workload_specific_activity_not_total_energy,update_pma,225,8,16,16,51,0,grasu_update_pma_execution_v1
d310ed825d5fef3de031,fe3cb2f0baf58d1fe298,wiki_talk_temporal,thresholded_residual_pagerank,insert,8,spine,96b4375f8549016ac8be36d85b04b4b5730df0af477dcc5909903845a8f56919,workload_specific_activity_not_total_energy,axis_streams,0,0,0,0,0,0,spine_axis_transfer_backpressure_v1
d310ed825d5fef3de031,fe3cb2f0baf58d1fe298,wiki_talk_temporal,thresholded_residual_pagerank,insert,8,spine,96b4375f8549016ac8be36d85b04b4b5730df0af477dcc5909903845a8f56919,workload_specific_activity_not_total_energy,compute,4784394,0,0,0,2280726,0,spine_compute_execution_and_memory_v1
d310ed825d5fef3de031,fe3cb2f0baf58d1fe298,wiki_talk_temporal,thresholded_residual_pagerank,insert,8,spine,96b4375f8549016ac8be36d85b04b4b5730df0af477dcc5909903845a8f56919,workload_specific_activity_not_total_energy,hbm_frontend,4789895,0,1140988,1140406,2281394,6361365,shared_axi_hbm_request_and_stall_v1
d310ed825d5fef3de031,fe3cb2f0baf58d1fe298,wiki_talk_temporal,thresholded_residual_pagerank,insert,8,spine,96b4375f8549016ac8be36d85b04b4b5730df0af477dcc5909903845a8f56919,workload_specific_activity_not_total_energy,maintenance,5501,8,0,0,668,0,spine_maintenance_execution_and_memory_v1
d310ed825d5fef3de031,fe3cb2f0baf58d1fe298,wiki_talk_temporal,thresholded_residual_pagerank,insert,8,spine,96b4375f8549016ac8be36d85b04b4b5730df0af477dcc5909903845a8f56919,workload_specific_activity_not_total_energy,onchip_state_arrays,0,0,0,0,0,0,spine_selected_bram_uram_bitmap_accesses_v1
d310ed825d5fef3de031,fe3cb2f0baf58d1fe298,wiki_talk_temporal,thresholded_residual_pagerank,insert,8,spine,96b4375f8549016ac8be36d85b04b4b5730df0af477dcc5909903845a8f56919,workload_specific_activity_not_total_energy,reader,0,0,0,0,0,0,spine_reader_execution_and_memory_v1
db5d657374e1d0bac2c2,4fd86d01e71d9a337752,wiki_talk_temporal,weighted_sssp,insert,8,grasu_regraph_k4_shared,96b4375f8549016ac8be36d85b04b4b5730df0af477dcc5909903845a8f56919,workload_specific_activity_not_total_energy,apply,0,73728,73728,73728,0,0,regraph_apply_pipeline_activity_v1
db5d657374e1d0bac2c2,4fd86d01e71d9a337752,wiki_talk_temporal,weighted_sssp,insert,8,grasu_regraph_k4_shared,96b4375f8549016ac8be36d85b04b4b5730df0af477dcc5909903845a8f56919,workload_specific_activity_not_total_energy,compute_pipeline_aggregate,64837042,1,0,0,21019804,4715793,grasu_regraph_compute_aggregate_v1
db5d657374e1d0bac2c2,4fd86d01e71d9a337752,wiki_talk_temporal,weighted_sssp,insert,8,grasu_regraph_k4_shared,96b4375f8549016ac8be36d85b04b4b5730df0af477dcc5909903845a8f56919,workload_specific_activity_not_total_energy,gather,1179648,1,4718593,9437185,0,4587593,regraph_gather_bank_accesses_v1
db5d657374e1d0bac2c2,4fd86d01e71d9a337752,wiki_talk_temporal,weighted_sssp,insert,8,grasu_regraph_k4_shared,96b4375f8549016ac8be36d85b04b4b5730df0af477dcc5909903845a8f56919,workload_specific_activity_not_total_energy,hbm_frontend,64837217,0,20798646,221192,21019838,21028784,shared_axi_hbm_request_and_stall_v1
db5d657374e1d0bac2c2,4fd86d01e71d9a337752,wiki_talk_temporal,weighted_sssp,insert,8,grasu_regraph_k4_shared,96b4375f8549016ac8be36d85b04b4b5730df0af477dcc5909903845a8f56919,workload_specific_activity_not_total_energy,merger,0,589824,0,73728,0,0,regraph_merger_stream_activity_v1
db5d657374e1d0bac2c2,4fd86d01e71d9a337752,wiki_talk_temporal,weighted_sssp,insert,8,grasu_regraph_k4_shared,96b4375f8549016ac8be36d85b04b4b5730df0af477dcc5909903845a8f56919,workload_specific_activity_not_total_energy,source_cache,0,124,2727456,253952,0,124142,grasu_regraph_source_cache_accesses_v1
db5d657374e1d0bac2c2,4fd86d01e71d9a337752,wiki_talk_temporal,weighted_sssp,insert,8,grasu_regraph_k4_shared,96b4375f8549016ac8be36d85b04b4b5730df0af477dcc5909903845a8f56919,workload_specific_activity_not_total_energy,update_pma,175,8,8,8,34,0,grasu_update_pma_execution_v1
ec50a243c957db5ae063,4fd86d01e71d9a337752,wiki_talk_temporal,weighted_sssp,insert,8,spine,96b4375f8549016ac8be36d85b04b4b5730df0af477dcc5909903845a8f56919,workload_specific_activity_not_total_energy,axis_streams,0,0,0,0,0,15559,spine_axis_transfer_backpressure_v1
ec50a243c957db5ae063,4fd86d01e71d9a337752,wiki_talk_temporal,weighted_sssp,insert,8,spine,96b4375f8549016ac8be36d85b04b4b5730df0af477dcc5909903845a8f56919,workload_specific_activity_not_total_energy,compute,37726,0,0,0,0,0,spine_compute_execution_and_memory_v1
ec50a243c957db5ae063,4fd86d01e71d9a337752,wiki_talk_temporal,weighted_sssp,insert,8,spine,96b4375f8549016ac8be36d85b04b4b5730df0af477dcc5909903845a8f56919,workload_specific_activity_not_total_energy,hbm_frontend,43227,0,4326,416,4742,26781,shared_axi_hbm_request_and_stall_v1
ec50a243c957db5ae063,4fd86d01e71d9a337752,wiki_talk_temporal,weighted_sssp,insert,8,spine,96b4375f8549016ac8be36d85b04b4b5730df0af477dcc5909903845a8f56919,workload_specific_activity_not_total_energy,maintenance,5501,40,0,0,4742,1935,spine_maintenance_execution_and_memory_v1
ec50a243c957db5ae063,4fd86d01e71d9a337752,wiki_talk_temporal,weighted_sssp,insert,8,spine,96b4375f8549016ac8be36d85b04b4b5730df0af477dcc5909903845a8f56919,workload_specific_activity_not_total_energy,onchip_state_arrays,0,0,0,0,0,0,spine_selected_bram_uram_bitmap_accesses_v1
ec50a243c957db5ae063,4fd86d01e71d9a337752,wiki_talk_temporal,weighted_sssp,insert,8,spine,96b4375f8549016ac8be36d85b04b4b5730df0af477dcc5909903845a8f56919,workload_specific_activity_not_total_energy,reader,0,0,0,0,0,0,spine_reader_execution_and_memory_v1
