group_id,dataset_id,algorithm,scenario,batch_size,systems_present,missing_systems,complete_triplet,complete_required_systems,final_state_match,final_state_method,final_state_exact_match,cross_system_max_abs_error,cross_system_l1_error,cross_system_tolerance
1b46cb212c1892278285,ljournal_2008,weighted_sssp,insert,8,spine,grasu_regraph_k4_shared,False,False,True,canonical_exact_sha256,True,0.0,0.0,0.0
38f46d8917665d1b1c50,sx_askubuntu,thresholded_residual_pagerank,insert,8,grasu_regraph_k4_shared+spine,,True,True,True,canonical_exact_sha256,True,0.0,0.0,0.0
414e5a9290543c0257ab,sx_stackoverflow,weighted_sssp,insert,8,spine,grasu_regraph_k4_shared,False,False,True,canonical_exact_sha256,True,0.0,0.0,0.0
4fd86d01e71d9a337752,wiki_talk_temporal,weighted_sssp,insert,8,grasu_regraph_k4_shared+spine,,True,True,True,canonical_exact_sha256,True,0.0,0.0,0.0
555a0e5318b3f1c77b24,sx_superuser,connected_components,insert,8,grasu_regraph_k4_shared+spine,,True,True,True,canonical_exact_sha256,True,0.0,0.0,0.0
85bf76442ece4620f39b,sx_superuser,thresholded_residual_pagerank,insert,8,grasu_regraph_k4_shared+spine,,True,True,True,canonical_exact_sha256,True,0.0,0.0,0.0
86e79ec7bd7d888c4472,wiki_talk_temporal,connected_components,insert,8,grasu_regraph_k4_shared+spine,,True,True,True,canonical_exact_sha256,True,0.0,0.0,0.0
97995d9c497a11b58c80,soc_pokec,weighted_sssp,insert,8,spine,grasu_regraph_k4_shared,False,False,True,canonical_exact_sha256,True,0.0,0.0,0.0
984c8cd8d6fbd3225131,hollywood_2009,weighted_sssp,insert,8,spine,grasu_regraph_k4_shared,False,False,True,canonical_exact_sha256,True,0.0,0.0,0.0
c78a997ac5a1792c2731,rmat_19_32,weighted_sssp,insert,8,spine,grasu_regraph_k4_shared,False,False,True,canonical_exact_sha256,True,0.0,0.0,0.0
d08a6fa0d85a760bd51d,sx_stackoverflow,connected_components,insert,8,spine,grasu_regraph_k4_shared,False,False,True,canonical_exact_sha256,True,0.0,0.0,0.0
d3affb931842f363228f,sx_superuser,weighted_sssp,insert,8,grasu_regraph_k4_shared+spine,,True,True,True,canonical_exact_sha256,True,0.0,0.0,0.0
e4a1843d1b9d1a5b3e76,soc_livejournal1,weighted_sssp,insert,8,spine,grasu_regraph_k4_shared,False,False,True,canonical_exact_sha256,True,0.0,0.0,0.0
ecd674904ebc750b3ea3,sx_askubuntu,connected_components,insert,8,grasu_regraph_k4_shared+spine,,True,True,True,canonical_exact_sha256,True,0.0,0.0,0.0
fe3cb2f0baf58d1fe298,wiki_talk_temporal,thresholded_residual_pagerank,insert,8,spine,grasu_regraph_k4_shared,False,False,True,canonical_exact_sha256,True,0.0,0.0,0.0
ffd1ef59366403da0be8,sx_askubuntu,weighted_sssp,insert,8,grasu_regraph_k4_shared+spine,,True,True,True,canonical_exact_sha256,True,0.0,0.0,0.0
