source	stage	design_state	name	indent	is_cu	lut	lut_pct	lut_as_mem	lut_as_mem_pct	reg	reg_pct	bram	bram_pct	uram	uram_pct	dsp	dsp_pct
/data/tmp/chuxiao/grasu_regraph_full_pagerank_normalized_v3_hw_retry6_7b922ee_d5c707c_150mhz_20260727/reports/link/link/imp/impl_1_kernel_util_routed.rpt	routed	Routed	Platform	1	no	181083	13.89	35268	5.87	354555	13.60	200	9.92	0	0.00	4	0.04
/data/tmp/chuxiao/grasu_regraph_full_pagerank_normalized_v3_hw_retry6_7b922ee_d5c707c_150mhz_20260727/reports/link/link/imp/impl_1_kernel_util_routed.rpt	routed	Routed	User Budget	1	no	1122597	100.00	565692	100.00	2252805	100.00	1816	100.00	960	100.00	9020	100.00
/data/tmp/chuxiao/grasu_regraph_full_pagerank_normalized_v3_hw_retry6_7b922ee_d5c707c_150mhz_20260727/reports/link/link/imp/impl_1_kernel_util_routed.rpt	routed	Routed	Used Resources	4	no	178374	15.89	15042	2.66	177836	7.89	278	15.31	64	6.67	304	3.37
/data/tmp/chuxiao/grasu_regraph_full_pagerank_normalized_v3_hw_retry6_7b922ee_d5c707c_150mhz_20260727/reports/link/link/imp/impl_1_kernel_util_routed.rpt	routed	Routed	Unused Resources	4	no	944223	84.11	550650	97.34	2074969	92.11	1538	84.69	896	93.33	8716	96.63
/data/tmp/chuxiao/grasu_regraph_full_pagerank_normalized_v3_hw_retry6_7b922ee_d5c707c_150mhz_20260727/reports/link/link/imp/impl_1_kernel_util_routed.rpt	routed	Routed	bin_search	1	no	10381	0.92	1604	0.28	13452	0.60	8	0.44	0	0.00	0	0.00
/data/tmp/chuxiao/grasu_regraph_full_pagerank_normalized_v3_hw_retry6_7b922ee_d5c707c_150mhz_20260727/reports/link/link/imp/impl_1_kernel_util_routed.rpt	routed	Routed	bin_search_1	4	yes	2595	0.23	401	0.07	3363	0.15	2	0.11	0	0.00	0	0.00
/data/tmp/chuxiao/grasu_regraph_full_pagerank_normalized_v3_hw_retry6_7b922ee_d5c707c_150mhz_20260727/reports/link/link/imp/impl_1_kernel_util_routed.rpt	routed	Routed	bin_search_2	4	yes	2598	0.23	401	0.07	3363	0.15	2	0.11	0	0.00	0	0.00
/data/tmp/chuxiao/grasu_regraph_full_pagerank_normalized_v3_hw_retry6_7b922ee_d5c707c_150mhz_20260727/reports/link/link/imp/impl_1_kernel_util_routed.rpt	routed	Routed	bin_search_3	4	yes	2593	0.23	401	0.07	3363	0.15	2	0.11	0	0.00	0	0.00
/data/tmp/chuxiao/grasu_regraph_full_pagerank_normalized_v3_hw_retry6_7b922ee_d5c707c_150mhz_20260727/reports/link/link/imp/impl_1_kernel_util_routed.rpt	routed	Routed	bin_search_4	4	yes	2595	0.23	401	0.07	3363	0.15	2	0.11	0	0.00	0	0.00
/data/tmp/chuxiao/grasu_regraph_full_pagerank_normalized_v3_hw_retry6_7b922ee_d5c707c_150mhz_20260727/reports/link/link/imp/impl_1_kernel_util_routed.rpt	routed	Routed	dispatch_degree	1	no	1246	0.11	0	0.00	2061	0.09	0	0.00	0	0.00	0	0.00
/data/tmp/chuxiao/grasu_regraph_full_pagerank_normalized_v3_hw_retry6_7b922ee_d5c707c_150mhz_20260727/reports/link/link/imp/impl_1_kernel_util_routed.rpt	routed	Routed	dispatch_degree_1	4	yes	1246	0.11	0	0.00	2061	0.09	0	0.00	0	0.00	0	0.00
/data/tmp/chuxiao/grasu_regraph_full_pagerank_normalized_v3_hw_retry6_7b922ee_d5c707c_150mhz_20260727/reports/link/link/imp/impl_1_kernel_util_routed.rpt	routed	Routed	grasu_degree_update	1	no	2182	0.19	381	0.07	2809	0.12	2	0.11	0	0.00	0	0.00
/data/tmp/chuxiao/grasu_regraph_full_pagerank_normalized_v3_hw_retry6_7b922ee_d5c707c_150mhz_20260727/reports/link/link/imp/impl_1_kernel_util_routed.rpt	routed	Routed	grasu_degree_update_1	4	yes	2182	0.19	381	0.07	2809	0.12	2	0.11	0	0.00	0	0.00
/data/tmp/chuxiao/grasu_regraph_full_pagerank_normalized_v3_hw_retry6_7b922ee_d5c707c_150mhz_20260727/reports/link/link/imp/impl_1_kernel_util_routed.rpt	routed	Routed	kernelHBMWrapper	1	no	5675	0.51	1085	0.19	9982	0.44	23	1.27	0	0.00	0	0.00
/data/tmp/chuxiao/grasu_regraph_full_pagerank_normalized_v3_hw_retry6_7b922ee_d5c707c_150mhz_20260727/reports/link/link/imp/impl_1_kernel_util_routed.rpt	routed	Routed	kernelHBMWrapper_1	4	yes	5675	0.51	1085	0.19	9982	0.44	23	1.27	0	0.00	0	0.00
/data/tmp/chuxiao/grasu_regraph_full_pagerank_normalized_v3_hw_retry6_7b922ee_d5c707c_150mhz_20260727/reports/link/link/imp/impl_1_kernel_util_routed.rpt	routed	Routed	kernelLittleGSMerger	1	no	1425	0.13	0	0.00	2184	0.10	0	0.00	0	0.00	4	0.04
/data/tmp/chuxiao/grasu_regraph_full_pagerank_normalized_v3_hw_retry6_7b922ee_d5c707c_150mhz_20260727/reports/link/link/imp/impl_1_kernel_util_routed.rpt	routed	Routed	kernelLittleGSMerger_1	4	yes	1425	0.13	0	0.00	2184	0.10	0	0.00	0	0.00	4	0.04
/data/tmp/chuxiao/grasu_regraph_full_pagerank_normalized_v3_hw_retry6_7b922ee_d5c707c_150mhz_20260727/reports/link/link/imp/impl_1_kernel_util_routed.rpt	routed	Routed	lksg_stream	1	no	14240	1.27	1581	0.28	17116	0.76	60	3.30	64	6.67	44	0.49
/data/tmp/chuxiao/grasu_regraph_full_pagerank_normalized_v3_hw_retry6_7b922ee_d5c707c_150mhz_20260727/reports/link/link/imp/impl_1_kernel_util_routed.rpt	routed	Routed	lksg_stream_1	4	yes	14240	1.27	1581	0.28	17116	0.76	60	3.30	64	6.67	44	0.49
/data/tmp/chuxiao/grasu_regraph_full_pagerank_normalized_v3_hw_retry6_7b922ee_d5c707c_150mhz_20260727/reports/link/link/imp/impl_1_kernel_util_routed.rpt	routed	Routed	pma_to_regraph_adapter	1	no	8489	0.76	682	0.12	10282	0.46	30	1.65	0	0.00	0	0.00
/data/tmp/chuxiao/grasu_regraph_full_pagerank_normalized_v3_hw_retry6_7b922ee_d5c707c_150mhz_20260727/reports/link/link/imp/impl_1_kernel_util_routed.rpt	routed	Routed	pma_to_regraph_adapter_1	4	yes	8489	0.76	682	0.12	10282	0.46	30	1.65	0	0.00	0	0.00
/data/tmp/chuxiao/grasu_regraph_full_pagerank_normalized_v3_hw_retry6_7b922ee_d5c707c_150mhz_20260727/reports/link/link/imp/impl_1_kernel_util_routed.rpt	routed	Routed	process_cache	1	no	13249	1.18	1224	0.22	10024	0.44	30	1.65	0	0.00	0	0.00
/data/tmp/chuxiao/grasu_regraph_full_pagerank_normalized_v3_hw_retry6_7b922ee_d5c707c_150mhz_20260727/reports/link/link/imp/impl_1_kernel_util_routed.rpt	routed	Routed	process_cache_1	4	yes	6626	0.59	612	0.11	5012	0.22	15	0.83	0	0.00	0	0.00
/data/tmp/chuxiao/grasu_regraph_full_pagerank_normalized_v3_hw_retry6_7b922ee_d5c707c_150mhz_20260727/reports/link/link/imp/impl_1_kernel_util_routed.rpt	routed	Routed	process_cache_2	4	yes	6623	0.59	612	0.11	5012	0.22	15	0.83	0	0.00	0	0.00
/data/tmp/chuxiao/grasu_regraph_full_pagerank_normalized_v3_hw_retry6_7b922ee_d5c707c_150mhz_20260727/reports/link/link/imp/impl_1_kernel_util_routed.rpt	routed	Routed	process_ddr	1	no	33368	2.97	2448	0.43	27636	1.23	62	3.41	0	0.00	0	0.00
/data/tmp/chuxiao/grasu_regraph_full_pagerank_normalized_v3_hw_retry6_7b922ee_d5c707c_150mhz_20260727/reports/link/link/imp/impl_1_kernel_util_routed.rpt	routed	Routed	process_ddr_1	4	yes	16555	1.47	1224	0.22	13818	0.61	31	1.71	0	0.00	0	0.00
/data/tmp/chuxiao/grasu_regraph_full_pagerank_normalized_v3_hw_retry6_7b922ee_d5c707c_150mhz_20260727/reports/link/link/imp/impl_1_kernel_util_routed.rpt	routed	Routed	process_ddr_2	4	yes	16813	1.50	1224	0.22	13818	0.61	31	1.71	0	0.00	0	0.00
/data/tmp/chuxiao/grasu_regraph_full_pagerank_normalized_v3_hw_retry6_7b922ee_d5c707c_150mhz_20260727/reports/link/link/imp/impl_1_kernel_util_routed.rpt	routed	Routed	regraph_pagerank_apply	1	no	52271	4.66	3458	0.61	50459	2.24	28	1.54	0	0.00	176	1.95
/data/tmp/chuxiao/grasu_regraph_full_pagerank_normalized_v3_hw_retry6_7b922ee_d5c707c_150mhz_20260727/reports/link/link/imp/impl_1_kernel_util_routed.rpt	routed	Routed	regraph_pagerank_apply_1	4	yes	52271	4.66	3458	0.61	50459	2.24	28	1.54	0	0.00	176	1.95
/data/tmp/chuxiao/grasu_regraph_full_pagerank_normalized_v3_hw_retry6_7b922ee_d5c707c_150mhz_20260727/reports/link/link/imp/impl_1_kernel_util_routed.rpt	routed	Routed	regraph_pagerank_source_prepare	1	no	35848	3.19	2579	0.46	31831	1.41	35	1.93	0	0.00	80	0.89
/data/tmp/chuxiao/grasu_regraph_full_pagerank_normalized_v3_hw_retry6_7b922ee_d5c707c_150mhz_20260727/reports/link/link/imp/impl_1_kernel_util_routed.rpt	routed	Routed	pr_source_1	4	yes	35848	3.19	2579	0.46	31831	1.41	35	1.93	0	0.00	80	0.89
