source	target	binary_name	binary_file	kernel	xo_file	cu_count	cu_names	kernel_type
/data/tmp/chuxiao/grasu_regraph_full_pagerank_normalized_v3_hw_retry6_7b922ee_d5c707c_150mhz_20260727/build/grasu_regraph_full_pagerank.hw.xclbin.link_summary	TT_HW	grasu_regraph_full_pagerank.hw	/data/tmp/chuxiao/grasu_regraph_full_pagerank_normalized_v3_hw_retry6_7b922ee_d5c707c_150mhz_20260727/build/grasu_regraph_full_pagerank.hw.xclbin	bin_search	/data/tmp/chuxiao/grasu_regraph_full_pagerank_normalized_v3_hw_retry6_7b922ee_d5c707c_150mhz_20260727/build/bin_search.hw.xo	4	bin_search_1.bin_search_2.bin_search_3.bin_search_4	HLS
/data/tmp/chuxiao/grasu_regraph_full_pagerank_normalized_v3_hw_retry6_7b922ee_d5c707c_150mhz_20260727/build/grasu_regraph_full_pagerank.hw.xclbin.link_summary	TT_HW	grasu_regraph_full_pagerank.hw	/data/tmp/chuxiao/grasu_regraph_full_pagerank_normalized_v3_hw_retry6_7b922ee_d5c707c_150mhz_20260727/build/grasu_regraph_full_pagerank.hw.xclbin	dispatch_degree	/data/tmp/chuxiao/grasu_regraph_full_pagerank_normalized_v3_hw_retry6_7b922ee_d5c707c_150mhz_20260727/build/dispatch_degree.hw.xo	1	dispatch_degree_1	HLS
/data/tmp/chuxiao/grasu_regraph_full_pagerank_normalized_v3_hw_retry6_7b922ee_d5c707c_150mhz_20260727/build/grasu_regraph_full_pagerank.hw.xclbin.link_summary	TT_HW	grasu_regraph_full_pagerank.hw	/data/tmp/chuxiao/grasu_regraph_full_pagerank_normalized_v3_hw_retry6_7b922ee_d5c707c_150mhz_20260727/build/grasu_regraph_full_pagerank.hw.xclbin	process_cache	/data/tmp/chuxiao/grasu_regraph_full_pagerank_normalized_v3_hw_retry6_7b922ee_d5c707c_150mhz_20260727/build/process_cache.hw.xo	2	process_cache_1.process_cache_2	HLS
/data/tmp/chuxiao/grasu_regraph_full_pagerank_normalized_v3_hw_retry6_7b922ee_d5c707c_150mhz_20260727/build/grasu_regraph_full_pagerank.hw.xclbin.link_summary	TT_HW	grasu_regraph_full_pagerank.hw	/data/tmp/chuxiao/grasu_regraph_full_pagerank_normalized_v3_hw_retry6_7b922ee_d5c707c_150mhz_20260727/build/grasu_regraph_full_pagerank.hw.xclbin	process_ddr	/data/tmp/chuxiao/grasu_regraph_full_pagerank_normalized_v3_hw_retry6_7b922ee_d5c707c_150mhz_20260727/build/process_ddr.hw.xo	2	process_ddr_1.process_ddr_2	HLS
/data/tmp/chuxiao/grasu_regraph_full_pagerank_normalized_v3_hw_retry6_7b922ee_d5c707c_150mhz_20260727/build/grasu_regraph_full_pagerank.hw.xclbin.link_summary	TT_HW	grasu_regraph_full_pagerank.hw	/data/tmp/chuxiao/grasu_regraph_full_pagerank_normalized_v3_hw_retry6_7b922ee_d5c707c_150mhz_20260727/build/grasu_regraph_full_pagerank.hw.xclbin	grasu_degree_update	/data/tmp/chuxiao/grasu_regraph_full_pagerank_normalized_v3_hw_retry6_7b922ee_d5c707c_150mhz_20260727/build/grasu_degree_update.hw.xo	1	grasu_degree_update_1	HLS
/data/tmp/chuxiao/grasu_regraph_full_pagerank_normalized_v3_hw_retry6_7b922ee_d5c707c_150mhz_20260727/build/grasu_regraph_full_pagerank.hw.xclbin.link_summary	TT_HW	grasu_regraph_full_pagerank.hw	/data/tmp/chuxiao/grasu_regraph_full_pagerank_normalized_v3_hw_retry6_7b922ee_d5c707c_150mhz_20260727/build/grasu_regraph_full_pagerank.hw.xclbin	pma_to_regraph_adapter	/data/tmp/chuxiao/grasu_regraph_full_pagerank_normalized_v3_hw_retry6_7b922ee_d5c707c_150mhz_20260727/build/pma_to_regraph_adapter.hw.xo	1	pma_to_regraph_adapter_1	HLS
/data/tmp/chuxiao/grasu_regraph_full_pagerank_normalized_v3_hw_retry6_7b922ee_d5c707c_150mhz_20260727/build/grasu_regraph_full_pagerank.hw.xclbin.link_summary	TT_HW	grasu_regraph_full_pagerank.hw	/data/tmp/chuxiao/grasu_regraph_full_pagerank_normalized_v3_hw_retry6_7b922ee_d5c707c_150mhz_20260727/build/grasu_regraph_full_pagerank.hw.xclbin	lksg_stream	/data/tmp/chuxiao/grasu_regraph_full_pagerank_normalized_v3_hw_retry6_7b922ee_d5c707c_150mhz_20260727/build/lksg_stream.hw.xo	1	lksg_stream_1	HLS
/data/tmp/chuxiao/grasu_regraph_full_pagerank_normalized_v3_hw_retry6_7b922ee_d5c707c_150mhz_20260727/build/grasu_regraph_full_pagerank.hw.xclbin.link_summary	TT_HW	grasu_regraph_full_pagerank.hw	/data/tmp/chuxiao/grasu_regraph_full_pagerank_normalized_v3_hw_retry6_7b922ee_d5c707c_150mhz_20260727/build/grasu_regraph_full_pagerank.hw.xclbin	kernelLittleGSMerger	/data/tmp/chuxiao/grasu_regraph_full_pagerank_normalized_v3_hw_retry6_7b922ee_d5c707c_150mhz_20260727/build/kernelLittleGSMerger.hw.xo	1	kernelLittleGSMerger_1	HLS
/data/tmp/chuxiao/grasu_regraph_full_pagerank_normalized_v3_hw_retry6_7b922ee_d5c707c_150mhz_20260727/build/grasu_regraph_full_pagerank.hw.xclbin.link_summary	TT_HW	grasu_regraph_full_pagerank.hw	/data/tmp/chuxiao/grasu_regraph_full_pagerank_normalized_v3_hw_retry6_7b922ee_d5c707c_150mhz_20260727/build/grasu_regraph_full_pagerank.hw.xclbin	regraph_pagerank_apply	/data/tmp/chuxiao/grasu_regraph_full_pagerank_normalized_v3_hw_retry6_7b922ee_d5c707c_150mhz_20260727/build/regraph_pagerank_apply.hw.xo	1	regraph_pagerank_apply_1	HLS
/data/tmp/chuxiao/grasu_regraph_full_pagerank_normalized_v3_hw_retry6_7b922ee_d5c707c_150mhz_20260727/build/grasu_regraph_full_pagerank.hw.xclbin.link_summary	TT_HW	grasu_regraph_full_pagerank.hw	/data/tmp/chuxiao/grasu_regraph_full_pagerank_normalized_v3_hw_retry6_7b922ee_d5c707c_150mhz_20260727/build/grasu_regraph_full_pagerank.hw.xclbin	regraph_pagerank_source_prepare	/data/tmp/chuxiao/grasu_regraph_full_pagerank_normalized_v3_hw_retry6_7b922ee_d5c707c_150mhz_20260727/build/regraph_pagerank_source_prepare.hw.xo	1	pr_source_1	HLS
/data/tmp/chuxiao/grasu_regraph_full_pagerank_normalized_v3_hw_retry6_7b922ee_d5c707c_150mhz_20260727/build/grasu_regraph_full_pagerank.hw.xclbin.link_summary	TT_HW	grasu_regraph_full_pagerank.hw	/data/tmp/chuxiao/grasu_regraph_full_pagerank_normalized_v3_hw_retry6_7b922ee_d5c707c_150mhz_20260727/build/grasu_regraph_full_pagerank.hw.xclbin	kernelHBMWrapper	/data/tmp/chuxiao/grasu_regraph_full_pagerank_normalized_v3_hw_retry6_7b922ee_d5c707c_150mhz_20260727/build/kernelHBMWrapper.hw.xo	1	kernelHBMWrapper_1	HLS
