execution_id,dataset_id,algorithm,case_class,dataset_kind,role,model_role,observed_cycles,predicted_cycles,residual_cycles,absolute_percent_error
06350bd8e761417a4e21,wiki_talk_temporal,weighted_sssp,other,real,trace_holdout,trace_holdout,6908063.0,8060692.22389045,-1152629.2238904499,16.68527377197414
078258a6e8d62c1d7135,sx_askubuntu,weighted_sssp,deletion_fallback,real,trace_calibration,calibration,18668757.0,18621158.674659763,47598.32534023747,0.25496247736385164
087ea93d578261400aa6,sx_askubuntu,weighted_sssp,deletion_fallback,real,trace_calibration,calibration,18666417.0,18617157.116147213,49259.883852787316,0.26389576453149693
0d44d0cdf4edb215be88,sx_askubuntu,connected_components,shallow_insertion,real,trace_calibration,calibration,14071339.0,14526099.30196924,-454760.3019692395,3.2318196723797183
12b7427a1e2f4185c8c9,sx_superuser,weighted_sssp,deletion_fallback,real,trace_holdout,trace_holdout,16970582.0,18134977.182215348,-1164395.182215348,6.861256627588541
1eb85baafd6ab3a6cf5e,wiki_talk_temporal,weighted_sssp,shallow_insertion,real,trace_holdout,trace_holdout,122450.0,222470.56858380407,-100020.56858380407,81.68278365357621
2df4b4207f3bf78b3c87,sx_superuser,weighted_sssp,shallow_insertion,real,trace_holdout,trace_holdout,27708.0,30646.255514126882,-2938.255514126882,10.604357998148124
3162f6d3c69bcbba7425,sx_askubuntu,weighted_sssp,shallow_insertion,real,trace_calibration,calibration,31230.0,26995.321670668705,4234.678329331295,13.559648829110774
33d43282c07b9e3be7ad,sx_askubuntu,weighted_sssp,deletion_fallback,real,trace_calibration,calibration,18668757.0,18648877.68088224,19879.319117758423,0.10648442806212768
383e63c5d7f96cdd4774,wiki_talk_temporal,weighted_sssp,deletion_fallback,real,trace_holdout,trace_holdout,6904192.0,8060302.790947148,-1156110.7909471476,16.74505562630859
3cc453aa9f6f9f749d09,sx_superuser,weighted_sssp,deletion_fallback,real,trace_holdout,trace_holdout,16992902.0,18184880.099882875,-1191978.0998828746,7.014564668723887
3f8e9fc7157d096b8488,sx_superuser,thresholded_residual_pagerank,pagerank_correction,real,trace_holdout,trace_holdout,2390535.0,2968713.055099857,-578178.055099857,24.186136371141064
4033e265ad46b8932783,sx_askubuntu,thresholded_residual_pagerank,pagerank_correction,real,trace_calibration,calibration,6917450.0,4806039.964361075,2111410.0356389247,30.52295333741371
41a914453b745730aa4e,rmat_19_32,weighted_sssp,shallow_insertion,synthetic,synthetic_calibration,calibration,64078.0,23657.65102303035,40420.348976969646,63.07991662812454
44e1287a7180de6dd29b,sx_superuser,weighted_sssp,deletion_fallback,real,trace_holdout,trace_holdout,16972902.0,18140561.51445214,-1167659.5144521408,6.879551384036393
45072e1e0ffb084a0e34,sx_superuser,connected_components,shallow_insertion,real,trace_holdout,trace_holdout,2397752.0,2996129.5172321815,-598377.5172321815,24.95577179091839
481fe37b59bb280dfc1e,rmat_19_32,connected_components,shallow_insertion,synthetic,synthetic_calibration,calibration,4444870.0,2785178.5193134667,1659691.4806865333,37.33948305994401
4b40612383afbb4647f6,wiki_talk_temporal,weighted_sssp,shallow_insertion,real,trace_holdout,trace_holdout,62363.0,77066.1236469599,-14703.123646959895,23.576677913121394
4b494c08568b5377a058,sx_askubuntu,thresholded_residual_pagerank,pagerank_correction,real,trace_calibration,calibration,2172364.0,2696790.5916500976,-524426.5916500976,24.140825002168036
4d7970d6a74299926427,sx_askubuntu,thresholded_residual_pagerank,pagerank_correction,real,trace_calibration,calibration,2177629.0,2711220.69212023,-533591.6921202298,24.50333330977085
53d8ac095d6b4bb6739f,sx_askubuntu,weighted_sssp,shallow_insertion,real,trace_calibration,calibration,62331.0,48322.550622740855,14008.449377259145,22.474289482374974
5457feaa6f1a2de308bd,sx_superuser,weighted_sssp,shallow_insertion,real,trace_holdout,trace_holdout,271089.0,283547.8615514947,-12458.861551494687,4.595856545818785
56cacc189a756eb4798a,wiki_talk_temporal,weighted_sssp,deletion_fallback,real,trace_holdout,trace_holdout,6904424.0,8090855.056852266,-1186431.0568522662,17.18363554805247
58026afc7dbd6fd54236,wiki_talk_temporal,connected_components,zero_net,real,trace_holdout,trace_holdout,4790673.0,5967677.163543023,-1177004.1635430232,24.56866005137531
5c08b545f30bcb906e10,sx_askubuntu,connected_components,shallow_insertion,real,trace_calibration,calibration,2183489.0,2767956.564003025,-584467.5640030252,26.76759827977266
5c23487fc679406224b2,wiki_talk_temporal,thresholded_residual_pagerank,pagerank_correction,real,trace_holdout,trace_holdout,4790852.0,5961880.025835073,-1171028.0258350726,24.44300149190734
623cf79be8359df237ba,sx_superuser,weighted_sssp,deletion_fallback,real,trace_holdout,trace_holdout,16973030.0,18136751.789311517,-1163721.789311517,6.856299607739555
700782bc228c8b269902,wiki_talk_temporal,thresholded_residual_pagerank,zero_net,real,trace_holdout,trace_holdout,4790088.0,5963859.954850963,-1173771.9548509633,24.504183531721406
71e09c10979e4ef732d4,sx_askubuntu,connected_components,shallow_insertion,real,trace_calibration,calibration,4436589.0,3276479.21784999,1160109.78215001,26.14868724937131
734274ab38cf2a6c211d,wiki_talk_temporal,weighted_sssp,shallow_insertion,real,trace_holdout,trace_holdout,62387.0,77066.1236469599,-14679.123646959895,23.52913851757561
802292a419420e767eeb,sx_superuser,weighted_sssp,deletion_fallback,real,trace_holdout,trace_holdout,16945631.0,18122791.251920532,-1177160.2519205324,6.946688806811221
8eaa0e6af8bb6c0a9f88,sx_superuser,weighted_sssp,shallow_insertion,real,trace_holdout,trace_holdout,61233.0,42127.285864836354,19105.714135163646,31.201662722982128
956dc075c0655ff4a984,sx_askubuntu,weighted_sssp,shallow_insertion,real,trace_calibration,calibration,3898885.0,5650195.155149296,-1751310.155149296,44.91823060052543
980c084e249992cc626c,ljournal_2008,weighted_sssp,shallow_insertion,real,trace_holdout,trace_holdout,91549.0,46310.012171545255,45238.987828454745,49.41505404587133
9965acd1451ad8b2f8ab,sx_askubuntu,weighted_sssp,shallow_insertion,real,trace_calibration,calibration,62336.0,48322.550622740855,14013.449377259145,22.48050785622938
9a1d01bee8913cff1075,sx_askubuntu,weighted_sssp,deletion_fallback,real,trace_calibration,calibration,18668757.0,18617693.798881955,51063.201118044555,0.2735222335265522
9c7090d0627b601bd999,sx_askubuntu,weighted_sssp,deletion_fallback,real,trace_calibration,calibration,18668369.0,18617202.912165403,51166.087834596634,0.27407904694082613
a481b5d34abacf23343c,soc_pokec,weighted_sssp,shallow_insertion,real,trace_holdout,trace_holdout,123744.0,57227.15136698899,66516.84863301102,53.75359502926285
a731fc0383546fc96666,sx_askubuntu,weighted_sssp,shallow_insertion,real,trace_calibration,calibration,1389140.0,1318874.9989000026,70265.00109999743,5.058165562866049
aa53f02fb1b824ac42ad,wiki_talk_temporal,weighted_sssp,deletion_fallback,real,trace_holdout,trace_holdout,6904457.0,8058911.106883632,-1154454.106883632,16.720418519278663
aacef30f761e5c4f58d4,sx_stackoverflow,thresholded_residual_pagerank,pagerank_correction,real,trace_holdout,trace_holdout,25254357.0,31481857.314463023,-6227500.314463023,24.65911254229527
b30058d14e8279f3549e,sx_askubuntu,thresholded_residual_pagerank,pagerank_correction,real,trace_calibration,calibration,2172949.0,2697264.3660462433,-524315.3660462433,24.129207176341612
b338046350af1ba4240a,sx_askubuntu,weighted_sssp,other,real,trace_calibration,calibration,18668757.0,18619178.74564387,49578.25435613096,0.26556805231398617
b76a15fdd98228a1da6e,sx_superuser,weighted_sssp,shallow_insertion,real,trace_holdout,trace_holdout,61256.0,42127.285864836354,19128.714135163646,31.227494670177038
b8394a859c217aed4be7,sx_superuser,weighted_sssp,deletion_fallback,real,trace_holdout,trace_holdout,16972902.0,18137096.63867433,-1164194.63867433,6.859137221639116
bef487ce345ae147081a,sx_askubuntu,thresholded_residual_pagerank,pagerank_correction,real,trace_calibration,calibration,2173337.0,2697335.690716105,-523998.69071610505,24.110328527794127
c0c7ade1d7944ddd46df,wiki_talk_temporal,weighted_sssp,deletion_fallback,real,trace_holdout,trace_holdout,6904424.0,8063136.050629787,-1158712.0506297871,16.78216822474673
c48079b5fdb9918889dc,sx_askubuntu,connected_components,zero_net,real,trace_calibration,calibration,2172949.0,2702694.716362841,-529745.716362841,24.37911411463596
c6b4c5a047fe069097ce,sx_askubuntu,connected_components,shallow_insertion,real,trace_calibration,calibration,11477671.0,5791504.512500686,5686166.487499314,49.54111759693508
c80d8cb28432e199caa1,wiki_talk_temporal,connected_components,shallow_insertion,real,trace_holdout,trace_holdout,9587612.0,6060394.033686013,3527217.966313987,36.789327376973404
c819fa58ab70b6b3c8ac,wiki_talk_temporal,thresholded_residual_pagerank,pagerank_correction,real,trace_holdout,trace_holdout,4790480.0,5961808.70116521,-1171328.7011652105,24.45117610688721
cb5f0cef772bbc306a41,rmat_19_32,thresholded_residual_pagerank,pagerank_correction,synthetic,synthetic_calibration,calibration,2211057.0,2743959.8332458627,-532902.8332458627,24.10172298795837
cbd2b8928cb1c52432db,sx_askubuntu,weighted_sssp,shallow_insertion,real,trace_calibration,calibration,62331.0,48322.550622740855,14008.449377259145,22.474289482374974
cd856a40723cf6fb58ae,sx_askubuntu,weighted_sssp,deletion_fallback,real,trace_calibration,calibration,18649915.0,18617333.242230527,32581.757769472897,0.17470191027397658
cfaab84e6519ff6323d1,sx_stackoverflow,weighted_sssp,shallow_insertion,real,trace_holdout,trace_holdout,428749.0,246439.076547109,182309.923452891,42.52136412047399
d06e2c42e0ebb00e328d,sx_superuser,weighted_sssp,shallow_insertion,real,trace_holdout,trace_holdout,61256.0,42127.285864836354,19128.714135163646,31.227494670177038
d310ed825d5fef3de031,wiki_talk_temporal,thresholded_residual_pagerank,pagerank_correction,real,trace_holdout,trace_holdout,4789895.0,5961773.03883028,-1171878.0388302803,24.465631059350574
d3283cb4fe1da877d6de,wiki_talk_temporal,weighted_sssp,deletion_fallback,real,trace_holdout,trace_holdout,6900932.0,8071400.601120341,-1170468.6011203406,16.961022092672998
d4311440b628261ffd4e,sx_askubuntu,thresholded_residual_pagerank,pagerank_correction,real,trace_calibration,calibration,6551258.0,2894602.7455097614,3656655.2544902386,55.816077682946364
d4663f47718ae2510810,hollywood_2009,weighted_sssp,shallow_insertion,real,trace_holdout,trace_holdout,143329.0,66068.19382775066,77260.80617224934,53.90451769861602
e0e70d282abd77e5201f,soc_livejournal1,weighted_sssp,shallow_insertion,real,trace_holdout,trace_holdout,294699.0,79732.80912520917,214966.19087479083,72.94432314829396
e6f9c9eb9f4244d32ece,sx_askubuntu,weighted_sssp,shallow_insertion,real,trace_calibration,calibration,276873.0,169818.2768289166,107054.7231710834,38.6656420709435
ec50a243c957db5ae063,wiki_talk_temporal,weighted_sssp,shallow_insertion,real,trace_holdout,trace_holdout,43227.0,77017.44452904712,-33790.44452904712,78.16976549158424
edcb072cf9dbaa15d545,wiki_talk_temporal,weighted_sssp,shallow_insertion,real,trace_holdout,trace_holdout,54157.0,74992.93193266551,-20835.93193266551,38.47320186248409
f71713a52bd22d33e409,sx_askubuntu,thresholded_residual_pagerank,zero_net,real,trace_calibration,calibration,2172364.0,2698877.5076707816,-526513.5076707816,24.236891592328984
f7c1d8ebc4255ec1adf0,sx_askubuntu,weighted_sssp,shallow_insertion,real,trace_calibration,calibration,276896.0,169818.2768289166,107077.7231710834,38.670736728260216
fc5e5eb76c2763b4d141,sx_askubuntu,weighted_sssp,shallow_insertion,real,trace_calibration,calibration,31322.0,26995.321670668705,4326.678329331295,13.81354424791295
fe200a697fdba56a2251,sx_stackoverflow,connected_components,shallow_insertion,real,trace_holdout,trace_holdout,25547188.0,32341836.118271563,-6794648.118271563,26.596461881720852
fe9587b82163333e9f97,rmat_19_32,weighted_sssp,shallow_insertion,synthetic,synthetic_calibration,calibration,64058.0,23657.65102303035,40400.348976969646,63.068389548486756
fec3a0f283280bcb4486,wiki_talk_temporal,weighted_sssp,deletion_fallback,real,trace_holdout,trace_holdout,6904424.0,8059671.174851976,-1155247.1748519763,16.7319848093335
rq3_flickr_residual_correction_u8_eps1e6,soc_flickr_sinkfree_8192e,thresholded_residual_pagerank,pagerank_correction,real,trace_holdout,trace_holdout,431479.0,612684.5046016633,-181205.50460166333,41.99636705417027
rq3_trace_carry_l1_e16,synthetic_trace_carry_l1,weighted_sssp,deep_carry,synthetic,synthetic_calibration,calibration,15001.0,24210.472437384473,-9209.472437384473,61.39239008989049
rq3_trace_carry_l1_e4,synthetic_trace_carry_l1,weighted_sssp,deep_carry,synthetic,synthetic_calibration,calibration,13945.0,20072.28008364079,-6127.280083640791,43.93890343234702
rq3_trace_carry_l1_e8,synthetic_trace_carry_l1,weighted_sssp,deep_carry,synthetic,synthetic_calibration,calibration,14308.0,21451.677534888688,-7143.677534888688,49.92785528996846
rq3_trace_carry_l2_e16,synthetic_trace_carry_l2,weighted_sssp,deep_carry,synthetic,synthetic_calibration,calibration,17942.0,26232.101934039652,-8290.101934039652,46.205004648532224
rq3_trace_carry_l2_e4,synthetic_trace_carry_l2,weighted_sssp,deep_carry,synthetic,synthetic_calibration,calibration,15621.0,20925.610750389355,-5304.6107503893545,33.95820210223004
rq3_trace_carry_l2_e8,synthetic_trace_carry_l2,weighted_sssp,deep_carry,synthetic,synthetic_calibration,calibration,16350.0,22694.441144939457,-6344.441144939457,38.8039213757765
rq3_trace_carry_l3_e16,synthetic_trace_carry_l3,weighted_sssp,deep_carry,trace_holdout,trace_holdout,trace_holdout,22390.0,29811.463203903655,-7421.463203903655,33.14632962886849
rq3_trace_carry_l3_e4,synthetic_trace_carry_l3,weighted_sssp,deep_carry,trace_holdout,trace_holdout,trace_holdout,17861.0,22168.374360440128,-4307.374360440128,24.1160873435985
rq3_trace_carry_l3_e8,synthetic_trace_carry_l3,weighted_sssp,deep_carry,trace_holdout,trace_holdout,trace_holdout,19390.0,24716.070641594637,-5326.070641594637,27.468131209874354
rq3_trace_carry_l4_e16,synthetic_trace_carry_l4,weighted_sssp,deep_carry,synthetic,synthetic_calibration,calibration,29887.0,36506.2880201853,-6619.288020185297,22.14771646597282
rq3_trace_carry_l4_e4,synthetic_trace_carry_l4,weighted_sssp,deep_carry,synthetic,synthetic_calibration,calibration,20660.0,24190.003857095304,-3530.003857095304,17.086175494168945
rq3_trace_carry_l4_e8,synthetic_trace_carry_l4,weighted_sssp,deep_carry,synthetic,synthetic_calibration,calibration,23770.0,28295.43191145864,-4525.43191145864,19.03841780167707
rq3_trace_carry_l5_e16,synthetic_trace_carry_l5,weighted_sssp,deep_carry,trace_holdout,trace_holdout,trace_holdout,43407.0,49432.03992930223,-6025.039929302227,13.880341717470056
rq3_trace_carry_l5_e4,synthetic_trace_carry_l5,weighted_sssp,deep_carry,trace_holdout,trace_holdout,trace_holdout,25077.0,27769.365126959307,-2692.3651269593065,10.736392419186133
rq3_trace_carry_l5_e8,synthetic_trace_carry_l5,weighted_sssp,deep_carry,trace_holdout,trace_holdout,trace_holdout,31249.0,34990.256727740285,-3741.256727740285,11.972404645717575
rq3_zero_net_cc_u2,synthetic_cc_zero_net,connected_components,zero_net,synthetic,synthetic_calibration,calibration,12671.0,3460.324060743389,9210.675939256611,72.6909947064684
