execution_id,dataset_id,algorithm,scenario,batch_size,system,tier,logical_views,campaign_ids,estimated_rss_gib,expected,observed,coverage_status,cycles,host_wall_seconds
000b2ce2876bdf153387,soc_orkut,weighted_sssp,insert,8,grasu_regraph_k4_shared,main_e2e,main_e2e,large_graph_publication_campaign_fullgraph_v3_20260730_formal_execution,64.0,True,False,missing,,
04633304ca432cae7e58,rmat_19_32,full_pagerank,insert,8,grasu_regraph_k4_shared,endpoint_scalability,endpoint_scalability,large_graph_publication_campaign_fullgraph_v3_20260730_formal_execution,13.69,True,True,observed_pass,43819891,1634.7757685840043
05c67b7a13fca2963f8f,sx_askubuntu,weighted_sssp,delete,64,grasu_regraph_k4_shared,update_performance,update_performance,large_graph_publication_campaign_fullgraph_v3_20260730_formal_execution,2.08,True,True,observed_pass,165470143,5983.110262871003
06d7b75297d1c313f578,sx_askubuntu,weighted_sssp,weight_change,64,grasu_regraph_k1,update_performance,update_performance,large_graph_publication_campaign_fullgraph_v3_20260730_formal_execution,2.08,True,False,missing,,
078258a6e8d62c1d7135,sx_askubuntu,weighted_sssp,weight_change,8,spine,update_performance+update_triggered_compute,update_performance+update_triggered_compute,large_graph_publication_campaign_fullgraph_v3_20260730_formal_execution,2.08,True,True,observed_pass,37371861,677.3729435749992
080f8e45d231a32259a9,sx_superuser,thresholded_residual_pagerank,insert,8,grasu_regraph_k1,main_e2e,main_e2e,large_graph_publication_campaign_fullgraph_v3_20260730_formal_execution,5.35,True,True,observed_pass,68744204,2452.305015195998
087ea93d578261400aa6,sx_askubuntu,weighted_sssp,delete,8,spine,update_performance,update_performance,large_graph_publication_campaign_fullgraph_v3_20260730_formal_execution,2.08,True,True,observed_pass,37369521,717.7660428909949
136f608d4658cc3e116b,sx_askubuntu,thresholded_residual_pagerank,insert,8,grasu_regraph_k1,main_e2e+update_triggered_compute,main_e2e+update_triggered_compute,large_graph_publication_campaign_fullgraph_v3_20260730_formal_execution,4.61,True,True,observed_pass,56287112,1968.601620812995
15c2f5832301e6613fcb,soc_bitcoin,weighted_sssp,insert,8,grasu_regraph_k4_shared,main_e2e,main_e2e,large_graph_publication_campaign_fullgraph_v3_20260730_formal_execution,64.0,True,False,missing,,
1649c4ec5b7663fd5bc1,rmat_19_32,full_pagerank,insert,8,grasu_regraph_k1,endpoint_scalability,endpoint_scalability,large_graph_publication_campaign_fullgraph_v3_20260730_formal_execution,13.69,True,True,observed_pass,169137508,5867.5814361319935
1878300f8f35962e0c98,ljournal_2008,full_pagerank,insert,8,grasu_regraph_k1,main_e2e,main_e2e,large_graph_publication_campaign_fullgraph_v2_20260729_formal_execution,4.07,True,False,missing,,
19d875102aaf6d005936,sx_askubuntu,weighted_sssp,insert,8,grasu_regraph_k1,main_e2e,main_e2e,large_graph_publication_campaign_fullgraph_v3_20260730_formal_execution,2.2,True,False,missing,,
1ffe313c409e21212f3f,sx_askubuntu,weighted_sssp,delete,1,grasu_regraph_k4_shared,update_performance,update_performance,large_graph_publication_campaign_fullgraph_v3_20260730_formal_execution,2.08,True,True,observed_pass,165407098,6027.225335375002
28d2d359e376b904d0ee,sx_askubuntu,weighted_sssp,insert,8,grasu_regraph_k4_shared,main_e2e,main_e2e,large_graph_publication_campaign_fullgraph_v3_20260730_formal_execution,2.2,True,True,observed_pass,153359021,6142.303934566004
2d471533cb1ca3b6d008,sx_askubuntu,weighted_sssp,weight_change,64,grasu_regraph_k4_shared,update_performance,update_performance,large_graph_publication_campaign_fullgraph_v3_20260730_formal_execution,2.08,True,True,observed_pass,165433368,6047.061540104998
2df4185bfdd4e2c86eb2,soc_pokec,weighted_sssp,insert,8,grasu_regraph_k4_shared,main_e2e,main_e2e,large_graph_publication_campaign_fullgraph_v3_20260730_formal_execution,64.0,True,False,missing,,
3162f6d3c69bcbba7425,sx_askubuntu,weighted_sssp,insert,1,spine,update_performance,update_performance,large_graph_publication_campaign_fullgraph_v3_20260730_formal_execution,2.2,True,True,observed_pass,24887990,386.78014762399835
33d43282c07b9e3be7ad,sx_askubuntu,weighted_sssp,weight_change,64,spine,update_performance,update_performance,large_graph_publication_campaign_fullgraph_v3_20260730_formal_execution,2.08,True,True,observed_pass,37371861,689.1496489889978
3400c03b9486985346dc,sx_askubuntu,weighted_sssp,insert,512,grasu_regraph_k4_shared,dense,dense,large_graph_publication_campaign_fullgraph_v3_20260730_formal_execution,3.36,True,True,observed_pass,153351535,5585.377132394002
382bcecb6bbc531de1d8,rmat_19_32,connected_components,insert,8,grasu_regraph_k4_shared,endpoint_scalability,endpoint_scalability,large_graph_publication_campaign_fullgraph_v3_20260730_formal_execution,64.0,True,True,observed_pass,42433681,2172.4486391559985
38f2e87a7e932810c66f,sx_askubuntu,connected_components,insert,8,grasu_regraph_k4_shared,main_e2e+update_triggered_compute,main_e2e+update_triggered_compute,large_graph_publication_campaign_fullgraph_v3_20260730_formal_execution,4.19,True,True,observed_pass,13463682,499.3647133630002
3c8e5de059a254eb17c6,sx_superuser,connected_components,insert,8,grasu_regraph_k1,main_e2e,main_e2e,large_graph_publication_campaign_fullgraph_v3_20260730_formal_execution,5.31,True,True,observed_pass,62594536,2206.763537664003
3cd0c1997869acef2ea0,rmat_19_32,full_pagerank,insert,8,spine,endpoint_scalability,endpoint_scalability,large_graph_publication_campaign_fullgraph_v3_20260730_formal_execution,3.49,True,True,observed_pass,1123561477,13263.712555906997
3e343031edc4dbbb4f43,sx_askubuntu,weighted_sssp,insert,64,grasu_regraph_k1,update_performance,update_performance,large_graph_publication_campaign_fullgraph_v3_20260730_formal_execution,2.2,True,False,missing,,
3e9e79f1f4d5642042a2,soc_orkut,weighted_sssp,insert,8,spine,main_e2e,main_e2e,large_graph_publication_campaign_fullgraph_v3_20260730_formal_execution,64.0,True,False,missing,,
3f8e9fc7157d096b8488,sx_superuser,thresholded_residual_pagerank,insert,8,spine,main_e2e,main_e2e,large_graph_publication_campaign_fullgraph_v3_20260730_formal_execution,2.45,True,True,observed_pass,2390535,41.970747070998186
41a914453b745730aa4e,rmat_19_32,weighted_sssp,insert,8,spine,endpoint_scalability,endpoint_scalability,large_graph_publication_campaign_fullgraph_v3_20260730_formal_execution,7.6,True,False,missing,,
42500190d5b90bad4dfa,sx_askubuntu,weighted_sssp,delete,8,grasu_regraph_k4_shared,update_performance+update_triggered_compute,update_performance+update_triggered_compute,large_graph_publication_campaign_fullgraph_v3_20260730_formal_execution,2.08,True,True,observed_pass,165427252,6029.225895111998
43fabe326b9f9f4a45d9,sx_superuser,full_pagerank,insert,8,grasu_regraph_k1,main_e2e,main_e2e,large_graph_publication_campaign_fullgraph_v3_20260730_formal_execution,4.03,True,True,observed_pass,179555305,6173.660392621001
44e4c6af81ccc9fdc2a7,wiki_talk_temporal,thresholded_residual_pagerank,insert,8,grasu_regraph_k4_shared,main_e2e+update_triggered_compute,main_e2e+update_triggered_compute,large_graph_publication_campaign_fullgraph_v3_20260730_formal_execution,8.81,True,True,observed_pass,70437834,2653.678946966
45072e1e0ffb084a0e34,sx_superuser,connected_components,insert,8,spine,main_e2e,main_e2e,large_graph_publication_campaign_fullgraph_v3_20260730_formal_execution,2.45,True,True,observed_pass,2397752,53.17657802399481
4701a1ee39373ef5513e,wiki_talk_temporal,thresholded_residual_pagerank,insert,8,grasu_regraph_k1,main_e2e+update_triggered_compute,main_e2e+update_triggered_compute,large_graph_publication_campaign_fullgraph_v3_20260730_formal_execution,8.81,True,True,observed_pass,249403865,8613.995826428
481fe37b59bb280dfc1e,rmat_19_32,connected_components,insert,8,spine,endpoint_scalability,endpoint_scalability,large_graph_publication_campaign_fullgraph_v3_20260730_formal_execution,12.7,True,True,observed_pass,4444870,915.4326719870005
4a0591ea74436271635d,wiki_talk_temporal,connected_components,insert,8,grasu_regraph_k1,main_e2e,main_e2e+update_triggered_compute,large_graph_publication_campaign_fullgraph_v3_20260730_formal_execution,2.86,True,True,observed_pass,464704438,16829.163404570998
4b40612383afbb4647f6,wiki_talk_temporal,weighted_sssp,insert,8,spine,main_e2e,main_e2e,large_graph_publication_campaign_fullgraph_v3_20260730_formal_execution,2.54,True,True,observed_pass,29776714,754.3607714890022
4b494c08568b5377a058,sx_askubuntu,thresholded_residual_pagerank,insert,8,spine,main_e2e+update_triggered_compute,main_e2e+update_triggered_compute,large_graph_publication_campaign_fullgraph_v3_20260730_formal_execution,2.36,True,True,observed_pass,2172364,35.607825890998356
4d0bd7958c18f660a397,wiki_talk_temporal,full_pagerank,insert,8,grasu_regraph_k1,main_e2e+update_triggered_compute,main_e2e+update_triggered_compute,large_graph_publication_campaign_fullgraph_v3_20260730_formal_execution,5.81,True,False,missing,,
50a1e58fdc163b8f14d3,sx_superuser,weighted_sssp,insert,8,grasu_regraph_k1,main_e2e,main_e2e,large_graph_publication_campaign_fullgraph_v3_20260730_formal_execution,2.29,True,False,missing,,
5379db0c6ebe171a2d1d,hollywood_2009,weighted_sssp,insert,8,grasu_regraph_k4_shared,main_e2e,main_e2e,large_graph_publication_campaign_fullgraph_v3_20260730_formal_execution,64.0,True,False,missing,,
53d8ac095d6b4bb6739f,sx_askubuntu,weighted_sssp,insert,8,spine,main_e2e,main_e2e,large_graph_publication_campaign_fullgraph_v3_20260730_formal_execution,2.2,True,True,observed_pass,24919004,591.4542165649982
59da65c2500edb88edad,sx_askubuntu,weighted_sssp,insert,1,grasu_regraph_k4_shared,update_performance,update_performance,large_graph_publication_campaign_fullgraph_v3_20260730_formal_execution,2.2,True,True,observed_pass,153339497,5556.017909368002
5c08b545f30bcb906e10,sx_askubuntu,connected_components,insert,8,spine,main_e2e+update_triggered_compute,main_e2e+update_triggered_compute,large_graph_publication_campaign_fullgraph_v3_20260730_formal_execution,2.3,True,True,observed_pass,2183489,42.22083398399991
5fc422a3e00f24215f2b,wiki_talk_temporal,connected_components,insert,8,grasu_regraph_k4_shared,main_e2e+update_triggered_compute,main_e2e+update_triggered_compute,large_graph_publication_campaign_fullgraph_v3_20260730_formal_execution,8.36,True,True,observed_pass,135556963,4881.450011118002
5feebf3ffd1b3b9a46a5,sx_superuser,full_pagerank,insert,8,grasu_regraph_k4_shared,main_e2e,main_e2e,large_graph_publication_campaign_fullgraph_v3_20260730_formal_execution,4.03,True,True,observed_pass,63172598,2280.3086065339958
62109bdd0c44b4d646c9,sx_superuser,connected_components,insert,8,grasu_regraph_k4_shared,main_e2e,main_e2e,large_graph_publication_campaign_fullgraph_v3_20260730_formal_execution,5.31,True,True,observed_pass,21374200,776.5784583959976
679723ef6fc028a7235c,sx_superuser,weighted_sssp,insert,8,grasu_regraph_k4_shared,main_e2e,main_e2e,large_graph_publication_campaign_fullgraph_v3_20260730_formal_execution,2.29,True,True,observed_pass,271105413,10388.082413876
68d37a6a00bca342cf24,sx_askubuntu,weighted_sssp,weight_change,1,grasu_regraph_k1,update_performance,update_performance,large_graph_publication_campaign_fullgraph_v3_20260730_formal_execution,2.08,True,False,missing,,
73043db0f9280249dbaf,sx_superuser,thresholded_residual_pagerank,insert,8,grasu_regraph_k4_shared,main_e2e,main_e2e,large_graph_publication_campaign_fullgraph_v3_20260730_formal_execution,5.35,True,True,observed_pass,23168524,894.4573217950019
76af1de19bdb9fbd2a96,sx_stackoverflow,full_pagerank,insert,8,grasu_regraph_k4_shared,main_e2e,main_e2e,large_graph_publication_campaign_fullgraph_v2_20260729_formal_execution,4.15,True,False,missing,,
7762cb0667ffb3ce10b8,wiki_talk_temporal,full_pagerank,insert,8,grasu_regraph_k4_shared,main_e2e+update_triggered_compute,main_e2e+update_triggered_compute,large_graph_publication_campaign_fullgraph_v3_20260730_formal_execution,5.81,True,False,missing,,
7887b6b12d4de8828681,soc_orkut,full_pagerank,insert,8,grasu_regraph_k4_shared,main_e2e,main_e2e,large_graph_publication_campaign_fullgraph_v2_20260729_formal_execution,3.8,True,False,missing,,
7a8e945a49d5d49583c5,sx_askubuntu,connected_components,insert,8,grasu_regraph_k1,main_e2e+update_triggered_compute,main_e2e+update_triggered_compute,large_graph_publication_campaign_fullgraph_v3_20260730_formal_execution,4.19,True,True,observed_pass,50277182,1754.557058170998
7cb746c8e91cc36cb5ea,sx_askubuntu,weighted_sssp,insert,4096,grasu_regraph_k4_shared,dense,dense,large_graph_publication_campaign_fullgraph_v3_20260730_formal_execution,3.36,True,True,observed_pass,153405251,5535.2449347349975
8430e209d49a24810bbb,soc_livejournal1,full_pagerank,insert,8,grasu_regraph_k4_shared,main_e2e,main_e2e,large_graph_publication_campaign_fullgraph_v2_20260729_formal_execution,4.01,True,False,missing,,
848fea81eca0f5d38d5b,ljournal_2008,full_pagerank,insert,8,grasu_regraph_k4_shared,main_e2e,main_e2e,large_graph_publication_campaign_fullgraph_v2_20260729_formal_execution,4.07,True,False,missing,,
87a00bbb6e3e028b52e8,rmat_19_32,weighted_sssp,insert,8,grasu_regraph_k4_shared,endpoint_scalability,endpoint_scalability,large_graph_publication_campaign_fullgraph_v3_20260730_formal_execution,46.55,True,True,observed_pass,182188606,6704.7641133849975
87e6506fbefbb8a6c2f4,wiki_talk_temporal,full_pagerank,insert,8,spine,main_e2e+update_triggered_compute,main_e2e+update_triggered_compute,large_graph_publication_campaign_fullgraph_v3_20260730_formal_execution,2.54,True,False,missing,,
8a8ef1da0fe303f91d2c,ljournal_2008,weighted_sssp,insert,8,spine,main_e2e,main_e2e,large_graph_publication_campaign_fullgraph_v3_20260730_formal_execution,38.05,True,False,missing,,
8cf14799e5b7889e9b5e,sx_askubuntu,full_pagerank,insert,8,spine,main_e2e+update_triggered_compute,main_e2e+update_triggered_compute,large_graph_publication_campaign_fullgraph_v3_20260730_formal_execution,2.2,True,True,observed_pass,324014106,3906.933104095995
9156f1164cc3517576c9,soc_pokec,weighted_sssp,insert,8,spine,main_e2e,main_e2e,large_graph_publication_campaign_fullgraph_v3_20260730_formal_execution,18.15,True,False,missing,,
93659c5da9624646c20e,soc_livejournal1,weighted_sssp,insert,8,grasu_regraph_k4_shared,main_e2e,main_e2e,large_graph_publication_campaign_fullgraph_v3_20260730_formal_execution,64.0,True,False,missing,,
956dc075c0655ff4a984,sx_askubuntu,weighted_sssp,insert,4096,spine,dense,dense,large_graph_publication_campaign_fullgraph_v3_20260730_formal_execution,2.2,True,True,observed_pass,28755462,433.7486510739982
96c048a25bdd97023d02,wiki_talk_temporal,weighted_sssp,insert,8,grasu_regraph_k4_shared,main_e2e,main_e2e,large_graph_publication_campaign_fullgraph_v3_20260730_formal_execution,2.54,True,False,missing,,
98b454304d22cef37a92,hollywood_2009,weighted_sssp,insert,8,spine,main_e2e,main_e2e,large_graph_publication_campaign_fullgraph_v3_20260730_formal_execution,42.46,True,False,missing,,
99afc5640345c6dc602f,sx_askubuntu,weighted_sssp,delete,1,grasu_regraph_k1,update_performance,update_performance,large_graph_publication_campaign_fullgraph_v3_20260730_formal_execution,2.08,True,False,missing,,
9a1d01bee8913cff1075,sx_askubuntu,weighted_sssp,weight_change,1,spine,update_performance,update_performance,large_graph_publication_campaign_fullgraph_v3_20260730_formal_execution,2.08,True,True,observed_pass,37371861,691.1092454619939
9c7090d0627b601bd999,sx_askubuntu,weighted_sssp,delete,1,spine,update_performance,update_performance,large_graph_publication_campaign_fullgraph_v3_20260730_formal_execution,2.08,True,True,observed_pass,37371473,744.8283182160012
9e990f0e144cab37df13,ljournal_2008,weighted_sssp,insert,8,grasu_regraph_k4_shared,main_e2e,main_e2e,large_graph_publication_campaign_fullgraph_v3_20260730_formal_execution,64.0,True,False,missing,,
a6face1bc499e32414ad,sx_askubuntu,weighted_sssp,weight_change,8,grasu_regraph_k4_shared,update_performance+update_triggered_compute,update_performance+update_triggered_compute,large_graph_publication_campaign_fullgraph_v3_20260730_formal_execution,2.08,True,True,observed_pass,165408001,5969.542002720998
a731fc0383546fc96666,sx_askubuntu,weighted_sssp,insert,512,spine,dense,dense,large_graph_publication_campaign_fullgraph_v3_20260730_formal_execution,2.2,True,True,observed_pass,26246465,398.48758918399835
aa136d0c12712563a402,wiki_talk_temporal,weighted_sssp,insert,8,grasu_regraph_k1,main_e2e,main_e2e,large_graph_publication_campaign_fullgraph_v3_20260730_formal_execution,2.54,True,False,missing,,
aacef30f761e5c4f58d4,sx_stackoverflow,thresholded_residual_pagerank,insert,8,spine,main_e2e,main_e2e,large_graph_publication_campaign_fullgraph_v3_20260730_formal_execution,12.84,True,False,missing,,
adc376a9f0d0ad5c65c9,soc_orkut,full_pagerank,insert,8,grasu_regraph_k1,main_e2e,main_e2e,large_graph_publication_campaign_fullgraph_v2_20260729_formal_execution,3.8,True,False,missing,,
aff29a950db1c06f6943,sx_stackoverflow,full_pagerank,insert,8,grasu_regraph_k1,main_e2e,main_e2e,large_graph_publication_campaign_fullgraph_v2_20260729_formal_execution,4.15,True,False,missing,,
b76a15fdd98228a1da6e,sx_superuser,weighted_sssp,insert,8,spine,main_e2e,main_e2e,large_graph_publication_campaign_fullgraph_v3_20260730_formal_execution,2.29,True,True,observed_pass,81013872,1328.8578083949978
c363646c1e64f5d1e1cf,sx_askubuntu,weighted_sssp,weight_change,8,grasu_regraph_k1,update_performance+update_triggered_compute,update_performance+update_triggered_compute,large_graph_publication_campaign_fullgraph_v3_20260730_formal_execution,2.08,True,False,missing,,
c3c2ac6d9fd3ee1bbb56,sx_askubuntu,weighted_sssp,insert,1,grasu_regraph_k1,update_performance,update_performance,large_graph_publication_campaign_fullgraph_v3_20260730_formal_execution,2.2,True,False,missing,,
c3fe1f45c53d21b9bd98,sx_askubuntu,thresholded_residual_pagerank,insert,8,grasu_regraph_k4_shared,main_e2e+update_triggered_compute,main_e2e+update_triggered_compute,large_graph_publication_campaign_fullgraph_v3_20260730_formal_execution,4.61,True,True,observed_pass,14731288,553.833528054005
c641ebfcdb62d348a577,sx_askubuntu,weighted_sssp,weight_change,1,grasu_regraph_k4_shared,update_performance,update_performance,large_graph_publication_campaign_fullgraph_v3_20260730_formal_execution,2.08,True,True,observed_pass,165446629,6001.368309221998
c80d8cb28432e199caa1,wiki_talk_temporal,connected_components,insert,8,spine,main_e2e+update_triggered_compute,main_e2e+update_triggered_compute,large_graph_publication_campaign_fullgraph_v3_20260730_formal_execution,2.86,True,True,observed_pass,9587612,174.4432862179965
cb064f005ee104a27894,sx_askubuntu,full_pagerank,insert,8,grasu_regraph_k1,main_e2e+update_triggered_compute,main_e2e+update_triggered_compute,large_graph_publication_campaign_fullgraph_v3_20260730_formal_execution,3.36,True,True,observed_pass,144061409,5048.077351827
cb5f0cef772bbc306a41,rmat_19_32,thresholded_residual_pagerank,insert,8,spine,endpoint_scalability,endpoint_scalability,large_graph_publication_campaign_fullgraph_v3_20260730_formal_execution,7.67,True,True,observed_pass,2211057,94.18466700000135
cd856a40723cf6fb58ae,sx_askubuntu,weighted_sssp,delete,64,spine,update_performance,update_performance,large_graph_publication_campaign_fullgraph_v3_20260730_formal_execution,2.08,True,True,observed_pass,37353019,732.4268001810051
d310ed825d5fef3de031,wiki_talk_temporal,thresholded_residual_pagerank,insert,8,spine,main_e2e+update_triggered_compute,main_e2e+update_triggered_compute,large_graph_publication_campaign_fullgraph_v3_20260730_formal_execution,2.92,True,True,observed_pass,4789895,89.15670653300185
da161135add1d922886c,uk_2002,weighted_sssp,insert,8,grasu_regraph_k4_shared,main_e2e,main_e2e,large_graph_publication_campaign_fullgraph_v3_20260730_formal_execution,64.0,True,False,missing,,
dbe420da9ea586bc90ff,sx_stackoverflow,weighted_sssp,insert,8,spine,main_e2e,main_e2e,large_graph_publication_campaign_fullgraph_v3_20260730_formal_execution,11.2,True,False,missing,,
dd9c56f6fdfd8fcbd499,soc_livejournal1,weighted_sssp,insert,8,spine,main_e2e,main_e2e,large_graph_publication_campaign_fullgraph_v3_20260730_formal_execution,33.23,True,False,missing,,
e175659ee9e16fe3379c,sx_askubuntu,weighted_sssp,delete,64,grasu_regraph_k1,update_performance,update_performance,large_graph_publication_campaign_fullgraph_v3_20260730_formal_execution,2.08,True,False,missing,,
e6f9c9eb9f4244d32ece,sx_askubuntu,weighted_sssp,insert,64,spine,update_performance,update_performance,large_graph_publication_campaign_fullgraph_v3_20260730_formal_execution,2.2,True,True,observed_pass,25133564,390.0317569609979
eb442a2122d3a8337aad,sx_askubuntu,weighted_sssp,insert,64,grasu_regraph_k4_shared,update_performance,update_performance,large_graph_publication_campaign_fullgraph_v3_20260730_formal_execution,2.2,True,True,observed_pass,153355230,5617.908273386005
ec795c248a0b6ff8c851,sx_askubuntu,weighted_sssp,delete,8,grasu_regraph_k1,update_performance+update_triggered_compute,update_performance+update_triggered_compute,large_graph_publication_campaign_fullgraph_v3_20260730_formal_execution,2.08,True,False,missing,,
ee4d8c8353fb1cd15ea1,soc_livejournal1,full_pagerank,insert,8,grasu_regraph_k1,main_e2e,main_e2e,large_graph_publication_campaign_fullgraph_v2_20260729_formal_execution,4.01,True,False,missing,,
fb5e4457a55cf393a41a,sx_superuser,full_pagerank,insert,8,spine,main_e2e,main_e2e,large_graph_publication_campaign_fullgraph_v3_20260730_formal_execution,2.29,True,True,observed_pass,443972542,5321.859621770003
fe200a697fdba56a2251,sx_stackoverflow,connected_components,insert,8,spine,main_e2e,main_e2e,large_graph_publication_campaign_fullgraph_v3_20260730_formal_execution,17.38,True,False,missing,,
ffcfd6dbf8d4c85db8b8,sx_askubuntu,full_pagerank,insert,8,grasu_regraph_k4_shared,main_e2e+update_triggered_compute,main_e2e+update_triggered_compute,large_graph_publication_campaign_fullgraph_v3_20260730_formal_execution,3.36,True,True,observed_pass,38919106,1432.2559598580046
