index,label,scenario,batch_size,e2e_speedup,update_speedup,memory_ratio,energy_ratio
0,Ins-1,insert,1,6.161184450813424,0.002777600408658451,17.719525289960444,18.952368661480715
1,Ins-8,insert,8,6.154299786620685,0.003481134496919918,17.71323216103174,18.948913646271826
2,Ins-64,insert,64,6.101610977257344,0.003206980238067722,17.679765788970425,18.84516999158131
3,Del-1,delete,1,4.426025647958805,2.731893718192521e-06,13.446049666415615,14.005616627958426
4,Del-8,delete,8,4.426796158291673,6.803662427556397e-06,13.446882300236057,13.990180747221958
5,Del-64,delete,64,4.429900110617565,3.817711769731926e-05,13.451152127493014,13.995003455246797
6,Wgt-1,weight_change,1,4.427037470785841,3.642449253584478e-06,13.445996527388047,13.947933301820907
7,Wgt-8,weight_change,8,4.426003858892657,1.2534310666746586e-05,13.446043069171676,13.93925389703736
8,Wgt-64,weight_change,64,4.426682631619549,7.943753298626148e-05,13.446438849301641,13.980508404090141
