source	ini_path	kind	kernel	cu	port	target	count	connections	raw
/data/feiyang/spine-dynamic-graph-builds/pipeline_dirty_frontier_publication_1e61fc0_20260725/production/hw_v5_candidate10_150/xclbin/spine_partitioned_split_e2e.hw.xclbin.link_summary	/data/feiyang/spine-dynamic-graph-builds/pipeline_dirty_frontier_publication_1e61fc0_20260725/production/hw_v5_candidate10_150/system_partitioned_split_e2e.cfg	nk	spine_partconv_rdmaint_kernel				1		nk=spine_partconv_rdmaint_kernel:1
/data/feiyang/spine-dynamic-graph-builds/pipeline_dirty_frontier_publication_1e61fc0_20260725/production/hw_v5_candidate10_150/xclbin/spine_partitioned_split_e2e.hw.xclbin.link_summary	/data/feiyang/spine-dynamic-graph-builds/pipeline_dirty_frontier_publication_1e61fc0_20260725/production/hw_v5_candidate10_150/system_partitioned_split_e2e.cfg	nk	spine_partconv_compute_kernel				1		nk=spine_partconv_compute_kernel:1
/data/feiyang/spine-dynamic-graph-builds/pipeline_dirty_frontier_publication_1e61fc0_20260725/production/hw_v5_candidate10_150/xclbin/spine_partitioned_split_e2e.hw.xclbin.link_summary	/data/feiyang/spine-dynamic-graph-builds/pipeline_dirty_frontier_publication_1e61fc0_20260725/production/hw_v5_candidate10_150/system_partitioned_split_e2e.cfg	stream_connect						spine_partconv_rdmaint_kernel_1.edge_out:spine_partconv_compute_kernel_1.edge_in:32	stream_connect=spine_partconv_rdmaint_kernel_1.edge_out:spine_partconv_compute_kernel_1.edge_in:32
/data/feiyang/spine-dynamic-graph-builds/pipeline_dirty_frontier_publication_1e61fc0_20260725/production/hw_v5_candidate10_150/xclbin/spine_partitioned_split_e2e.hw.xclbin.link_summary	/data/feiyang/spine-dynamic-graph-builds/pipeline_dirty_frontier_publication_1e61fc0_20260725/production/hw_v5_candidate10_150/system_partitioned_split_e2e.cfg	stream_connect						spine_partconv_compute_kernel_1.value_out:spine_partconv_rdmaint_kernel_1.value_in:32	stream_connect=spine_partconv_compute_kernel_1.value_out:spine_partconv_rdmaint_kernel_1.value_in:32
/data/feiyang/spine-dynamic-graph-builds/pipeline_dirty_frontier_publication_1e61fc0_20260725/production/hw_v5_candidate10_150/xclbin/spine_partitioned_split_e2e.hw.xclbin.link_summary	/data/feiyang/spine-dynamic-graph-builds/pipeline_dirty_frontier_publication_1e61fc0_20260725/production/hw_v5_candidate10_150/system_partitioned_split_e2e.cfg	slr		spine_partconv_rdmaint_kernel_1		SLR0			slr=spine_partconv_rdmaint_kernel_1:SLR0
/data/feiyang/spine-dynamic-graph-builds/pipeline_dirty_frontier_publication_1e61fc0_20260725/production/hw_v5_candidate10_150/xclbin/spine_partitioned_split_e2e.hw.xclbin.link_summary	/data/feiyang/spine-dynamic-graph-builds/pipeline_dirty_frontier_publication_1e61fc0_20260725/production/hw_v5_candidate10_150/system_partitioned_split_e2e.cfg	slr		spine_partconv_compute_kernel_1		SLR1			slr=spine_partconv_compute_kernel_1:SLR1
/data/feiyang/spine-dynamic-graph-builds/pipeline_dirty_frontier_publication_1e61fc0_20260725/production/hw_v5_candidate10_150/xclbin/spine_partitioned_split_e2e.hw.xclbin.link_summary	/data/feiyang/spine-dynamic-graph-builds/pipeline_dirty_frontier_publication_1e61fc0_20260725/production/hw_v5_candidate10_150/system_partitioned_split_e2e.cfg	sp		spine_partconv_rdmaint_kernel_1	graph0	HBM[0]			sp=spine_partconv_rdmaint_kernel_1.graph0:HBM[0]
/data/feiyang/spine-dynamic-graph-builds/pipeline_dirty_frontier_publication_1e61fc0_20260725/production/hw_v5_candidate10_150/xclbin/spine_partitioned_split_e2e.hw.xclbin.link_summary	/data/feiyang/spine-dynamic-graph-builds/pipeline_dirty_frontier_publication_1e61fc0_20260725/production/hw_v5_candidate10_150/system_partitioned_split_e2e.cfg	sp		spine_partconv_rdmaint_kernel_1	graph1	HBM[1]			sp=spine_partconv_rdmaint_kernel_1.graph1:HBM[1]
/data/feiyang/spine-dynamic-graph-builds/pipeline_dirty_frontier_publication_1e61fc0_20260725/production/hw_v5_candidate10_150/xclbin/spine_partitioned_split_e2e.hw.xclbin.link_summary	/data/feiyang/spine-dynamic-graph-builds/pipeline_dirty_frontier_publication_1e61fc0_20260725/production/hw_v5_candidate10_150/system_partitioned_split_e2e.cfg	sp		spine_partconv_rdmaint_kernel_1	graph2	HBM[2]			sp=spine_partconv_rdmaint_kernel_1.graph2:HBM[2]
/data/feiyang/spine-dynamic-graph-builds/pipeline_dirty_frontier_publication_1e61fc0_20260725/production/hw_v5_candidate10_150/xclbin/spine_partitioned_split_e2e.hw.xclbin.link_summary	/data/feiyang/spine-dynamic-graph-builds/pipeline_dirty_frontier_publication_1e61fc0_20260725/production/hw_v5_candidate10_150/system_partitioned_split_e2e.cfg	sp		spine_partconv_rdmaint_kernel_1	graph3	HBM[3]			sp=spine_partconv_rdmaint_kernel_1.graph3:HBM[3]
/data/feiyang/spine-dynamic-graph-builds/pipeline_dirty_frontier_publication_1e61fc0_20260725/production/hw_v5_candidate10_150/xclbin/spine_partitioned_split_e2e.hw.xclbin.link_summary	/data/feiyang/spine-dynamic-graph-builds/pipeline_dirty_frontier_publication_1e61fc0_20260725/production/hw_v5_candidate10_150/system_partitioned_split_e2e.cfg	sp		spine_partconv_rdmaint_kernel_1	graph4	HBM[4]			sp=spine_partconv_rdmaint_kernel_1.graph4:HBM[4]
/data/feiyang/spine-dynamic-graph-builds/pipeline_dirty_frontier_publication_1e61fc0_20260725/production/hw_v5_candidate10_150/xclbin/spine_partitioned_split_e2e.hw.xclbin.link_summary	/data/feiyang/spine-dynamic-graph-builds/pipeline_dirty_frontier_publication_1e61fc0_20260725/production/hw_v5_candidate10_150/system_partitioned_split_e2e.cfg	sp		spine_partconv_rdmaint_kernel_1	graph5	HBM[5]			sp=spine_partconv_rdmaint_kernel_1.graph5:HBM[5]
/data/feiyang/spine-dynamic-graph-builds/pipeline_dirty_frontier_publication_1e61fc0_20260725/production/hw_v5_candidate10_150/xclbin/spine_partitioned_split_e2e.hw.xclbin.link_summary	/data/feiyang/spine-dynamic-graph-builds/pipeline_dirty_frontier_publication_1e61fc0_20260725/production/hw_v5_candidate10_150/system_partitioned_split_e2e.cfg	sp		spine_partconv_rdmaint_kernel_1	graph6	HBM[6]			sp=spine_partconv_rdmaint_kernel_1.graph6:HBM[6]
/data/feiyang/spine-dynamic-graph-builds/pipeline_dirty_frontier_publication_1e61fc0_20260725/production/hw_v5_candidate10_150/xclbin/spine_partitioned_split_e2e.hw.xclbin.link_summary	/data/feiyang/spine-dynamic-graph-builds/pipeline_dirty_frontier_publication_1e61fc0_20260725/production/hw_v5_candidate10_150/system_partitioned_split_e2e.cfg	sp		spine_partconv_rdmaint_kernel_1	graph7	HBM[7]			sp=spine_partconv_rdmaint_kernel_1.graph7:HBM[7]
/data/feiyang/spine-dynamic-graph-builds/pipeline_dirty_frontier_publication_1e61fc0_20260725/production/hw_v5_candidate10_150/xclbin/spine_partitioned_split_e2e.hw.xclbin.link_summary	/data/feiyang/spine-dynamic-graph-builds/pipeline_dirty_frontier_publication_1e61fc0_20260725/production/hw_v5_candidate10_150/system_partitioned_split_e2e.cfg	sp		spine_partconv_rdmaint_kernel_1	graph8	HBM[8]			sp=spine_partconv_rdmaint_kernel_1.graph8:HBM[8]
/data/feiyang/spine-dynamic-graph-builds/pipeline_dirty_frontier_publication_1e61fc0_20260725/production/hw_v5_candidate10_150/xclbin/spine_partitioned_split_e2e.hw.xclbin.link_summary	/data/feiyang/spine-dynamic-graph-builds/pipeline_dirty_frontier_publication_1e61fc0_20260725/production/hw_v5_candidate10_150/system_partitioned_split_e2e.cfg	sp		spine_partconv_rdmaint_kernel_1	graph9	HBM[9]			sp=spine_partconv_rdmaint_kernel_1.graph9:HBM[9]
/data/feiyang/spine-dynamic-graph-builds/pipeline_dirty_frontier_publication_1e61fc0_20260725/production/hw_v5_candidate10_150/xclbin/spine_partitioned_split_e2e.hw.xclbin.link_summary	/data/feiyang/spine-dynamic-graph-builds/pipeline_dirty_frontier_publication_1e61fc0_20260725/production/hw_v5_candidate10_150/system_partitioned_split_e2e.cfg	sp		spine_partconv_rdmaint_kernel_1	graph10	HBM[10]			sp=spine_partconv_rdmaint_kernel_1.graph10:HBM[10]
/data/feiyang/spine-dynamic-graph-builds/pipeline_dirty_frontier_publication_1e61fc0_20260725/production/hw_v5_candidate10_150/xclbin/spine_partitioned_split_e2e.hw.xclbin.link_summary	/data/feiyang/spine-dynamic-graph-builds/pipeline_dirty_frontier_publication_1e61fc0_20260725/production/hw_v5_candidate10_150/system_partitioned_split_e2e.cfg	sp		spine_partconv_rdmaint_kernel_1	graph11	HBM[11]			sp=spine_partconv_rdmaint_kernel_1.graph11:HBM[11]
/data/feiyang/spine-dynamic-graph-builds/pipeline_dirty_frontier_publication_1e61fc0_20260725/production/hw_v5_candidate10_150/xclbin/spine_partitioned_split_e2e.hw.xclbin.link_summary	/data/feiyang/spine-dynamic-graph-builds/pipeline_dirty_frontier_publication_1e61fc0_20260725/production/hw_v5_candidate10_150/system_partitioned_split_e2e.cfg	sp		spine_partconv_rdmaint_kernel_1	graph12	HBM[12]			sp=spine_partconv_rdmaint_kernel_1.graph12:HBM[12]
/data/feiyang/spine-dynamic-graph-builds/pipeline_dirty_frontier_publication_1e61fc0_20260725/production/hw_v5_candidate10_150/xclbin/spine_partitioned_split_e2e.hw.xclbin.link_summary	/data/feiyang/spine-dynamic-graph-builds/pipeline_dirty_frontier_publication_1e61fc0_20260725/production/hw_v5_candidate10_150/system_partitioned_split_e2e.cfg	sp		spine_partconv_rdmaint_kernel_1	graph13	HBM[13]			sp=spine_partconv_rdmaint_kernel_1.graph13:HBM[13]
/data/feiyang/spine-dynamic-graph-builds/pipeline_dirty_frontier_publication_1e61fc0_20260725/production/hw_v5_candidate10_150/xclbin/spine_partitioned_split_e2e.hw.xclbin.link_summary	/data/feiyang/spine-dynamic-graph-builds/pipeline_dirty_frontier_publication_1e61fc0_20260725/production/hw_v5_candidate10_150/system_partitioned_split_e2e.cfg	sp		spine_partconv_rdmaint_kernel_1	graph14	HBM[14]			sp=spine_partconv_rdmaint_kernel_1.graph14:HBM[14]
/data/feiyang/spine-dynamic-graph-builds/pipeline_dirty_frontier_publication_1e61fc0_20260725/production/hw_v5_candidate10_150/xclbin/spine_partitioned_split_e2e.hw.xclbin.link_summary	/data/feiyang/spine-dynamic-graph-builds/pipeline_dirty_frontier_publication_1e61fc0_20260725/production/hw_v5_candidate10_150/system_partitioned_split_e2e.cfg	sp		spine_partconv_rdmaint_kernel_1	graph15	HBM[15]			sp=spine_partconv_rdmaint_kernel_1.graph15:HBM[15]
/data/feiyang/spine-dynamic-graph-builds/pipeline_dirty_frontier_publication_1e61fc0_20260725/production/hw_v5_candidate10_150/xclbin/spine_partitioned_split_e2e.hw.xclbin.link_summary	/data/feiyang/spine-dynamic-graph-builds/pipeline_dirty_frontier_publication_1e61fc0_20260725/production/hw_v5_candidate10_150/system_partitioned_split_e2e.cfg	sp		spine_partconv_rdmaint_kernel_1	sorted_edges	HBM[16]			sp=spine_partconv_rdmaint_kernel_1.sorted_edges:HBM[16]
/data/feiyang/spine-dynamic-graph-builds/pipeline_dirty_frontier_publication_1e61fc0_20260725/production/hw_v5_candidate10_150/xclbin/spine_partitioned_split_e2e.hw.xclbin.link_summary	/data/feiyang/spine-dynamic-graph-builds/pipeline_dirty_frontier_publication_1e61fc0_20260725/production/hw_v5_candidate10_150/system_partitioned_split_e2e.cfg	sp		spine_partconv_rdmaint_kernel_1	active_bins	HBM[18]			sp=spine_partconv_rdmaint_kernel_1.active_bins:HBM[18]
/data/feiyang/spine-dynamic-graph-builds/pipeline_dirty_frontier_publication_1e61fc0_20260725/production/hw_v5_candidate10_150/xclbin/spine_partitioned_split_e2e.hw.xclbin.link_summary	/data/feiyang/spine-dynamic-graph-builds/pipeline_dirty_frontier_publication_1e61fc0_20260725/production/hw_v5_candidate10_150/system_partitioned_split_e2e.cfg	sp		spine_partconv_rdmaint_kernel_1	level_meta_io	HBM[20]			sp=spine_partconv_rdmaint_kernel_1.level_meta_io:HBM[20]
/data/feiyang/spine-dynamic-graph-builds/pipeline_dirty_frontier_publication_1e61fc0_20260725/production/hw_v5_candidate10_150/xclbin/spine_partitioned_split_e2e.hw.xclbin.link_summary	/data/feiyang/spine-dynamic-graph-builds/pipeline_dirty_frontier_publication_1e61fc0_20260725/production/hw_v5_candidate10_150/system_partitioned_split_e2e.cfg	sp		spine_partconv_rdmaint_kernel_1	result_out	HBM[21]			sp=spine_partconv_rdmaint_kernel_1.result_out:HBM[21]
/data/feiyang/spine-dynamic-graph-builds/pipeline_dirty_frontier_publication_1e61fc0_20260725/production/hw_v5_candidate10_150/xclbin/spine_partitioned_split_e2e.hw.xclbin.link_summary	/data/feiyang/spine-dynamic-graph-builds/pipeline_dirty_frontier_publication_1e61fc0_20260725/production/hw_v5_candidate10_150/system_partitioned_split_e2e.cfg	sp		spine_partconv_compute_kernel_1	vertex_state_hbm	HBM[17]			sp=spine_partconv_compute_kernel_1.vertex_state_hbm:HBM[17]
/data/feiyang/spine-dynamic-graph-builds/pipeline_dirty_frontier_publication_1e61fc0_20260725/production/hw_v5_candidate10_150/xclbin/spine_partitioned_split_e2e.hw.xclbin.link_summary	/data/feiyang/spine-dynamic-graph-builds/pipeline_dirty_frontier_publication_1e61fc0_20260725/production/hw_v5_candidate10_150/system_partitioned_split_e2e.cfg	sp		spine_partconv_compute_kernel_1	active_out_hbm	HBM[19]			sp=spine_partconv_compute_kernel_1.active_out_hbm:HBM[19]
/data/feiyang/spine-dynamic-graph-builds/pipeline_dirty_frontier_publication_1e61fc0_20260725/production/hw_v5_candidate10_150/xclbin/spine_partitioned_split_e2e.hw.xclbin.link_summary	/data/feiyang/spine-dynamic-graph-builds/pipeline_dirty_frontier_publication_1e61fc0_20260725/production/hw_v5_candidate10_150/system_partitioned_split_e2e.cfg	sp		spine_partconv_compute_kernel_1	result_out	HBM[21]			sp=spine_partconv_compute_kernel_1.result_out:HBM[21]
/data/feiyang/spine-dynamic-graph-builds/pipeline_dirty_frontier_publication_1e61fc0_20260725/production/hw_v5_candidate10_150/xclbin/spine_partitioned_split_e2e.hw.xclbin.link_summary	/data/feiyang/spine-dynamic-graph-builds/pipeline_dirty_frontier_publication_1e61fc0_20260725/production/hw_v5_candidate10_150/system_partitioned_split_e2e.cfg	sp		spine_partconv_compute_kernel_1	active_bitmap_hbm	HBM[22]			sp=spine_partconv_compute_kernel_1.active_bitmap_hbm:HBM[22]
/data/feiyang/spine-dynamic-graph-builds/pipeline_dirty_frontier_publication_1e61fc0_20260725/production/hw_v5_candidate10_150/xclbin/spine_partitioned_split_e2e.hw.xclbin.link_summary	/data/feiyang/spine-dynamic-graph-builds/pipeline_dirty_frontier_publication_1e61fc0_20260725/production/hw_v5_candidate10_150/temp/link/link/int/syslinkConfig.ini	nk	spine_partconv_rdmaint_kernel				1		nk=spine_partconv_rdmaint_kernel:1
/data/feiyang/spine-dynamic-graph-builds/pipeline_dirty_frontier_publication_1e61fc0_20260725/production/hw_v5_candidate10_150/xclbin/spine_partitioned_split_e2e.hw.xclbin.link_summary	/data/feiyang/spine-dynamic-graph-builds/pipeline_dirty_frontier_publication_1e61fc0_20260725/production/hw_v5_candidate10_150/temp/link/link/int/syslinkConfig.ini	nk	spine_partconv_compute_kernel				1		nk=spine_partconv_compute_kernel:1
/data/feiyang/spine-dynamic-graph-builds/pipeline_dirty_frontier_publication_1e61fc0_20260725/production/hw_v5_candidate10_150/xclbin/spine_partitioned_split_e2e.hw.xclbin.link_summary	/data/feiyang/spine-dynamic-graph-builds/pipeline_dirty_frontier_publication_1e61fc0_20260725/production/hw_v5_candidate10_150/temp/link/link/int/syslinkConfig.ini	sc						spine_partconv_rdmaint_kernel_1.edge_out:spine_partconv_compute_kernel_1.edge_in:32	sc=spine_partconv_rdmaint_kernel_1.edge_out:spine_partconv_compute_kernel_1.edge_in:32
/data/feiyang/spine-dynamic-graph-builds/pipeline_dirty_frontier_publication_1e61fc0_20260725/production/hw_v5_candidate10_150/xclbin/spine_partitioned_split_e2e.hw.xclbin.link_summary	/data/feiyang/spine-dynamic-graph-builds/pipeline_dirty_frontier_publication_1e61fc0_20260725/production/hw_v5_candidate10_150/temp/link/link/int/syslinkConfig.ini	sc						spine_partconv_compute_kernel_1.value_out:spine_partconv_rdmaint_kernel_1.value_in:32	sc=spine_partconv_compute_kernel_1.value_out:spine_partconv_rdmaint_kernel_1.value_in:32
/data/feiyang/spine-dynamic-graph-builds/pipeline_dirty_frontier_publication_1e61fc0_20260725/production/hw_v5_candidate10_150/xclbin/spine_partitioned_split_e2e.hw.xclbin.link_summary	/data/feiyang/spine-dynamic-graph-builds/pipeline_dirty_frontier_publication_1e61fc0_20260725/production/hw_v5_candidate10_150/temp/link/link/int/syslinkConfig.ini	sp		spine_partconv_rdmaint_kernel_1	graph0	HBM[0]			sp=spine_partconv_rdmaint_kernel_1.graph0:HBM[0]
/data/feiyang/spine-dynamic-graph-builds/pipeline_dirty_frontier_publication_1e61fc0_20260725/production/hw_v5_candidate10_150/xclbin/spine_partitioned_split_e2e.hw.xclbin.link_summary	/data/feiyang/spine-dynamic-graph-builds/pipeline_dirty_frontier_publication_1e61fc0_20260725/production/hw_v5_candidate10_150/temp/link/link/int/syslinkConfig.ini	sp		spine_partconv_rdmaint_kernel_1	graph1	HBM[1]			sp=spine_partconv_rdmaint_kernel_1.graph1:HBM[1]
/data/feiyang/spine-dynamic-graph-builds/pipeline_dirty_frontier_publication_1e61fc0_20260725/production/hw_v5_candidate10_150/xclbin/spine_partitioned_split_e2e.hw.xclbin.link_summary	/data/feiyang/spine-dynamic-graph-builds/pipeline_dirty_frontier_publication_1e61fc0_20260725/production/hw_v5_candidate10_150/temp/link/link/int/syslinkConfig.ini	sp		spine_partconv_rdmaint_kernel_1	graph2	HBM[2]			sp=spine_partconv_rdmaint_kernel_1.graph2:HBM[2]
/data/feiyang/spine-dynamic-graph-builds/pipeline_dirty_frontier_publication_1e61fc0_20260725/production/hw_v5_candidate10_150/xclbin/spine_partitioned_split_e2e.hw.xclbin.link_summary	/data/feiyang/spine-dynamic-graph-builds/pipeline_dirty_frontier_publication_1e61fc0_20260725/production/hw_v5_candidate10_150/temp/link/link/int/syslinkConfig.ini	sp		spine_partconv_rdmaint_kernel_1	graph3	HBM[3]			sp=spine_partconv_rdmaint_kernel_1.graph3:HBM[3]
/data/feiyang/spine-dynamic-graph-builds/pipeline_dirty_frontier_publication_1e61fc0_20260725/production/hw_v5_candidate10_150/xclbin/spine_partitioned_split_e2e.hw.xclbin.link_summary	/data/feiyang/spine-dynamic-graph-builds/pipeline_dirty_frontier_publication_1e61fc0_20260725/production/hw_v5_candidate10_150/temp/link/link/int/syslinkConfig.ini	sp		spine_partconv_rdmaint_kernel_1	graph4	HBM[4]			sp=spine_partconv_rdmaint_kernel_1.graph4:HBM[4]
/data/feiyang/spine-dynamic-graph-builds/pipeline_dirty_frontier_publication_1e61fc0_20260725/production/hw_v5_candidate10_150/xclbin/spine_partitioned_split_e2e.hw.xclbin.link_summary	/data/feiyang/spine-dynamic-graph-builds/pipeline_dirty_frontier_publication_1e61fc0_20260725/production/hw_v5_candidate10_150/temp/link/link/int/syslinkConfig.ini	sp		spine_partconv_rdmaint_kernel_1	graph5	HBM[5]			sp=spine_partconv_rdmaint_kernel_1.graph5:HBM[5]
/data/feiyang/spine-dynamic-graph-builds/pipeline_dirty_frontier_publication_1e61fc0_20260725/production/hw_v5_candidate10_150/xclbin/spine_partitioned_split_e2e.hw.xclbin.link_summary	/data/feiyang/spine-dynamic-graph-builds/pipeline_dirty_frontier_publication_1e61fc0_20260725/production/hw_v5_candidate10_150/temp/link/link/int/syslinkConfig.ini	sp		spine_partconv_rdmaint_kernel_1	graph6	HBM[6]			sp=spine_partconv_rdmaint_kernel_1.graph6:HBM[6]
/data/feiyang/spine-dynamic-graph-builds/pipeline_dirty_frontier_publication_1e61fc0_20260725/production/hw_v5_candidate10_150/xclbin/spine_partitioned_split_e2e.hw.xclbin.link_summary	/data/feiyang/spine-dynamic-graph-builds/pipeline_dirty_frontier_publication_1e61fc0_20260725/production/hw_v5_candidate10_150/temp/link/link/int/syslinkConfig.ini	sp		spine_partconv_rdmaint_kernel_1	graph7	HBM[7]			sp=spine_partconv_rdmaint_kernel_1.graph7:HBM[7]
/data/feiyang/spine-dynamic-graph-builds/pipeline_dirty_frontier_publication_1e61fc0_20260725/production/hw_v5_candidate10_150/xclbin/spine_partitioned_split_e2e.hw.xclbin.link_summary	/data/feiyang/spine-dynamic-graph-builds/pipeline_dirty_frontier_publication_1e61fc0_20260725/production/hw_v5_candidate10_150/temp/link/link/int/syslinkConfig.ini	sp		spine_partconv_rdmaint_kernel_1	graph8	HBM[8]			sp=spine_partconv_rdmaint_kernel_1.graph8:HBM[8]
/data/feiyang/spine-dynamic-graph-builds/pipeline_dirty_frontier_publication_1e61fc0_20260725/production/hw_v5_candidate10_150/xclbin/spine_partitioned_split_e2e.hw.xclbin.link_summary	/data/feiyang/spine-dynamic-graph-builds/pipeline_dirty_frontier_publication_1e61fc0_20260725/production/hw_v5_candidate10_150/temp/link/link/int/syslinkConfig.ini	sp		spine_partconv_rdmaint_kernel_1	graph9	HBM[9]			sp=spine_partconv_rdmaint_kernel_1.graph9:HBM[9]
/data/feiyang/spine-dynamic-graph-builds/pipeline_dirty_frontier_publication_1e61fc0_20260725/production/hw_v5_candidate10_150/xclbin/spine_partitioned_split_e2e.hw.xclbin.link_summary	/data/feiyang/spine-dynamic-graph-builds/pipeline_dirty_frontier_publication_1e61fc0_20260725/production/hw_v5_candidate10_150/temp/link/link/int/syslinkConfig.ini	sp		spine_partconv_rdmaint_kernel_1	graph10	HBM[10]			sp=spine_partconv_rdmaint_kernel_1.graph10:HBM[10]
/data/feiyang/spine-dynamic-graph-builds/pipeline_dirty_frontier_publication_1e61fc0_20260725/production/hw_v5_candidate10_150/xclbin/spine_partitioned_split_e2e.hw.xclbin.link_summary	/data/feiyang/spine-dynamic-graph-builds/pipeline_dirty_frontier_publication_1e61fc0_20260725/production/hw_v5_candidate10_150/temp/link/link/int/syslinkConfig.ini	sp		spine_partconv_rdmaint_kernel_1	graph11	HBM[11]			sp=spine_partconv_rdmaint_kernel_1.graph11:HBM[11]
/data/feiyang/spine-dynamic-graph-builds/pipeline_dirty_frontier_publication_1e61fc0_20260725/production/hw_v5_candidate10_150/xclbin/spine_partitioned_split_e2e.hw.xclbin.link_summary	/data/feiyang/spine-dynamic-graph-builds/pipeline_dirty_frontier_publication_1e61fc0_20260725/production/hw_v5_candidate10_150/temp/link/link/int/syslinkConfig.ini	sp		spine_partconv_rdmaint_kernel_1	graph12	HBM[12]			sp=spine_partconv_rdmaint_kernel_1.graph12:HBM[12]
/data/feiyang/spine-dynamic-graph-builds/pipeline_dirty_frontier_publication_1e61fc0_20260725/production/hw_v5_candidate10_150/xclbin/spine_partitioned_split_e2e.hw.xclbin.link_summary	/data/feiyang/spine-dynamic-graph-builds/pipeline_dirty_frontier_publication_1e61fc0_20260725/production/hw_v5_candidate10_150/temp/link/link/int/syslinkConfig.ini	sp		spine_partconv_rdmaint_kernel_1	graph13	HBM[13]			sp=spine_partconv_rdmaint_kernel_1.graph13:HBM[13]
/data/feiyang/spine-dynamic-graph-builds/pipeline_dirty_frontier_publication_1e61fc0_20260725/production/hw_v5_candidate10_150/xclbin/spine_partitioned_split_e2e.hw.xclbin.link_summary	/data/feiyang/spine-dynamic-graph-builds/pipeline_dirty_frontier_publication_1e61fc0_20260725/production/hw_v5_candidate10_150/temp/link/link/int/syslinkConfig.ini	sp		spine_partconv_rdmaint_kernel_1	graph14	HBM[14]			sp=spine_partconv_rdmaint_kernel_1.graph14:HBM[14]
/data/feiyang/spine-dynamic-graph-builds/pipeline_dirty_frontier_publication_1e61fc0_20260725/production/hw_v5_candidate10_150/xclbin/spine_partitioned_split_e2e.hw.xclbin.link_summary	/data/feiyang/spine-dynamic-graph-builds/pipeline_dirty_frontier_publication_1e61fc0_20260725/production/hw_v5_candidate10_150/temp/link/link/int/syslinkConfig.ini	sp		spine_partconv_rdmaint_kernel_1	graph15	HBM[15]			sp=spine_partconv_rdmaint_kernel_1.graph15:HBM[15]
/data/feiyang/spine-dynamic-graph-builds/pipeline_dirty_frontier_publication_1e61fc0_20260725/production/hw_v5_candidate10_150/xclbin/spine_partitioned_split_e2e.hw.xclbin.link_summary	/data/feiyang/spine-dynamic-graph-builds/pipeline_dirty_frontier_publication_1e61fc0_20260725/production/hw_v5_candidate10_150/temp/link/link/int/syslinkConfig.ini	sp		spine_partconv_rdmaint_kernel_1	sorted_edges	HBM[16]			sp=spine_partconv_rdmaint_kernel_1.sorted_edges:HBM[16]
/data/feiyang/spine-dynamic-graph-builds/pipeline_dirty_frontier_publication_1e61fc0_20260725/production/hw_v5_candidate10_150/xclbin/spine_partitioned_split_e2e.hw.xclbin.link_summary	/data/feiyang/spine-dynamic-graph-builds/pipeline_dirty_frontier_publication_1e61fc0_20260725/production/hw_v5_candidate10_150/temp/link/link/int/syslinkConfig.ini	sp		spine_partconv_rdmaint_kernel_1	active_bins	HBM[18]			sp=spine_partconv_rdmaint_kernel_1.active_bins:HBM[18]
/data/feiyang/spine-dynamic-graph-builds/pipeline_dirty_frontier_publication_1e61fc0_20260725/production/hw_v5_candidate10_150/xclbin/spine_partitioned_split_e2e.hw.xclbin.link_summary	/data/feiyang/spine-dynamic-graph-builds/pipeline_dirty_frontier_publication_1e61fc0_20260725/production/hw_v5_candidate10_150/temp/link/link/int/syslinkConfig.ini	sp		spine_partconv_rdmaint_kernel_1	level_meta_io	HBM[20]			sp=spine_partconv_rdmaint_kernel_1.level_meta_io:HBM[20]
/data/feiyang/spine-dynamic-graph-builds/pipeline_dirty_frontier_publication_1e61fc0_20260725/production/hw_v5_candidate10_150/xclbin/spine_partitioned_split_e2e.hw.xclbin.link_summary	/data/feiyang/spine-dynamic-graph-builds/pipeline_dirty_frontier_publication_1e61fc0_20260725/production/hw_v5_candidate10_150/temp/link/link/int/syslinkConfig.ini	sp		spine_partconv_rdmaint_kernel_1	result_out	HBM[21]			sp=spine_partconv_rdmaint_kernel_1.result_out:HBM[21]
/data/feiyang/spine-dynamic-graph-builds/pipeline_dirty_frontier_publication_1e61fc0_20260725/production/hw_v5_candidate10_150/xclbin/spine_partitioned_split_e2e.hw.xclbin.link_summary	/data/feiyang/spine-dynamic-graph-builds/pipeline_dirty_frontier_publication_1e61fc0_20260725/production/hw_v5_candidate10_150/temp/link/link/int/syslinkConfig.ini	sp		spine_partconv_compute_kernel_1	vertex_state_hbm	HBM[17]			sp=spine_partconv_compute_kernel_1.vertex_state_hbm:HBM[17]
/data/feiyang/spine-dynamic-graph-builds/pipeline_dirty_frontier_publication_1e61fc0_20260725/production/hw_v5_candidate10_150/xclbin/spine_partitioned_split_e2e.hw.xclbin.link_summary	/data/feiyang/spine-dynamic-graph-builds/pipeline_dirty_frontier_publication_1e61fc0_20260725/production/hw_v5_candidate10_150/temp/link/link/int/syslinkConfig.ini	sp		spine_partconv_compute_kernel_1	active_out_hbm	HBM[19]			sp=spine_partconv_compute_kernel_1.active_out_hbm:HBM[19]
/data/feiyang/spine-dynamic-graph-builds/pipeline_dirty_frontier_publication_1e61fc0_20260725/production/hw_v5_candidate10_150/xclbin/spine_partitioned_split_e2e.hw.xclbin.link_summary	/data/feiyang/spine-dynamic-graph-builds/pipeline_dirty_frontier_publication_1e61fc0_20260725/production/hw_v5_candidate10_150/temp/link/link/int/syslinkConfig.ini	sp		spine_partconv_compute_kernel_1	result_out	HBM[21]			sp=spine_partconv_compute_kernel_1.result_out:HBM[21]
/data/feiyang/spine-dynamic-graph-builds/pipeline_dirty_frontier_publication_1e61fc0_20260725/production/hw_v5_candidate10_150/xclbin/spine_partitioned_split_e2e.hw.xclbin.link_summary	/data/feiyang/spine-dynamic-graph-builds/pipeline_dirty_frontier_publication_1e61fc0_20260725/production/hw_v5_candidate10_150/temp/link/link/int/syslinkConfig.ini	sp		spine_partconv_compute_kernel_1	active_bitmap_hbm	HBM[22]			sp=spine_partconv_compute_kernel_1.active_bitmap_hbm:HBM[22]
/data/feiyang/spine-dynamic-graph-builds/pipeline_dirty_frontier_publication_1e61fc0_20260725/production/hw_v5_candidate10_150/xclbin/spine_partitioned_split_e2e.hw.xclbin.link_summary	/data/feiyang/spine-dynamic-graph-builds/pipeline_dirty_frontier_publication_1e61fc0_20260725/production/hw_v5_candidate10_150/temp/link/link/int/syslinkConfig.ini	slr		spine_partconv_rdmaint_kernel_1		SLR0			slr=spine_partconv_rdmaint_kernel_1:SLR0
/data/feiyang/spine-dynamic-graph-builds/pipeline_dirty_frontier_publication_1e61fc0_20260725/production/hw_v5_candidate10_150/xclbin/spine_partitioned_split_e2e.hw.xclbin.link_summary	/data/feiyang/spine-dynamic-graph-builds/pipeline_dirty_frontier_publication_1e61fc0_20260725/production/hw_v5_candidate10_150/temp/link/link/int/syslinkConfig.ini	slr		spine_partconv_compute_kernel_1		SLR1			slr=spine_partconv_compute_kernel_1:SLR1
/data/feiyang/spine-dynamic-graph-builds/pipeline_dirty_frontier_publication_1e61fc0_20260725/production/hw_v5_candidate10_150/xclbin/spine_partitioned_split_e2e.hw.xclbin.link_summary	/data/feiyang/spine-dynamic-graph-builds/pipeline_dirty_frontier_publication_1e61fc0_20260725/production/hw_v5_candidate10_150/temp/link/link/int/vplConfig.ini	nk	spine_partconv_rdmaint_kernel				1	spine_partconv_rdmaint_kernel_1	nk=spine_partconv_rdmaint_kernel:1:spine_partconv_rdmaint_kernel_1
/data/feiyang/spine-dynamic-graph-builds/pipeline_dirty_frontier_publication_1e61fc0_20260725/production/hw_v5_candidate10_150/xclbin/spine_partitioned_split_e2e.hw.xclbin.link_summary	/data/feiyang/spine-dynamic-graph-builds/pipeline_dirty_frontier_publication_1e61fc0_20260725/production/hw_v5_candidate10_150/temp/link/link/int/vplConfig.ini	nk	spine_partconv_compute_kernel				1	spine_partconv_compute_kernel_1	nk=spine_partconv_compute_kernel:1:spine_partconv_compute_kernel_1
