run_id,dataset_id,dataset_kind,input_scope,batch_size,update_pattern,scenario,algorithm,system,claim_class,profile_id,core_mhz,vertices,initial_edges,final_edges,user_mutations,physical_records,e2e_cycles,e2e_ms,update_cycles,update_ms,compute_cycles,compute_ms,user_mutations_per_second_update,physical_records_per_second_update,backend_nominal_64b_bytes,update_backend_nominal_64b_bytes,compute_backend_nominal_64b_bytes,backend_requests,backend_bytes,backend_read_requests,backend_read_bytes,backend_write_requests,backend_write_bytes,backend_first_requests,backend_first_bytes,backend_contiguous_requests,backend_contiguous_bytes,backend_repeated_requests,backend_repeated_bytes,backend_discontinuous_requests,backend_discontinuous_bytes,backend_classified_requests,backend_classified_bytes,backend_contiguous_request_ratio,backend_repeated_request_ratio,backend_discontinuous_request_ratio,backend_contiguous_byte_ratio,backend_repeated_byte_ratio,backend_discontinuous_byte_ratio,update_backend_requests,update_backend_bytes,update_backend_read_requests,update_backend_read_bytes,update_backend_write_requests,update_backend_write_bytes,update_backend_first_requests,update_backend_first_bytes,update_backend_contiguous_requests,update_backend_contiguous_bytes,update_backend_repeated_requests,update_backend_repeated_bytes,update_backend_discontinuous_requests,update_backend_discontinuous_bytes,update_backend_classified_requests,update_backend_classified_bytes,update_backend_contiguous_request_ratio,update_backend_repeated_request_ratio,update_backend_discontinuous_request_ratio,update_backend_contiguous_byte_ratio,update_backend_repeated_byte_ratio,update_backend_discontinuous_byte_ratio,compute_backend_requests,compute_backend_bytes,compute_backend_read_requests,compute_backend_read_bytes,compute_backend_write_requests,compute_backend_write_bytes,compute_backend_first_requests,compute_backend_first_bytes,compute_backend_contiguous_requests,compute_backend_contiguous_bytes,compute_backend_repeated_requests,compute_backend_repeated_bytes,compute_backend_discontinuous_requests,compute_backend_discontinuous_bytes,compute_backend_classified_requests,compute_backend_classified_bytes,compute_backend_contiguous_request_ratio,compute_backend_repeated_request_ratio,compute_backend_discontinuous_request_ratio,compute_backend_contiguous_byte_ratio,compute_backend_repeated_byte_ratio,compute_backend_discontinuous_byte_ratio,axis_push_stalls,dram_reads,dram_writes,dram_activates,dram_precharges,dram_energy_pj,dram_window_scope,host_wall_seconds,correctness_mismatches,rank_vector_sha256,raw_result_path,raw_result_sha256
real_amazon_2008_delete_u8,amazon_2008,real_compact_slice,real_compact_slice,8,delete,delete,full_pagerank,grasu_regraph,hls_equivalent_proposed_execution_driven_simulation,grasu_regraph_candidate10_normalized_hls_pagerank_v3,150.0,650,1280,1272,8,8,189427,1.2628466666666667,204,0.0013599999999999999,189223,1.2614866666666666,5882352.941176471,5882352.941176471,3521280,3072,3518208,55020,3293224,18140,933384,36880,2359840,21,660,51581,3075108,32,984,3386,216472,54999,3292564,0.9378534155166458,0.0005818287605229186,0.06156475572283132,0.933955421975093,0.0002988552386529161,0.06574572278625411,48,1216,32,672,16,544,12,200,4,32,32,984,0,0,36,1016,0.1111111111111111,0.8888888888888888,0.0,0.031496062992125984,0.968503937007874,0.0,54972,3292008,18108,932712,36864,2359296,9,460,51577,3075076,0,0,3386,216472,54963,3291548,0.9383949202190565,0.0,0.061605079780943546,0.9342339835238617,0.0,0.06576601647613828,31566,18140,36880,2066,2058,504843768.0,update_plus_compute_active_channels,2.175907988101244,0,610e99687950d88be96eff65f6cbb50e25b8dfad43fda1e47ae61bc8a4f2b67e,/data/tmp/chuxiao/candidate10_hls_v3_real_small_full_pagerank_20260727/real_amazon_2008_delete_u8/grasu_regraph/manifest.json,65856dd69db93e8d81927e8d33455457ec513d0221233fcc4e01c6e558c5f79f
real_amazon_2008_delete_u8,amazon_2008,real_compact_slice,real_compact_slice,8,delete,delete,full_pagerank,spine,routed_reference_profile_execution_driven_simulation,spine_candidate10_normalized_v1,150.0,650,1280,1272,8,8,209509,1.3967266666666667,53936,0.35957333333333336,155573,1.0371533333333331,22248.590922574902,22248.590922574902,1439808,225600,1214208,22497,158352,18767,136224,3730,22128,14,144,4621,33284,383,3064,17479,121860,22483,158208,0.20553306943023616,0.017035093181514922,0.777431837388249,0.21038127022653721,0.01936690938511327,0.7702518203883495,3525,28560,1775,14472,1750,14088,7,72,2871,23248,2,16,645,5224,3518,28488,0.8160886867538374,0.0005685048322910744,0.18334280841387152,0.8160629036787419,0.0005616399887672002,0.18337545633249086,18972,129792,16992,121752,1980,8040,7,72,1750,10036,381,3048,16834,116636,18965,129720,0.09227524387028738,0.020089638808331135,0.8876351173213815,0.07736663583102066,0.023496762257169287,0.8991366019118101,0,18767,3730,1861,1859,759910068.0,update_plus_compute_active_channels,2.985943336971104,0,610e99687950d88be96eff65f6cbb50e25b8dfad43fda1e47ae61bc8a4f2b67e,/data/tmp/chuxiao/candidate10_hls_v3_real_small_full_pagerank_20260727/real_amazon_2008_delete_u8/spine/summary.json,042a667d89cf9d89398169003edc94870080f870ca4c2f446f632f0056c45457
real_amazon_2008_insert_u8,amazon_2008,real_compact_slice,real_compact_slice,8,insert,insert,full_pagerank,grasu_regraph,hls_equivalent_proposed_execution_driven_simulation,grasu_regraph_candidate10_normalized_hls_pagerank_v3,150.0,650,1280,1288,8,8,189477,1.26318,215,0.0014333333333333333,189262,1.2617466666666668,5581395.34883721,5581395.34883721,3521984,3584,3518400,55031,3293480,18151,933640,36880,2359840,25,692,51644,3079140,36,1016,3326,212632,55006,3292788,0.9388793949750937,0.000654474057375559,0.06046613096753081,0.9351163816194665,0.0003085531166901726,0.06457506526384328,56,1280,40,736,16,544,16,232,4,32,36,1016,0,0,40,1048,0.1,0.9,0.0,0.030534351145038167,0.9694656488549618,0.0,54975,3292200,18111,932904,36864,2359296,9,460,51640,3079108,0,0,3326,212632,54966,3291740,0.9394898664629043,0.0,0.06051013353709566,0.935404375801248,0.0,0.06459562419875203,31602,18151,36880,2072,2064,505123590.0,update_plus_compute_active_channels,2.2046882659196854,0,6e4e2ebb5366c502034d5bcb17681644d5e3afa663ff259e6c379142f645f6aa,/data/tmp/chuxiao/candidate10_hls_v3_real_small_full_pagerank_20260727/real_amazon_2008_insert_u8/grasu_regraph/manifest.json,b52e18b9fc1e2b18cb95c23d8d23e921e575190e852e50b18ce767fc6b07d46a
real_amazon_2008_insert_u8,amazon_2008,real_compact_slice,real_compact_slice,8,insert,insert,full_pagerank,spine,routed_reference_profile_execution_driven_simulation,spine_candidate10_normalized_v1,150.0,650,1280,1288,8,8,210025,1.4001666666666668,54176,0.36117333333333335,155849,1.0389933333333334,22150.02953337271,22150.02953337271,1446976,226624,1220352,22609,159248,18863,136992,3746,22256,14,144,4416,33100,383,3064,17796,122940,22595,159104,0.19544146935162646,0.01695065279929188,0.7876078778490817,0.20804002413515688,0.019257843925985518,0.7727021319388576,3541,28688,1775,14472,1766,14216,7,72,2887,23376,2,16,645,5224,3534,28616,0.8169213355970572,0.0005659309564233164,0.18251273344651953,0.8168856583729383,0.0005591277606933184,0.18255521386636847,19068,130560,17088,122520,1980,8040,7,72,1529,9724,381,3048,17151,117716,19061,130488,0.08021614815592047,0.019988458108179005,0.8997953937359006,0.07452026239960763,0.023358469744344308,0.9021212678560481,0,18863,3746,1876,1876,761887980.0,update_plus_compute_active_channels,2.9338326528668404,0,6e4e2ebb5366c502034d5bcb17681644d5e3afa663ff259e6c379142f645f6aa,/data/tmp/chuxiao/candidate10_hls_v3_real_small_full_pagerank_20260727/real_amazon_2008_insert_u8/spine/summary.json,625911f238abd6dca6d891064b82e5c78f0d5ad36c0f8e07c5339e8e8bc3ed8e
real_amazon_2008_weight_change_u8,amazon_2008,real_compact_slice,real_compact_slice,8,weight_change,weight_change,full_pagerank,grasu_regraph,hls_equivalent_proposed_execution_driven_simulation,grasu_regraph_candidate10_normalized_hls_pagerank_v3,150.0,650,1280,1280,8,16,189627,1.2641799999999999,356,0.002373333333333333,189271,1.2618066666666665,3370786.5168539328,6741573.0337078655,3525568,7168,3518400,55087,3294760,18191,934376,36896,2360384,27,820,51643,3078628,82,2104,3335,213208,55060,3293940,0.93794042862332,0.0014892844169996369,0.06057028695968035,0.9346339034712229,0.0006387487325209323,0.06472734779625615,112,2560,80,1472,32,1088,18,360,12,96,82,2104,0,0,94,2200,0.1276595744680851,0.8723404255319149,0.0,0.04363636363636364,0.9563636363636364,0.0,54975,3292200,18111,932904,36864,2359296,9,460,51631,3078532,0,0,3335,213208,54966,3291740,0.939326128879671,0.0,0.06067387112032893,0.9352293923578412,0.0,0.06477060764215886,31607,18191,36896,2096,2094,505646586.0,update_plus_compute_active_channels,2.1647362979128957,0,338e96297e0bd105fe253d671dd374a191e7d7c782816c9d5cccc985603d49fb,/data/tmp/chuxiao/candidate10_hls_v3_real_small_full_pagerank_20260727/real_amazon_2008_weight_change_u8/grasu_regraph/manifest.json,5b6ef825bf57d2f9e20b1a6ea355ca2896d5bb8a4d58eb0db0b2ee5fe3e0bb1f
real_amazon_2008_weight_change_u8,amazon_2008,real_compact_slice,real_compact_slice,8,weight_change,weight_change,full_pagerank,spine,routed_reference_profile_execution_driven_simulation,spine_candidate10_normalized_v1,150.0,650,1280,1280,8,16,209949,1.3996600000000001,54171,0.36113999999999996,155778,1.03852,22152.07398792712,44304.14797585424,1446016,228736,1217280,22594,159448,18847,137120,3747,22328,14,144,4629,34340,383,3064,17568,121900,22580,159304,0.2050044286979628,0.01696191319751993,0.7780336581045173,0.21556269773514788,0.01923366644905338,0.7652036358157988,3574,29272,1807,14984,1767,14288,7,72,2920,23960,2,16,645,5224,3567,29200,0.8186150827025511,0.000560695262125035,0.1808242220353238,0.8205479452054795,0.000547945205479452,0.1789041095890411,19020,130176,17040,122136,1980,8040,7,72,1709,10380,381,3048,16923,116676,19013,130104,0.08988586756429812,0.020038920738442118,0.8900752116972598,0.07978232798376683,0.02342741191662055,0.8967902600996126,0,18847,3747,1873,1871,761268564.0,update_plus_compute_active_channels,2.9498626068234444,0,338e96297e0bd105fe253d671dd374a191e7d7c782816c9d5cccc985603d49fb,/data/tmp/chuxiao/candidate10_hls_v3_real_small_full_pagerank_20260727/real_amazon_2008_weight_change_u8/spine/summary.json,9196a0edab57effeab7eae2a2d21c0f2afe642ce0d8db938744fafc949b2a440
real_soc_flickr_und_delete_u8,soc_flickr_und,real_compact_slice,real_compact_slice,8,delete,delete,full_pagerank,grasu_regraph,hls_equivalent_proposed_execution_driven_simulation,grasu_regraph_candidate10_normalized_hls_pagerank_v3,150.0,2552,4096,4088,8,8,342614,2.2840933333333333,213,0.00142,342401,2.2826733333333333,5633802.816901409,5633802.816901409,4276736,3584,4273152,66824,3386336,29944,1026496,36880,2359840,27,820,63417,3170716,34,888,3346,213912,66797,3385516,0.9493989251014268,0.0005090048954294354,0.050092070003143856,0.9365532462407503,0.00026229384235667473,0.06318445991689302,56,1280,40,736,16,544,18,360,4,32,34,888,0,0,38,920,0.10526315789473684,0.8947368421052632,0.0,0.034782608695652174,0.9652173913043478,0.0,66768,3385056,29904,1025760,36864,2359296,9,460,63413,3170684,0,0,3346,213912,66759,3384596,0.9498794170074447,0.0,0.05012058299255531,0.9367983652997285,0.0,0.06320163470027146,31892,29944,36880,2647,2641,873438576.0,update_plus_compute_active_channels,3.63615008816123,0,940464cfcf90db63e68ca57e9c629498e9cfd345a8a6724c1527fe2a793f473a,/data/tmp/chuxiao/candidate10_hls_v3_real_small_full_pagerank_20260727/real_soc_flickr_und_delete_u8/grasu_regraph/manifest.json,b726ef0be89d4195590902988d8e0f0177c8337aff1627acc285a7b66f791913
real_soc_flickr_und_delete_u8,soc_flickr_und,real_compact_slice,real_compact_slice,8,delete,delete,full_pagerank,spine,routed_reference_profile_execution_driven_simulation,spine_candidate10_normalized_v1,150.0,2552,4096,4088,8,8,546071,3.640473333333333,156970,1.0464666666666669,389101,2.5940066666666666,7644.772886538828,7644.772886538828,4342336,586048,3756288,67849,429872,55597,362392,12252,67480,14,144,14002,94644,383,3064,53450,332020,67835,429728,0.2064126188545736,0.005646052922532616,0.7879413282228938,0.22024164122421624,0.007130091592821505,0.7726282671829623,9157,73616,4591,37000,4566,36616,7,72,8503,68304,2,16,645,5224,9150,73544,0.9292896174863388,0.0002185792349726776,0.07049180327868852,0.9287501359730229,0.00021755683672359405,0.07103230719025345,58692,356256,51006,325392,7686,30864,7,72,5499,26340,381,3048,52805,326796,58685,356184,0.09370367214790833,0.006492289341398995,0.8998040385106927,0.07395054241627923,0.008557374839970353,0.9174920827437504,0,55597,12252,3312,3310,1981012542.0,update_plus_compute_active_channels,7.426517180167139,0,940464cfcf90db63e68ca57e9c629498e9cfd345a8a6724c1527fe2a793f473a,/data/tmp/chuxiao/candidate10_hls_v3_real_small_full_pagerank_20260727/real_soc_flickr_und_delete_u8/spine/summary.json,5f898d9359ddf91d67b0a281d71ab6ee1fed939f704739067dea5462b9bbc668
real_soc_flickr_und_insert_u8,soc_flickr_und,real_compact_slice,real_compact_slice,8,insert,insert,full_pagerank,grasu_regraph,hls_equivalent_proposed_execution_driven_simulation,grasu_regraph_candidate10_normalized_hls_pagerank_v3,150.0,2552,4096,4104,8,8,342689,2.2845933333333335,213,0.00142,342476,2.2831733333333335,5633802.816901409,5633802.816901409,4277184,3840,4273344,66831,3386560,29951,1026720,36880,2359840,27,820,63465,3173564,28,616,3311,211560,66804,3385740,0.9500179629962278,0.0004191365786479851,0.04956290042512424,0.9373324590783698,0.00018193954645070206,0.06248560137517943,60,1312,44,768,16,544,18,360,10,192,28,616,4,144,42,952,0.23809523809523808,0.6666666666666666,0.09523809523809523,0.20168067226890757,0.6470588235294118,0.15126050420168066,66771,3385248,29907,1025952,36864,2359296,9,460,63455,3173372,0,0,3307,211416,66762,3384788,0.9504658338575837,0.0,0.04953416614241635,0.937539367310449,0.0,0.062460632689551016,31928,29951,36880,2656,2648,873511830.0,update_plus_compute_active_channels,3.7077998854219913,0,ee62c8d4fb1ae4ac1d35245dc7817ce30dbff9cf5aaf18f79798780d00adf2d9,/data/tmp/chuxiao/candidate10_hls_v3_real_small_full_pagerank_20260727/real_soc_flickr_und_insert_u8/grasu_regraph/manifest.json,a88defdf45401e09223b8eb48b2bdee823e2948ce763bbcd2f5f3499e3270949
real_soc_flickr_und_insert_u8,soc_flickr_und,real_compact_slice,real_compact_slice,8,insert,insert,full_pagerank,spine,routed_reference_profile_execution_driven_simulation,spine_candidate10_normalized_v1,150.0,2552,4096,4104,8,8,546604,3.6440266666666665,157167,1.04778,389437,2.5962466666666666,7635.19059344519,7635.19059344519,4349504,587072,3762432,67961,430768,55693,363160,12268,67608,14,144,14231,94968,383,3064,53333,332592,67947,430624,0.20944265383313465,0.005636746287547648,0.7849205998793177,0.22053578063461396,0.007115256000594486,0.7723489633647915,9173,73744,4591,37000,4582,36744,7,72,8519,68432,2,16,645,5224,9166,73672,0.9294130482216888,0.0002181976871045167,0.07036875409120663,0.928873927679444,0.0002171788467803236,0.07090889347377566,58788,357024,51102,326160,7686,30864,7,72,5712,26536,381,3048,52688,327368,58781,356952,0.09717425698780219,0.006481686259165376,0.8963440567530324,0.07434052757793765,0.008538963221945807,0.9171205092001166,0,55693,12268,3363,3361,1982840124.0,update_plus_compute_active_channels,7.438529694452882,0,ee62c8d4fb1ae4ac1d35245dc7817ce30dbff9cf5aaf18f79798780d00adf2d9,/data/tmp/chuxiao/candidate10_hls_v3_real_small_full_pagerank_20260727/real_soc_flickr_und_insert_u8/spine/summary.json,b20a97419e8b6fd381e165bc39f4cd46f404ed55ea59f759720f9d3c374ab05c
real_soc_flickr_und_weight_change_u8,soc_flickr_und,real_compact_slice,real_compact_slice,8,weight_change,weight_change,full_pagerank,grasu_regraph,hls_equivalent_proposed_execution_driven_simulation,grasu_regraph_candidate10_normalized_hls_pagerank_v3,150.0,2552,4096,4096,8,16,342764,2.285093333333333,358,0.0023866666666666667,342406,2.2827066666666664,3351955.30726257,6703910.61452514,4281216,7872,4273344,66894,3387896,29998,1027512,36896,2360384,27,820,63430,3170484,66,1528,3371,215064,66867,3387076,0.9485994586268264,0.0009870339629413612,0.050413507410232254,0.9360533982703665,0.0004511265764334783,0.06349547515319999,123,2648,91,1560,32,1088,18,360,27,440,66,1528,12,320,105,2288,0.2571428571428571,0.6285714285714286,0.11428571428571428,0.19230769230769232,0.6678321678321678,0.13986013986013987,66771,3385248,29907,1025952,36864,2359296,9,460,63403,3170044,0,0,3359,214744,66762,3384788,0.9496869476648393,0.0,0.05031305233516072,0.936556144727528,0.0,0.06344385527247201,31893,29998,36896,2660,2651,873954420.0,update_plus_compute_active_channels,3.661519354209304,0,2d79857d6e3535e81a1647538d1d613cd12abcc53fbc2be61d8086468b821fee,/data/tmp/chuxiao/candidate10_hls_v3_real_small_full_pagerank_20260727/real_soc_flickr_und_weight_change_u8/grasu_regraph/manifest.json,b64f27546ae850127acf1e4b8e2e5f6ae06a30ca06074dd1171376aff3b8747a
real_soc_flickr_und_weight_change_u8,soc_flickr_und,real_compact_slice,real_compact_slice,8,weight_change,weight_change,full_pagerank,spine,routed_reference_profile_execution_driven_simulation,spine_candidate10_normalized_v1,150.0,2552,4096,4096,8,16,547042,3.6469466666666666,157231,1.0482066666666667,389811,2.59874,7632.082731776813,15264.165463553625,4348544,589184,3759360,67946,430968,55677,363288,12269,67680,14,144,13931,94756,383,3064,53618,333004,67932,430824,0.20507271977860214,0.005637990932108579,0.7892892892892893,0.21994132174623512,0.007111952908844447,0.7729467253449205,9206,74328,4623,37512,4583,36816,7,72,8552,69016,2,16,645,5224,9199,74256,0.9296662680726165,0.0002174149364061311,0.07011631699097728,0.929433311786253,0.00021547080370609782,0.07035121741004094,58740,356640,51054,325776,7686,30864,7,72,5379,25740,381,3048,52973,327780,58733,356568,0.09158394769550338,0.00648698346755657,0.90192906883694,0.07218819411725112,0.008548159116914585,0.9192636467658343,0,55677,12269,3351,3349,1984351734.0,update_plus_compute_active_channels,7.370654397644103,0,2d79857d6e3535e81a1647538d1d613cd12abcc53fbc2be61d8086468b821fee,/data/tmp/chuxiao/candidate10_hls_v3_real_small_full_pagerank_20260727/real_soc_flickr_und_weight_change_u8/spine/summary.json,abd9c92de9e26538dd2602e924dbb0559310c16b1fe43d04538c4373c679a7fa
real_web_google_delete_u8,web_google,real_compact_slice,real_compact_slice,8,delete,delete,full_pagerank,grasu_regraph,hls_equivalent_proposed_execution_driven_simulation,grasu_regraph_candidate10_normalized_hls_pagerank_v3,150.0,3045,4096,4088,8,8,382006,2.5467066666666667,213,0.00142,381793,2.5452866666666667,5633802.816901409,5633802.816901409,4466048,3584,4462464,69782,3404084,32902,1044244,36880,2359840,27,820,66378,3188656,34,888,3343,213720,69755,3403264,0.9515876998064655,0.00048742025661242924,0.047924879936922085,0.936940537084399,0.0002609259816458553,0.06279853693395517,56,1280,40,736,16,544,18,360,4,32,34,888,0,0,38,920,0.10526315789473684,0.8947368421052632,0.0,0.034782608695652174,0.9652173913043478,0.0,69726,3402804,32862,1043508,36864,2359296,9,460,66374,3188624,0,0,3343,213720,69717,3402344,0.9520489980922874,0.0,0.047951001907712607,0.9371844822275467,0.0,0.06281551777245334,31892,32902,36880,2789,2789,968461902.0,update_plus_compute_active_channels,4.10526863578707,0,0505fdacb4bb6b34d9a6749f59c17b830da3514e37d34a3e06edb40d8dad4e67,/data/tmp/chuxiao/candidate10_hls_v3_real_small_full_pagerank_20260727/real_web_google_delete_u8/grasu_regraph/manifest.json,a840fede34d05feff4e5fb42287ed35295d2babb4890515cecd4195d2abcb834
real_web_google_delete_u8,web_google,real_compact_slice,real_compact_slice,8,delete,delete,full_pagerank,spine,routed_reference_profile_execution_driven_simulation,spine_candidate10_normalized_v1,150.0,3045,4096,4088,8,8,593422,3.956146666666667,156970,1.0464666666666669,436452,2.90968,7644.772886538828,7644.772886538828,4720960,586048,4134912,73765,453536,60034,380140,13731,73396,14,144,15192,99520,383,3064,58176,350808,73751,453392,0.2059904272484441,0.005193149923390869,0.788816422828165,0.21950100575219678,0.006757948971309595,0.7737410452764937,9157,73616,4591,37000,4566,36616,7,72,8503,68304,2,16,645,5224,9150,73544,0.9292896174863388,0.0002185792349726776,0.07049180327868852,0.9287501359730229,0.00021755683672359405,0.07103230719025345,64608,379920,55443,343140,9165,36780,7,72,6689,31216,381,3048,57531,345584,64601,379848,0.1035432888035789,0.005897741521029086,0.890558969675392,0.08218024051725953,0.008024262336513552,0.9097954971462269,0,60034,13731,3486,3484,2152153062.0,update_plus_compute_active_channels,8.054707499220967,0,0505fdacb4bb6b34d9a6749f59c17b830da3514e37d34a3e06edb40d8dad4e67,/data/tmp/chuxiao/candidate10_hls_v3_real_small_full_pagerank_20260727/real_web_google_delete_u8/spine/summary.json,93270e483551f724862602442d5ca45242d1f875889fd36ba3ad1ea92a3b8a22
real_web_google_insert_u8,web_google,real_compact_slice,real_compact_slice,8,insert,insert,full_pagerank,grasu_regraph,hls_equivalent_proposed_execution_driven_simulation,grasu_regraph_candidate10_normalized_hls_pagerank_v3,150.0,3045,4096,4104,8,8,382006,2.5467066666666667,213,0.00142,381793,2.5452866666666667,5633802.816901409,5633802.816901409,4466560,3904,4462656,69790,3404316,32910,1044476,36880,2359840,27,820,66408,3190296,28,616,3327,212584,69763,3403496,0.951908604847842,0.00040135888651577484,0.04769003626564224,0.9373585278196301,0.00018099036990200664,0.06246048181046782,61,1320,45,776,16,544,18,360,11,200,28,616,4,144,43,960,0.2558139534883721,0.6511627906976745,0.09302325581395349,0.20833333333333334,0.6416666666666667,0.15,69729,3402996,32865,1043700,36864,2359296,9,460,66397,3190096,0,0,3323,212440,69720,3402536,0.9523379231210557,0.0,0.047662076878944346,0.9375642168076987,0.0,0.062435783192301274,31928,32910,36880,2795,2795,968429736.0,update_plus_compute_active_channels,4.033659296110272,0,73f8dd1575ecc849a2add30a1db5ef1f5eb5e6804fec295efb3bc9be7caf8ff1,/data/tmp/chuxiao/candidate10_hls_v3_real_small_full_pagerank_20260727/real_web_google_insert_u8/grasu_regraph/manifest.json,2db5bbe9225eff46b46a49827b01cfa211fdccfc3e10ff9d0d1fbf077ea4ac70
real_web_google_insert_u8,web_google,real_compact_slice,real_compact_slice,8,insert,insert,full_pagerank,spine,routed_reference_profile_execution_driven_simulation,spine_candidate10_normalized_v1,150.0,3045,4096,4104,8,8,593746,3.958306666666666,157167,1.04778,436579,2.9105266666666667,7635.19059344519,7635.19059344519,4728128,587072,4141056,73877,454432,60130,380908,13747,73524,14,144,15167,99136,383,3064,58313,352088,73863,454288,0.20533961523360816,0.005185275442373042,0.7894751093240188,0.21822280139470995,0.006744620152854577,0.7750325784524354,9173,73744,4591,37000,4582,36744,7,72,8519,68432,2,16,645,5224,9166,73672,0.9294130482216888,0.0002181976871045167,0.07036875409120663,0.928873927679444,0.0002171788467803236,0.07090889347377566,64704,380688,55539,343908,9165,36780,7,72,6648,30704,381,3048,57668,346864,64697,380616,0.10275592376771721,0.0058889902159296416,0.8913550860163532,0.080669230930912,0.00800807112680497,0.911322697942283,0,60130,13747,3533,3533,2153476542.0,update_plus_compute_active_channels,8.083740916103125,0,73f8dd1575ecc849a2add30a1db5ef1f5eb5e6804fec295efb3bc9be7caf8ff1,/data/tmp/chuxiao/candidate10_hls_v3_real_small_full_pagerank_20260727/real_web_google_insert_u8/spine/summary.json,440a3341b8563577c95bd8160da714c15bb71606afd7a87e1a28427fbff44dba
real_web_google_weight_change_u8,web_google,real_compact_slice,real_compact_slice,8,weight_change,weight_change,full_pagerank,grasu_regraph,hls_equivalent_proposed_execution_driven_simulation,grasu_regraph_candidate10_normalized_hls_pagerank_v3,150.0,3045,4096,4096,8,16,382217,2.5481133333333332,349,0.0023266666666666666,381868,2.545786666666667,3438395.4154727794,6876790.830945559,4470400,7744,4462656,69850,3405628,32954,1045244,36896,2360384,27,820,66413,3189944,75,1936,3335,212928,69823,3404808,0.9511622244819042,0.0010741446228320181,0.04776363089526374,0.9368939452679858,0.0005686076865420899,0.06253744704547216,121,2632,89,1544,32,1088,18,360,23,296,75,1936,5,40,103,2272,0.22330097087378642,0.7281553398058253,0.04854368932038835,0.13028169014084506,0.852112676056338,0.017605633802816902,69729,3402996,32865,1043700,36864,2359296,9,460,66390,3189648,0,0,3330,212888,69720,3402536,0.9522375215146299,0.0,0.047762478485370054,0.9374325503095339,0.0,0.06256744969046617,31884,32954,36896,2813,2810,968865456.0,update_plus_compute_active_channels,4.086853290908039,0,c4a855f1af54cbfcf9931066fa7559bd2f4f855485320dc4c51e46d303aa51b4,/data/tmp/chuxiao/candidate10_hls_v3_real_small_full_pagerank_20260727/real_web_google_weight_change_u8/grasu_regraph/manifest.json,2f06f2da4d8774fc98fa8bf256b589db06a5e2b72d67518aa13714cf34670e24
real_web_google_weight_change_u8,web_google,real_compact_slice,real_compact_slice,8,weight_change,weight_change,full_pagerank,spine,routed_reference_profile_execution_driven_simulation,spine_candidate10_normalized_v1,150.0,3045,4096,4096,8,16,594568,3.9637866666666666,157231,1.0482066666666667,437337,2.9155800000000003,7632.082731776813,15264.165463553625,4727168,589184,4137984,73862,454632,60114,381036,13748,73596,14,144,15247,100404,383,3064,58218,351020,73848,454488,0.2064646300509154,0.005186328675116455,0.7883490412739681,0.22091672387389766,0.006741652144831107,0.7723416239812713,9206,74328,4623,37512,4583,36816,7,72,8552,69016,2,16,645,5224,9199,74256,0.9296662680726165,0.0002174149364061311,0.07011631699097728,0.929433311786253,0.00021547080370609782,0.07035121741004094,64656,380304,55491,343524,9165,36780,7,72,6695,31388,381,3048,57573,345796,64649,380232,0.10355921978684898,0.005893362619684759,0.8905474175934662,0.08254960129605084,0.008016158555829073,0.9094342401481201,0,60114,13748,3516,3514,2156524812.0,update_plus_compute_active_channels,8.00899681635201,0,c4a855f1af54cbfcf9931066fa7559bd2f4f855485320dc4c51e46d303aa51b4,/data/tmp/chuxiao/candidate10_hls_v3_real_small_full_pagerank_20260727/real_web_google_weight_change_u8/spine/summary.json,5cb4921d21b81daca2a8c09bac6abcdfde17046c6ddbaf47f8a98e2cc41b61c5
