case_id,evidence_case,role,vertices,input_edges,unique_sources,classify_blocks,simulated_cycles,hardware_maint_ms,hardware_cycles,raw_error_pct,backend_requests,dram_requests,sst_host_wall_seconds,slice_sha256,status
cal_zero,zero_edge,calibration,1,0,0,0,2584,0.260108,39016.200000000004,-93.37711002096565,639,639,0.19228003965690732,4345201eec1968826a8bab732639c03deb9542d33db7382ed83674f988d7ada1,PASS
cal_one,one_edge,calibration,131073,1,1,1,3405,0.258457,38768.549999999996,-91.21710768135512,667,667,0.21901200897991657,2c4e8c51e39831a90fffa4b5bbc0d26caee097e9d2cca4e18594f814ffcc645e,PASS
cal_generated_128,adjacent_l0,calibration,15859840,128,128,1,28039,0.514995,77249.25,-63.70320747450622,2416,2416,1.2149890321306884,284af84413b7257c1c04204139ff9d867b17f7ff301a09817550f1ff429a10b5,PASS
cal_dirty_4096,dirty_boundary_4096,calibration,4096,4096,4096,32,703812,5.51852,827778.0,-14.975754368925001,52478,52478,9.802584818098694,cc57efd9e1a6632999cc26831a91187d78777bc8379949f1d9acd7cf65c4a897,PASS
holdout_current_value,dirty_current_value,holdout,10,3,3,1,3717,0.225166,33774.9,-88.99478606894469,690,690,0.21337250666692853,4d92f77b7b4ec351f5d193ef96ce383044c3af308e8ad59672813a7ce942234c,PASS
holdout_tiny,host_active_ack,holdout,2097157,7,4,1,4467,0.246466,36969.9,-87.91719750391535,757,757,0.25126790814101696,312baaf22198439e396d3b949c3723a8c2df18c6c484b7b6c310f1410e47f6d1,PASS
holdout_sparse_wide,sparse_wide,holdout,983044,2,1,1,3432,0.272447,40867.049999999996,-91.6020363593653,674,674,0.2228824608027935,2d8e90c198168b62ae8f4f83cdc5c6b2d8dc1050a69a1cb59c751b9cb0d3de86,PASS
holdout_sparse_sources_16,sparse_sources,holdout,16777216,16,16,1,9252,0.307269,46090.35,-79.9263837224061,1045,1045,0.5460963128134608,cbd7ecafbcff815600c3329c7e28f6bdf2f48428526bb625dddb481b31f3e0bb,PASS
cal_duplicate_128,duplicate_heavy,calibration,15728645,128,32,1,14542,0.391859,58778.85,-75.25980858761272,1800,1800,0.6824250700883567,ed9c58265f6bdd3a02763dcd5c925533bc90d2cb3986f572ffa112b089071dc3,PASS
holdout_fallback_4112,fallback_forced,holdout,987139,4112,4097,33,704705,5.43395,815092.5,-13.542941445296085,52609,52609,9.824023820925504,4539419a1d344667302c73f6c8150ee740797b4b05f5d0d5651912d2ae9c3eb3,PASS
holdout_tiny_mixed_fallback_8193,tiny_mixed_fallback,holdout,69634,8193,1,65,251487,3.20251,480376.5,-47.64793864812288,59035,59035,4.528029596898705,826987924a4080c4270e4e51b8613848f1638341f61a1f082ccd6bb24d2a6121,PASS
