algorithm,run_id,dataset_id,system,array_id,instances,reads,writes,dynamic_energy_pj,leakage_energy_pj,total_energy_pj,projected_asic_sram_area_mm2,hardware_mapping,claim_label
full_pagerank,real_amazon_2008_insert_u8,amazon_2008,grasu_regraph,source_property_pingpong_banks,16,6192,12288,2798907.456,511427880.096,514226787.552,4.5918382936,8 source-map lane copies x 2 ping-pong slots; each bank is 4096 float32 values packed as 256 x 512-bit,selected_projected_asic_sram
full_pagerank,real_amazon_2008_insert_u8,amazon_2008,grasu_regraph,gather_temporary_property_banks,8,790296,1052440,64125930.21280001,334737263.764,398863193.9768,2.9175443955839997,8 gather banks; each bank stores 8192 rows x 64-bit for a 65536-vertex destination partition,selected_projected_asic_sram
full_pagerank,real_web_google_insert_u8,web_google,grasu_regraph,source_property_pingpong_banks,16,12336,12288,3575386.176,1062564772.4160001,1066140158.5920001,4.5918382936,8 source-map lane copies x 2 ping-pong slots; each bank is 4096 float32 values packed as 256 x 512-bit,selected_projected_asic_sram
full_pagerank,real_web_google_insert_u8,web_google,grasu_regraph,gather_temporary_property_banks,8,798744,1060888,64712081.17600001,695464675.1439999,760176756.3199999,2.9175443955839997,8 gather banks; each bank stores 8192 rows x 64-bit for a 65536-vertex destination partition,selected_projected_asic_sram
full_pagerank,real_soc_flickr_und_insert_u8,soc_flickr_und,grasu_regraph,source_property_pingpong_banks,16,12336,12288,3575386.176,949595379.9360001,953170766.1120001,4.5918382936,8 source-map lane copies x 2 ping-pong slots; each bank is 4096 float32 values packed as 256 x 512-bit,selected_projected_asic_sram
full_pagerank,real_soc_flickr_und_insert_u8,soc_flickr_und,grasu_regraph,gather_temporary_property_banks,8,798744,1060888,64712081.17600001,621524503.324,686236584.5,2.9175443955839997,8 gather banks; each bank stores 8192 rows x 64-bit for a 65536-vertex destination partition,selected_projected_asic_sram
thresholded_residual_pagerank,real_amazon_2008_insert_u8,amazon_2008,grasu_regraph,source_property_pingpong_banks,16,206400,819200,160508998.39999998,14403847175.424002,14564356173.824001,4.5918382936,8 source-map lane copies x 2 ping-pong slots; each bank is 4096 float32 values packed as 256 x 512-bit,selected_projected_asic_sram
thresholded_residual_pagerank,real_amazon_2008_insert_u8,amazon_2008,grasu_regraph,gather_temporary_property_banks,8,26309352,26571496,1834724800.2832,9427535296.416,11262260096.6992,2.9175443955839997,8 gather banks; each bank stores 8192 rows x 64-bit for a 65536-vertex destination partition,selected_projected_asic_sram
thresholded_residual_pagerank,real_web_google_insert_u8,web_google,grasu_regraph,source_property_pingpong_banks,16,312512,622592,141657633.024,24904873268.352,25046530901.376,4.5918382936,8 source-map lane copies x 2 ping-pong slots; each bank is 4096 float32 values packed as 256 x 512-bit,selected_projected_asic_sram
thresholded_residual_pagerank,real_web_google_insert_u8,web_google,grasu_regraph,gather_temporary_property_banks,8,20226640,20488784,1412685560.5024002,16300615309.968,17713300870.4704,2.9175443955839997,8 gather banks; each bank stores 8192 rows x 64-bit for a 65536-vertex destination partition,selected_projected_asic_sram
thresholded_residual_pagerank,real_soc_flickr_und_insert_u8,soc_flickr_und,grasu_regraph,source_property_pingpong_banks,16,382416,761856,173344208.832,26950209676.992,27123553885.824,4.5918382936,8 source-map lane copies x 2 ping-pong slots; each bank is 4096 float32 values packed as 256 x 512-bit,selected_projected_asic_sram
thresholded_residual_pagerank,real_soc_flickr_und_insert_u8,soc_flickr_und,grasu_regraph,gather_temporary_property_banks,8,24689280,24951424,1722318696.6784,17639318848.728,19361637545.406403,2.9175443955839997,8 gather banks; each bank stores 8192 rows x 64-bit for a 65536-vertex destination partition,selected_projected_asic_sram
