run_id,dataset_id,dataset_kind,scenario,system,claim_class,profile_id,core_mhz,vertices,initial_edges,user_mutations,physical_records,cold_cycles,aligned_e2e_cycles,aligned_e2e_ms,structure_update_cycles,post_structure_cycles,user_mutations_per_second_e2e,physical_records_per_second_e2e,user_mutations_per_second_structure,physical_records_per_second_structure,cold_backend_requests,aligned_backend_requests,total_backend_requests,backend_nominal_64b_bytes,update_backend_nominal_64b_bytes,compute_backend_nominal_64b_bytes,backend_requests,backend_bytes,backend_read_requests,backend_read_bytes,backend_write_requests,backend_write_bytes,backend_first_requests,backend_first_bytes,backend_contiguous_requests,backend_contiguous_bytes,backend_repeated_requests,backend_repeated_bytes,backend_discontinuous_requests,backend_discontinuous_bytes,backend_classified_requests,backend_classified_bytes,backend_contiguous_request_ratio,backend_repeated_request_ratio,backend_discontinuous_request_ratio,backend_contiguous_byte_ratio,backend_repeated_byte_ratio,backend_discontinuous_byte_ratio,update_backend_requests,update_backend_bytes,update_backend_read_requests,update_backend_read_bytes,update_backend_write_requests,update_backend_write_bytes,update_backend_first_requests,update_backend_first_bytes,update_backend_contiguous_requests,update_backend_contiguous_bytes,update_backend_repeated_requests,update_backend_repeated_bytes,update_backend_discontinuous_requests,update_backend_discontinuous_bytes,update_backend_classified_requests,update_backend_classified_bytes,update_backend_contiguous_request_ratio,update_backend_repeated_request_ratio,update_backend_discontinuous_request_ratio,update_backend_contiguous_byte_ratio,update_backend_repeated_byte_ratio,update_backend_discontinuous_byte_ratio,compute_backend_requests,compute_backend_bytes,compute_backend_read_requests,compute_backend_read_bytes,compute_backend_write_requests,compute_backend_write_bytes,compute_backend_first_requests,compute_backend_first_bytes,compute_backend_contiguous_requests,compute_backend_contiguous_bytes,compute_backend_repeated_requests,compute_backend_repeated_bytes,compute_backend_discontinuous_requests,compute_backend_discontinuous_bytes,compute_backend_classified_requests,compute_backend_classified_bytes,compute_backend_contiguous_request_ratio,compute_backend_repeated_request_ratio,compute_backend_discontinuous_request_ratio,compute_backend_contiguous_byte_ratio,compute_backend_repeated_byte_ratio,compute_backend_discontinuous_byte_ratio,axis_push_stalls,dram_reads,dram_writes,dram_activates,dram_precharges,dram_energy_pj,dram_window_scope,host_wall_seconds,correctness_mismatches,distance_vector_sha256,raw_result_path,raw_result_sha256,cold_backend_nominal_64b_bytes,aligned_backend_nominal_64b_bytes,cold_backend_bytes,cold_backend_read_requests,cold_backend_read_bytes,cold_backend_write_requests,cold_backend_write_bytes,cold_backend_first_requests,cold_backend_first_bytes,cold_backend_contiguous_requests,cold_backend_contiguous_bytes,cold_backend_repeated_requests,cold_backend_repeated_bytes,cold_backend_discontinuous_requests,cold_backend_discontinuous_bytes,cold_backend_classified_requests,cold_backend_classified_bytes,cold_backend_contiguous_request_ratio,cold_backend_repeated_request_ratio,cold_backend_discontinuous_request_ratio,cold_backend_contiguous_byte_ratio,cold_backend_repeated_byte_ratio,cold_backend_discontinuous_byte_ratio,aligned_backend_bytes,aligned_backend_read_requests,aligned_backend_read_bytes,aligned_backend_write_requests,aligned_backend_write_bytes,aligned_backend_first_requests,aligned_backend_first_bytes,aligned_backend_contiguous_requests,aligned_backend_contiguous_bytes,aligned_backend_repeated_requests,aligned_backend_repeated_bytes,aligned_backend_discontinuous_requests,aligned_backend_discontinuous_bytes,aligned_backend_classified_requests,aligned_backend_classified_bytes,aligned_backend_contiguous_request_ratio,aligned_backend_repeated_request_ratio,aligned_backend_discontinuous_request_ratio,aligned_backend_contiguous_byte_ratio,aligned_backend_repeated_byte_ratio,aligned_backend_discontinuous_byte_ratio
real_amazon_2008_delete_u8,amazon_2008,real_compact_slice,delete,grasu_regraph,hls_sw_emu_aligned_execution_driven_simulation,grasu_regraph_candidate10_normalized_hls_weighted_v3,150.0,650,1280,8,8,0,74379,0.49585999999999997,178,74201,16133.58609284879,16133.58609284879,6741573.0337078655,6741573.0337078655,0,17706,17706,1133184,2048,1131136,17706,1095888,5410,308944,12296,786944,18,648,16571,1023976,18,928,1099,70336,17688,1095240,0.9368498417005879,0.0010176390773405698,0.06213251922207146,0.9349329827252474,0.0008473028742558709,0.06421971440049669,32,1152,24,640,8,512,10,192,4,32,18,928,0,0,22,960,0.18181818181818182,0.8181818181818182,0.0,0.03333333333333333,0.9666666666666667,0.0,17674,1094736,5386,308304,12288,786432,8,456,16567,1023944,0,0,1099,70336,17666,1094280,0.9377901052869919,0.0,0.062209894713008036,0.9357239463391454,0.0,0.06427605366085462,31833,5410,12296,641,639,188343948.0,aligned_update_plus_compute_active_channels,0.9011226482689381,0,6e63e8a6c13699ee70931bc6a97dd680f9519cc962f22f5ed53eb22d9785c1cc,/data/tmp/chuxiao/candidate10_hls_v3_real_small_weighted_20260727/real_amazon_2008_delete_u8/grasu_regraph/manifest.json,ed12b216a1617658d1771aa22bbc81bb8c3e4caaeb153ff8ccdc9f4f46450c19,,,,,,,,,,,,,,,,,,,,,,,,,,,,,,,,,,,,,,,,,,,,
real_amazon_2008_delete_u8,amazon_2008,real_compact_slice,delete,spine,routed_reference_profile_execution_driven_simulation,spine_candidate10_normalized_v1,150.0,650,1280,8,8,132201,138264,0.92176,75339,62925,8679.048776254123,8679.048776254123,15928.00541552184,15928.00541552184,17003,20725,37728,2414592,,,37728,424792,26628,316672,11100,108120,26,216,22672,303900,974,13332,14056,107344,37702,424576,0.6013474086255371,0.025834173253408307,0.3728184181210546,0.7157729122701236,0.031400738619234245,0.25282634911064217,,,,,,,,,,,,,,,,,,,,,,,,,,,,,,,,,,,,,,,,,,,,,0,26628,11100,1970,1969,984193110.0,cold_plus_update_not_aligned,3.9913496486842632,0,6e63e8a6c13699ee70931bc6a97dd680f9519cc962f22f5ed53eb22d9785c1cc,/data/tmp/chuxiao/candidate10_hls_v3_real_small_weighted_20260727/real_amazon_2008_delete_u8/spine/summary.json,26e9d5fa26c5e6c7ea3cb736e3d31a92c73c50a98f99195344f347f385f851d9,1088192,1326400,198968,13346,158736,3657,40232,13,108,9778,139688,485,6656,6727,52516,16990,198860,0.5755150088287228,0.028546203649205414,0.3959387875220718,0.7024439304032988,0.0334707834657548,0.2640852861309464,225824,13282,157936,7443,67888,13,108,12894,164212,489,6676,7329,54828,20712,225716,0.6225376593279258,0.023609501738122828,0.3538528389339513,0.7275159935494161,0.02957699055450212,0.2429070158960818
real_amazon_2008_insert_u8,amazon_2008,real_compact_slice,insert,grasu_regraph,hls_sw_emu_aligned_execution_driven_simulation,grasu_regraph_candidate10_normalized_hls_weighted_v3,150.0,650,1280,8,8,0,74409,0.49606,189,74220,16127.081401443374,16127.081401443374,6349206.349206349,6349206.349206349,0,17715,17715,1133760,2560,1131200,17715,1096016,5419,309072,12296,786944,22,680,16564,1023528,22,960,1107,70848,17693,1095336,0.9361894534561691,0.0012434296049285028,0.06256711693890239,0.9344420342251145,0.0008764433927123732,0.06468152238217315,40,1216,32,704,8,512,14,224,4,32,22,960,0,0,26,992,0.15384615384615385,0.8461538461538461,0.0,0.03225806451612903,0.967741935483871,0.0,17675,1094800,5387,308368,12288,786432,8,456,16560,1023496,0,0,1107,70848,17667,1094344,0.9373408048904738,0.0,0.06265919510952624,0.9352598451675159,0.0,0.06474015483248412,31854,5419,12296,650,647,188442558.0,aligned_update_plus_compute_active_channels,0.9253596914932132,0,71b7ee363057ac25733912b5f9e236b928c5e2da8814084f616f39069a43500b,/data/tmp/chuxiao/candidate10_hls_v3_real_small_weighted_20260727/real_amazon_2008_insert_u8/grasu_regraph/manifest.json,740a42439d7420a5212ba0fc58d31dcecb3d901c89dc9c4ff1b66031d28cf458,,,,,,,,,,,,,,,,,,,,,,,,,,,,,,,,,,,,,,,,,,,,
real_amazon_2008_insert_u8,amazon_2008,real_compact_slice,insert,spine,routed_reference_profile_execution_driven_simulation,spine_candidate10_normalized_v1,150.0,650,1280,8,8,132201,71631,0.47753999999999996,54174,17457,16752.523348829418,16752.523348829418,22150.847269908074,22150.847269908074,17003,4676,21679,1387456,,,21679,235916,15964,179924,5715,55992,26,216,12803,164044,489,6688,8361,64968,21653,235700,0.5912806539509536,0.022583475730845612,0.38613587031820074,0.6959864234196012,0.028375053033517183,0.2756385235468816,,,,,,,,,,,,,,,,,,,,,,,,,,,,,,,,,,,,,,,,,,,,,0,15964,5715,1512,1511,735064086.0,cold_plus_update_not_aligned,2.970744484104216,0,71b7ee363057ac25733912b5f9e236b928c5e2da8814084f616f39069a43500b,/data/tmp/chuxiao/candidate10_hls_v3_real_small_weighted_20260727/real_amazon_2008_insert_u8/spine/summary.json,6b0b981b0054b5646e60fe70acb421f795ada10c6944ed0e95b3bdee55cd3ab5,1088192,299264,198968,13346,158736,3657,40232,13,108,9778,139688,485,6656,6727,52516,16990,198860,0.5755150088287228,0.028546203649205414,0.3959387875220718,0.7024439304032988,0.0334707834657548,0.2640852861309464,36948,2618,21188,2058,15760,13,108,3025,24356,4,32,1634,12452,4663,36840,0.6487239974265494,0.0008578168561012224,0.35041818571734934,0.6611292073832791,0.0008686210640608035,0.33800217155266016
real_amazon_2008_weight_change_u8,amazon_2008,real_compact_slice,weight_change,grasu_regraph,hls_sw_emu_aligned_execution_driven_simulation,grasu_regraph_candidate10_normalized_hls_weighted_v3,150.0,650,1280,8,16,0,74554,0.49702666666666667,291,74263,16095.715856962739,32191.431713925478,4123711.3402061854,8247422.680412371,0,17755,17755,1136320,5120,1131200,17755,1097232,5451,309776,12304,787456,24,808,16562,1022952,52,1984,1117,71488,17731,1096424,0.9340702724042638,0.002932716710845412,0.06299701088489087,0.9329894274477757,0.0018095189452255697,0.06520105360699875,80,2432,64,1408,16,1024,16,352,12,96,52,1984,0,0,64,2080,0.1875,0.8125,0.0,0.046153846153846156,0.9538461538461539,0.0,17675,1094800,5387,308368,12288,786432,8,456,16550,1022856,0,0,1117,71488,17667,1094344,0.9367747778343805,0.0,0.06322522216561952,0.93467501992061,0.0,0.06532498007939003,31817,5451,12304,661,656,188837070.0,aligned_update_plus_compute_active_channels,0.9284780332818627,0,e34961d28ec1b2552aa1ba1a603ed1df20cc514b5974640740a80eea1c2bdbd6,/data/tmp/chuxiao/candidate10_hls_v3_real_small_weighted_20260727/real_amazon_2008_weight_change_u8/grasu_regraph/manifest.json,9f6010930481343ca24f9cd841dfb24c6141f961442eb8a11ab74a77387d0226,,,,,,,,,,,,,,,,,,,,,,,,,,,,,,,,,,,,,,,,,,,,
real_amazon_2008_weight_change_u8,amazon_2008,real_compact_slice,weight_change,spine,routed_reference_profile_execution_driven_simulation,spine_candidate10_normalized_v1,150.0,650,1280,8,16,132201,139999,0.9333266666666667,75577,64422,8571.489796355689,17142.979592711377,15877.846434761897,31755.692869523795,17003,20822,37825,2420800,,,37825,425888,26692,317472,11133,108416,26,216,22730,304744,972,13324,14097,107604,37799,425672,0.6013386597529036,0.02571496600439165,0.3729463742427048,0.7159127215320716,0.03130109567930237,0.25278618278862597,,,,,,,,,,,,,,,,,,,,,,,,,,,,,,,,,,,,,,,,,,,,,0,26692,11133,2116,2115,991098678.0,cold_plus_update_not_aligned,3.908004052005708,0,e34961d28ec1b2552aa1ba1a603ed1df20cc514b5974640740a80eea1c2bdbd6,/data/tmp/chuxiao/candidate10_hls_v3_real_small_weighted_20260727/real_amazon_2008_weight_change_u8/spine/summary.json,857c46804ef45ba2b6e0e4113fa80ab69401b46ba593ba05652161492ec99c3c,1088192,1332608,198968,13346,158736,3657,40232,13,108,9778,139688,485,6656,6727,52516,16990,198860,0.5755150088287228,0.028546203649205414,0.3959387875220718,0.7024439304032988,0.0334707834657548,0.2640852861309464,226920,13346,158736,7476,68184,13,108,12952,165056,487,6668,7370,55088,20809,226812,0.6224229900523812,0.023403335095391418,0.3541736748522274,0.7277216373031409,0.029398797241768512,0.24287956545509057
real_soc_flickr_und_delete_u8,soc_flickr_und,real_compact_slice,delete,grasu_regraph,hls_sw_emu_aligned_execution_driven_simulation,grasu_regraph_candidate10_normalized_hls_weighted_v3,150.0,2552,4096,8,8,0,95098,0.6339866666666667,138,94960,12618.561904561611,12618.561904561611,8695652.173913043,8695652.173913043,0,19744,19744,1263616,2560,1261056,19744,1119360,7448,332416,12296,786944,24,808,18609,1047896,20,832,1091,69824,19720,1118552,0.9436612576064909,0.0010141987829614604,0.055324543610547665,0.9368326193149715,0.0007438187942983429,0.06242356189073016,40,1216,32,704,8,512,16,352,4,32,20,832,0,0,24,864,0.16666666666666666,0.8333333333333334,0.0,0.037037037037037035,0.9629629629629629,0.0,19704,1118144,7416,331712,12288,786432,8,456,18605,1047864,0,0,1091,69824,19696,1117688,0.9446080422420796,0.0,0.05539195775792039,0.937528183178132,0.0,0.062471816821868,31997,7448,12296,690,684,236213574.0,aligned_update_plus_compute_active_channels,1.1539908507838845,0,debeff996f0e9038f42c0786293dbbea5212a56f2de5018d08c0e239e48aff61,/data/tmp/chuxiao/candidate10_hls_v3_real_small_weighted_20260727/real_soc_flickr_und_delete_u8/grasu_regraph/manifest.json,e9d6c6bd7bb15ef9f72a7fadc7c67681be7b3e70679ae5d3c6039c9d2c4bc592,,,,,,,,,,,,,,,,,,,,,,,,,,,,,,,,,,,,,,,,,,,,
real_soc_flickr_und_delete_u8,soc_flickr_und,real_compact_slice,delete,spine,routed_reference_profile_execution_driven_simulation,spine_candidate10_normalized_v1,150.0,2552,4096,8,8,290745,265305,1.7687,175301,90004,4523.096059252558,4523.096059252558,6845.368822767696,6845.368822767696,48413,51183,99596,6374144,,,99596,1156956,73911,896648,25685,260308,27,248,63131,897796,972,13376,35466,245536,99569,1156708,0.6340427241410479,0.009762074541272887,0.3561952013176792,0.7761647710571726,0.011563851896935096,0.2122713770458923,,,,,,,,,,,,,,,,,,,,,,,,,,,,,,,,,,,,,,,,,,,,,0,73911,25685,3439,3438,2052274782.0,cold_plus_update_not_aligned,9.001367758959532,0,debeff996f0e9038f42c0786293dbbea5212a56f2de5018d08c0e239e48aff61,/data/tmp/chuxiao/candidate10_hls_v3_real_small_weighted_20260727/real_soc_flickr_und_delete_u8/spine/summary.json,3b7064ced57f4c44034d5ae74ec4f9f7873e8da3d38ef84d6d44d002e10671bb,3098432,3275712,571260,38101,457112,10312,114148,14,140,30107,437436,492,6736,17800,126948,48399,571120,0.6220583069898138,0.010165499287175354,0.3677761937230108,0.7659266003641967,0.011794368959237989,0.22227903067656535,585696,35810,439536,15373,146160,13,108,33024,460360,480,6640,17666,118588,51170,585588,0.6453781512605042,0.009380496384600352,0.34524135235489545,0.7861499894123514,0.011339030171383293,0.20251098041626536
real_soc_flickr_und_insert_u8,soc_flickr_und,real_compact_slice,insert,grasu_regraph,hls_sw_emu_aligned_execution_driven_simulation,grasu_regraph_candidate10_normalized_hls_weighted_v3,150.0,2552,4096,8,8,0,284034,1.8935600000000001,150,283884,4224.8463212150655,4224.8463212150655,8000000.0,8000000.0,0,78864,78864,5047296,2816,5044480,78864,4474080,29704,1327840,49160,3146240,24,808,74325,4184928,14,560,4501,287784,78840,4473272,0.9427321156773212,0.0001775748351090817,0.05709030948756976,0.9355406959380069,0.00012518800555834744,0.06433411605643476,44,1248,36,736,8,512,16,352,10,192,14,560,4,144,28,896,0.35714285714285715,0.5,0.14285714285714285,0.21428571428571427,0.625,0.16071428571428573,78820,4472832,29668,1327104,49152,3145728,8,456,74315,4184736,0,0,4497,287640,78812,4472376,0.9429401613967416,0.0,0.05705983860325839,0.935685192837096,0.0,0.06431480716290401,32019,29704,49160,2738,2732,740280432.0,aligned_update_plus_compute_active_channels,3.126289983280003,0,df5d90c9661e004852747df484b4861a00da1f2096532e11bf65ce88c34a4399,/data/tmp/chuxiao/candidate10_hls_v3_real_small_weighted_20260727/real_soc_flickr_und_insert_u8/grasu_regraph/manifest.json,06232be8430b27eb7a04a7f369e7c95968a26091eabefd6cd5c4536105dd4b51,,,,,,,,,,,,,,,,,,,,,,,,,,,,,,,,,,,,,,,,,,,,
real_soc_flickr_und_insert_u8,soc_flickr_und,real_compact_slice,insert,spine,routed_reference_profile_execution_driven_simulation,spine_candidate10_normalized_v1,150.0,2552,4096,8,8,290745,174937,1.1662466666666667,157156,17781,6859.612317577185,6859.612317577185,7635.725012089899,7635.725012089899,48413,10374,58787,3762368,,,58787,653704,43601,501268,15186,152436,27,248,38770,506892,496,6768,19494,139796,58760,653456,0.6598025867937373,0.008441116405718176,0.3317562968005446,0.7757094586322568,0.010357239048994882,0.21393330231874833,,,,,,,,,,,,,,,,,,,,,,,,,,,,,,,,,,,,,,,,,,,,,0,43601,15186,2885,2884,1692160230.0,cold_plus_update_not_aligned,7.055798635818064,0,df5d90c9661e004852747df484b4861a00da1f2096532e11bf65ce88c34a4399,/data/tmp/chuxiao/candidate10_hls_v3_real_small_weighted_20260727/real_soc_flickr_und_insert_u8/spine/summary.json,61b53d092da973b65e85845f3fb6e5d8652a88b0bcb79a3268a1ebe4561b17c4,3098432,663936,571260,38101,457112,10312,114148,14,140,30107,437436,492,6736,17800,126948,48399,571120,0.6220583069898138,0.010165499287175354,0.3677761937230108,0.7659266003641967,0.011794368959237989,0.22227903067656535,82444,5500,44156,4874,38288,13,108,8663,69456,4,32,1694,12848,10361,82336,0.8361162049995174,0.00038606312132033585,0.16349773187916225,0.8435678196657598,0.000388651379712398,0.15604352895452778
real_soc_flickr_und_weight_change_u8,soc_flickr_und,real_compact_slice,weight_change,grasu_regraph,hls_sw_emu_aligned_execution_driven_simulation,grasu_regraph_candidate10_normalized_hls_weighted_v3,150.0,2552,4096,8,16,0,284124,1.89416,247,283877,4223.508045782827,8447.016091565654,4858299.5951417005,9716599.190283401,0,78911,78911,5050304,5824,5044480,78911,4475352,29743,1328600,49168,3146752,24,808,74378,4187480,36,1408,4473,285656,78887,4474544,0.9428422934070252,0.0004563489548341298,0.05670135763814063,0.935845082761506,0.0003146689360971755,0.06384024830239685,91,2520,75,1496,16,1024,16,352,27,440,36,1408,12,320,75,2168,0.36,0.48,0.16,0.2029520295202952,0.6494464944649446,0.14760147601476015,78820,4472832,29668,1327104,49152,3145728,8,456,74351,4187040,0,0,4461,285336,78812,4472376,0.9433969446277216,0.0,0.05660305537227833,0.9362003552474121,0.0,0.06379964475258788,32032,29743,49168,2736,2730,740491830.0,aligned_update_plus_compute_active_channels,3.189300182275474,0,3a9538141c879addff9b224be2890f6a1935dfa7fcbf08ae3534a0dc3d4b4f0b,/data/tmp/chuxiao/candidate10_hls_v3_real_small_weighted_20260727/real_soc_flickr_und_weight_change_u8/grasu_regraph/manifest.json,c3eeab8e298cbdccc1170b38ac13b7e1a6b88be376fcaeb5b78d0e94ed4a1aaf,,,,,,,,,,,,,,,,,,,,,,,,,,,,,,,,,,,,,,,,,,,,
real_soc_flickr_und_weight_change_u8,soc_flickr_und,real_compact_slice,weight_change,spine,routed_reference_profile_execution_driven_simulation,spine_candidate10_normalized_v1,150.0,2552,4096,8,16,290745,298509,1.9900600000000002,175572,122937,4019.97929710662,8039.95859421324,6834.80281593876,13669.60563187752,48413,54138,102551,6563264,,,102551,1178104,76202,914224,26349,263880,28,280,63438,900640,985,13480,38100,263704,102523,1177824,0.6187684714649396,0.009607600245798504,0.37162392828926194,0.7646643301545901,0.011444833863123862,0.22389083598228599,,,,,,,,,,,,,,,,,,,,,,,,,,,,,,,,,,,,,,,,,,,,,0,76202,26349,3547,3546,2171299980.0,cold_plus_update_not_aligned,9.36982231773436,0,3a9538141c879addff9b224be2890f6a1935dfa7fcbf08ae3534a0dc3d4b4f0b,/data/tmp/chuxiao/candidate10_hls_v3_real_small_weighted_20260727/real_soc_flickr_und_weight_change_u8/spine/summary.json,12b33c39589f6a844e9ee7e08143ad2b5e457153c103105fe2cc8017f5219e73,3098432,3464832,571260,38101,457112,10312,114148,14,140,30107,437436,492,6736,17800,126948,48399,571120,0.6220583069898138,0.010165499287175354,0.3677761937230108,0.7659266003641967,0.011794368959237989,0.22227903067656535,606844,38101,457112,16037,149732,14,140,33331,463204,493,6744,20300,136756,54124,606704,0.6158266203532629,0.009108713324957505,0.3750646663217796,0.7634760937788444,0.011115799467285529,0.2254081067538701
real_web_google_delete_u8,web_google,real_compact_slice,delete,grasu_regraph,hls_sw_emu_aligned_execution_driven_simulation,grasu_regraph_candidate10_normalized_hls_weighted_v3,150.0,3045,4096,8,8,0,100363,0.6690866666666667,140,100223,11956.597550890268,11956.597550890268,8571428.57142857,8571428.57142857,0,20237,20237,1295168,2560,1292608,20237,1123304,7941,336360,12296,786944,24,808,19098,1051584,20,832,1095,70080,20213,1122496,0.9448374808291693,0.0009894622272794737,0.05417305694355118,0.9368265009407606,0.0007412053138719425,0.06243229374536747,40,1216,32,704,8,512,16,352,4,32,20,832,0,0,24,864,0.16666666666666666,0.8333333333333334,0.0,0.037037037037037035,0.9629629629629629,0.0,20197,1122088,7909,335656,12288,786432,8,456,19094,1051552,0,0,1095,70080,20189,1121632,0.9457625439595819,0.0,0.05423745604041805,0.9375196142763402,0.0,0.06248038572365981,31996,7941,12296,705,699,248382600.0,aligned_update_plus_compute_active_channels,1.2017295565456152,0,16f5453330e9f0bd99a0d9dbbe8fb90f83570de95f7a1d1cc5ecb31af7521e6b,/data/tmp/chuxiao/candidate10_hls_v3_real_small_weighted_20260727/real_web_google_delete_u8/grasu_regraph/manifest.json,692fee1e9f3047a10e3314ca0e8e945a44305133cf488dd83ab61d1534d4c715,,,,,,,,,,,,,,,,,,,,,,,,,,,,,,,,,,,,,,,,,,,,
real_web_google_delete_u8,web_google,real_compact_slice,delete,spine,routed_reference_profile_execution_driven_simulation,spine_candidate10_normalized_v1,150.0,3045,4096,8,8,259326,266320,1.7754666666666665,175272,91048,4505.85761489937,4505.85761489937,6846.501437765302,6846.501437765302,45559,51676,97235,6223040,,,97235,1138900,71684,879872,25551,259028,26,216,62802,895376,959,13272,33448,230036,97209,1138684,0.646051291547079,0.00986534168646936,0.3440833667664517,0.7863252667113967,0.011655560278356418,0.2020191730102469,,,,,,,,,,,,,,,,,,,,,,,,,,,,,,,,,,,,,,,,,,,,,0,71684,25551,3320,3319,1943362254.0,cold_plus_update_not_aligned,8.550256903283298,0,16f5453330e9f0bd99a0d9dbbe8fb90f83570de95f7a1d1cc5ecb31af7521e6b,/data/tmp/chuxiao/candidate10_hls_v3_real_small_weighted_20260727/real_web_google_delete_u8/spine/summary.json,0a1851a47b01da3a202b187ac54473535c122ed537667cfc7c35780d9b88e3ed,2915776,3307264,551232,35874,440336,9685,110896,13,108,29833,435340,479,6632,15234,109152,45546,551124,0.6550081236552058,0.010516840117683222,0.33447503622711106,0.7899129778416473,0.012033589537018892,0.19805343262133385,587668,35810,439536,15866,148132,13,108,32969,460036,480,6640,18214,120884,51663,587560,0.6381549658362852,0.009290981940653854,0.35255405222306097,0.7829600381237661,0.011300973517598203,0.20573898835863572
real_web_google_insert_u8,web_google,real_compact_slice,insert,grasu_regraph,hls_sw_emu_aligned_execution_driven_simulation,grasu_regraph_candidate10_normalized_hls_weighted_v3,150.0,3045,4096,8,8,0,100363,0.6690866666666667,136,100227,11956.597550890268,11956.597550890268,8823529.411764706,8823529.411764706,0,20243,20243,1295552,2880,1292672,20243,1123408,7947,336464,12296,786944,24,808,19106,1051816,14,560,1099,70224,20219,1122600,0.9449527671991691,0.000692418022651961,0.05435481477817894,0.9369463744877962,0.0004988419739889542,0.06255478353821486,45,1256,37,744,8,512,16,352,11,200,14,560,4,144,29,904,0.3793103448275862,0.4827586206896552,0.13793103448275862,0.22123893805309736,0.6194690265486725,0.1592920353982301,20198,1122152,7910,335720,12288,786432,8,456,19095,1051616,0,0,1095,70080,20190,1121696,0.9457652303120356,0.0,0.05423476968796434,0.9375231791858043,0.0,0.062476820814195644,32018,7947,12296,706,700,248385936.0,aligned_update_plus_compute_active_channels,1.1695002159103751,0,46021c66caa716f9ed8cd4e1a98d458c2a7fd813da401dbf9bbe33da5c4367c6,/data/tmp/chuxiao/candidate10_hls_v3_real_small_weighted_20260727/real_web_google_insert_u8/grasu_regraph/manifest.json,13bc2083b122e2b33a756ef8ac33b22b9c4ead9bb8ec7e4c479d594d4fa5392c,,,,,,,,,,,,,,,,,,,,,,,,,,,,,,,,,,,,,,,,,,,,
real_web_google_insert_u8,web_google,real_compact_slice,insert,spine,routed_reference_profile_execution_driven_simulation,spine_candidate10_normalized_v1,150.0,3045,4096,8,8,259326,174970,1.1664666666666665,157122,17848,6858.318568897525,6858.318568897525,7637.377324626724,7637.377324626724,45559,10374,55933,3579712,,,55933,633676,41374,484492,14559,149184,26,216,38490,504752,483,6664,16934,122044,55907,633460,0.6884647718532563,0.008639347487792227,0.30289588065895146,0.7968174786095412,0.010520001262905313,0.19266252012755344,,,,,,,,,,,,,,,,,,,,,,,,,,,,,,,,,,,,,,,,,,,,,0,41374,14559,2752,2751,1579133028.0,cold_plus_update_not_aligned,6.472858872264624,0,46021c66caa716f9ed8cd4e1a98d458c2a7fd813da401dbf9bbe33da5c4367c6,/data/tmp/chuxiao/candidate10_hls_v3_real_small_weighted_20260727/real_web_google_insert_u8/spine/summary.json,55ed3acdd9edc7c56728d62797bbc959d199c972d35b5b36a7dbb7efc159a7ab,2915776,663936,551232,35874,440336,9685,110896,13,108,29833,435340,479,6632,15234,109152,45546,551124,0.6550081236552058,0.010516840117683222,0.33447503622711106,0.7899129778416473,0.012033589537018892,0.19805343262133385,82444,5500,44156,4874,38288,13,108,8657,69412,4,32,1700,12892,10361,82336,0.835537110317537,0.00038606312132033585,0.16407682656114275,0.8430334240186552,0.000388651379712398,0.15657792460163233
real_web_google_weight_change_u8,web_google,real_compact_slice,weight_change,grasu_regraph,hls_sw_emu_aligned_execution_driven_simulation,grasu_regraph_candidate10_normalized_hls_weighted_v3,150.0,3045,4096,8,16,0,100503,0.6700200000000001,266,100237,11939.942091280856,23879.884182561713,4511278.195488721,9022556.390977442,0,20287,20287,1298368,5696,1292672,20287,1124656,7983,337200,12304,787456,24,808,19105,1051080,45,1816,1113,70952,20263,1123848,0.9428515027389823,0.002220796525687213,0.054927700735330404,0.9352510303884511,0.0016158768801474933,0.0631330927314014,89,2504,73,1480,16,1024,16,352,23,296,45,1816,5,40,73,2152,0.3150684931506849,0.6164383561643836,0.0684931506849315,0.137546468401487,0.8438661710037175,0.01858736059479554,20198,1122152,7910,335720,12288,786432,8,456,19082,1050784,0,0,1108,70912,20190,1121696,0.9451213472015849,0.0,0.054878652798415056,0.936781445240065,0.0,0.06321855475993496,32033,7983,12304,718,712,248626584.0,aligned_update_plus_compute_active_channels,1.1907612513750792,0,51cc04b337bc89d4ff0a97fd263b8f97066284649df792b86a6e3035d832384d,/data/tmp/chuxiao/candidate10_hls_v3_real_small_weighted_20260727/real_web_google_weight_change_u8/grasu_regraph/manifest.json,49f4405348b613f7649ee01a260e19c91c54d0d5633198790026c35b0f4d52e4,,,,,,,,,,,,,,,,,,,,,,,,,,,,,,,,,,,,,,,,,,,,
real_web_google_weight_change_u8,web_google,real_compact_slice,weight_change,spine,routed_reference_profile_execution_driven_simulation,spine_candidate10_normalized_v1,150.0,3045,4096,8,16,259326,266938,1.7795866666666667,175565,91373,4495.425904142535,8990.85180828507,6835.075328226013,13670.150656452026,45559,51773,97332,6229248,,,97332,1139996,71748,880672,25584,259324,26,216,62900,896532,959,13272,33447,229976,97306,1139780,0.6464144040449715,0.009855507368507595,0.3437300885865209,0.7865833757391777,0.011644352418887855,0.20177227184193441,,,,,,,,,,,,,,,,,,,,,,,,,,,,,,,,,,,,,,,,,,,,,0,71748,25584,3281,3280,1945363764.0,cold_plus_update_not_aligned,8.31712001375854,0,51cc04b337bc89d4ff0a97fd263b8f97066284649df792b86a6e3035d832384d,/data/tmp/chuxiao/candidate10_hls_v3_real_small_weighted_20260727/real_web_google_weight_change_u8/spine/summary.json,9d8e91116d93d79ca1bdf20126d45bfde2f1a254e24a59f0d3bdbc4958552dc1,2915776,3313472,551232,35874,440336,9685,110896,13,108,29833,435340,479,6632,15234,109152,45546,551124,0.6550081236552058,0.010516840117683222,0.33447503622711106,0.7899129778416473,0.012033589537018892,0.19805343262133385,588764,35874,440336,15899,148428,13,108,33067,461192,480,6640,18213,120824,51760,588656,0.6388523956723339,0.00927357032457496,0.3518740340030912,0.7834660650702617,0.011279932592210051,0.2052540023375282
