execution_id,logical_views,group_id,dataset_id,dataset_kind,role,algorithm,scenario,batch_size,system,vertices,initial_edges,logical_user_mutations,physical_update_records,cycles,raw_cycles,bootstrap_cycles,measurement_window,algorithm_warm_start,clock_mhz,simulated_us,update_cycles,update_mups,e2e_mups,backend_requests,read_bytes,write_bytes,contiguous_requests,discontinuous_requests,sequential_request_fraction,random_request_fraction,hbm_queue_stalls,dram_energy_pj,host_wall_seconds,final_state_sha256,plugin_sha256
980c084e249992cc626c,main_e2e,1b46cb212c1892278285,ljournal_2008,real,publication_large_graph,weighted_sssp,insert,8,spine,5363260,99028542,8,8,91575,91575,0,dynamic_update_only,True,150.0,610.5,91575,0.013104013104013105,0.013104013104013105,3438,22080,5444,1031,2341,0.3057532621589561,0.6942467378410438,8218,902417136.0,917.3057366870053,e12109a2357e3e7f37c49d19ec9888039e11397642ee30c3d18c42b6429b415d,1c0b0a9adb245e919e77cedb39b731551befc1f0ca4101a519dce176d9edf057
fe9587b82163333e9f97,endpoint_scalability,c78a997ac5a1792c2731,rmat_19_32,synthetic,publication_scalability_endpoint,weighted_sssp,insert,8,spine,524288,15483485,8,8,64058,64058,0,dynamic_update_only,True,150.0,427.05333333333334,64058,0.01873302319772706,0.01873302319772706,1999,12236,3808,428,1534,0.218144750254842,0.781855249745158,4759,222003420.0,96.66533179899852,26c351b687c4134b888d587182d0e9ae10582dc71522363c1c903b318254ff77,96b4375f8549016ac8be36d85b04b4b5730df0af477dcc5909903845a8f56919
e0e70d282abd77e5201f,main_e2e,e4a1843d1b9d1a5b3e76,soc_livejournal1,real,publication_large_graph,weighted_sssp,insert,8,spine,4847571,85702474,8,8,294699,294699,0,dynamic_update_only,True,150.0,1964.66,294699,0.004071951380900512,0.004071951380900512,5998,39712,6172,1380,4535,0.23330515638207946,0.7666948436179205,12532,2898094536.0,896.4225562799984,3d975edadb3f1135043fd44f63abf569fcd60ac0c326914f46b4de45d570c7d4,1c0b0a9adb245e919e77cedb39b731551befc1f0ca4101a519dce176d9edf057
a481b5d34abacf23343c,main_e2e,97995d9c497a11b58c80,soc_pokec,real,publication_large_graph,weighted_sssp,insert,8,spine,1632803,44603928,8,8,123762,123762,0,dynamic_update_only,True,150.0,825.08,123762,0.009696029475929607,0.009696029475929607,3868,24668,5356,856,2951,0.22484896243761493,0.7751510375623851,9355,1218001278.0,427.0466336489917,3e9d9d5ea17f8be5c356426005ec680beca3b0c90573f958199a6368c143b72d,1c0b0a9adb245e919e77cedb39b731551befc1f0ca4101a519dce176d9edf057
38f2e87a7e932810c66f,main_e2e,ecd674904ebc750b3ea3,sx_askubuntu,real,publication_large_graph,connected_components,insert,8,grasu_regraph_k4_shared,515281,679246,8,16,13462032,13462032,0,complete_execution,False,150.0,89746.88,331,3.6253776435045317,8.913958903083873e-05,4760862,67553400,6292480,3606973,1153839,0.7576381928124866,0.24236180718751338,4779361,156435545934.0,503.1196138649975,e45481258c1c9d58f1d5bfaea5d805faf3a8c096b6f2c06999041a1bc9962c99,96b4375f8549016ac8be36d85b04b4b5730df0af477dcc5909903845a8f56919
5c08b545f30bcb906e10,main_e2e,ecd674904ebc750b3ea3,sx_askubuntu,real,publication_large_graph,connected_components,insert,8,spine,515281,679246,8,16,2183489,2183489,0,complete_execution,False,150.0,14556.593333333334,7377,0.16266775111834078,0.0005495791368768059,1034806,2093196,2064220,361731,673061,0.34956880223271924,0.6504311977672808,2900842,8623037610.0,41.23948948999168,e45481258c1c9d58f1d5bfaea5d805faf3a8c096b6f2c06999041a1bc9962c99,96b4375f8549016ac8be36d85b04b4b5730df0af477dcc5909903845a8f56919
c3fe1f45c53d21b9bd98,main_e2e,38f46d8917665d1b1c50,sx_askubuntu,real,publication_large_graph,thresholded_residual_pagerank,insert,8,grasu_regraph_k4_shared,515281,826848,8,8,14729898,14729898,0,complete_execution,False,150.0,98199.32,202,5.9405940594059405,8.146695924167296e-05,5821445,97755720,12511520,3608060,2213311,0.619795577364851,0.38020442263514903,5872513,173876588448.0,571.7074448170024,b8b511af338cafe4b1f5ecb6bede08e940ad581394321462f48b1c94f922af38,96b4375f8549016ac8be36d85b04b4b5730df0af477dcc5909903845a8f56919
4b494c08568b5377a058,main_e2e,38f46d8917665d1b1c50,sx_askubuntu,real,publication_large_graph,thresholded_residual_pagerank,insert,8,spine,515281,826848,8,8,2172364,2172364,0,complete_execution,False,150.0,14482.426666666666,5708,0.2102312543798178,0.000552393613593302,1031655,2068132,2063284,373025,658619,0.3615830654760751,0.6384169345239249,2876611,8580428580.0,35.18420501999208,b8b511af338cafe4b1f5ecb6bede08e940ad581394321462f48b1c94f922af38,96b4375f8549016ac8be36d85b04b4b5730df0af477dcc5909903845a8f56919
7d85c85226dfafcf6942,main_e2e,ffd1ef59366403da0be8,sx_askubuntu,real,publication_large_graph,weighted_sssp,insert,8,grasu_regraph_k4_shared,515281,390847,8,8,179053544,179053544,0,complete_execution,False,150.0,1193690.2933333332,217,5.529953917050691,6.70190588352722e-06,61761482,632809008,88080896,50497456,11263975,0.8176212108815937,0.18237878911840627,62324481,2052152301192.0,7645.782875054007,59f105872794d1911089a24e97e024d9b60f41632fe6f216ed81bd97d0016bf2,96b4375f8549016ac8be36d85b04b4b5730df0af477dcc5909903845a8f56919
cbd2b8928cb1c52432db,main_e2e,ffd1ef59366403da0be8,sx_askubuntu,real,publication_large_graph,weighted_sssp,insert,8,spine,515281,390847,8,8,62331,62331,0,dynamic_update_only,True,150.0,415.54,62331,0.019252057563652114,0.019252057563652114,3482,21784,3556,389,3075,0.11229792147806004,0.8877020785219399,15425,217609512.0,3.1258706289954716,59f105872794d1911089a24e97e024d9b60f41632fe6f216ed81bd97d0016bf2,96b4375f8549016ac8be36d85b04b4b5730df0af477dcc5909903845a8f56919
fe200a697fdba56a2251,main_e2e,d08a6fa0d85a760bd51d,sx_stackoverflow,real,publication_large_graph,connected_components,insert,8,spine,6024271,41008044,8,16,25478996,25478996,0,complete_execution,False,150.0,169859.97333333333,18560,0.06465517241379311,4.7097617190253494e-05,12090591,24430736,24102228,4179174,7911275,0.3456591231640777,0.6543408768359223,33849790,262767191376.0,1957.149084020013,b5f4b9acd2d40ac5a78b6172694ee612aab9b9acdab969505774eb0b1f8e79fb,1c0b0a9adb245e919e77cedb39b731551befc1f0ca4101a519dce176d9edf057
aacef30f761e5c4f58d4,main_e2e,587aa20d499b12dd46b7,sx_stackoverflow,real,publication_large_graph,thresholded_residual_pagerank,insert,8,spine,6024271,28299669,8,8,25254357,25254357,0,complete_execution,False,150.0,168362.38,8692,0.13805798435342845,4.751655328227125e-05,12049777,24104932,24099628,4349851,7699912,0.36099058545798784,0.6390094145420121,33599198,153349867062.0,689.6730125169997,97ef17a45c8a1d32503e700c2ef107c41ef0a15302e56e768b03c5b017182fa9,96b4375f8549016ac8be36d85b04b4b5730df0af477dcc5909903845a8f56919
cfaab84e6519ff6323d1,main_e2e,414e5a9290543c0257ab,sx_stackoverflow,real,publication_large_graph,weighted_sssp,insert,8,spine,6024271,23724166,8,8,428749,428749,0,dynamic_update_only,True,150.0,2858.326666666667,428749,0.002798840347149498,0.002798840347149498,14775,97460,3520,548,14194,0.037172703839370505,0.9628272961606295,79319,2389644798.0,191.63195317800273,b4f8188a0b1a1dbbf6dc4e75008914730f40d1a69560fd4c743152e9020f39b0,96b4375f8549016ac8be36d85b04b4b5730df0af477dcc5909903845a8f56919
62109bdd0c44b4d646c9,main_e2e,555a0e5318b3f1c77b24,sx_superuser,real,publication_large_graph,connected_components,insert,8,grasu_regraph_k4_shared,567316,1061248,8,16,21367179,21367179,0,complete_execution,False,150.0,142447.86,241,4.979253112033195,5.6160899854866196e-05,5911061,85299952,7078912,4467622,1443390,0.7558133869462623,0.24418661305373768,5955554,241002775128.0,788.9886038969998,adaf2bef6a998d9206386e5ed496b6c00c2b65870bb58c14c3d86fbdd3517cc5,96b4375f8549016ac8be36d85b04b4b5730df0af477dcc5909903845a8f56919
45072e1e0ffb084a0e34,main_e2e,555a0e5318b3f1c77b24,sx_superuser,real,publication_large_graph,connected_components,insert,8,spine,567316,1061248,8,16,2397752,2397752,0,complete_execution,False,150.0,15985.013333333334,7446,0.16116035455278002,0.0005004687724168305,1137104,2287096,2272424,395341,741750,0.3476775385611178,0.6523224614388822,3176542,9469974042.0,51.43896234901331,adaf2bef6a998d9206386e5ed496b6c00c2b65870bb58c14c3d86fbdd3517cc5,96b4375f8549016ac8be36d85b04b4b5730df0af477dcc5909903845a8f56919
73043db0f9280249dbaf,main_e2e,85bf76442ece4620f39b,sx_superuser,real,publication_large_graph,thresholded_residual_pagerank,insert,8,grasu_regraph_k4_shared,567316,1075035,8,8,23162486,23162486,0,complete_execution,False,150.0,154416.57333333333,210,5.714285714285714,5.180791042895827e-05,7052301,116052304,13976352,4468774,2583457,0.6336681257321265,0.3663318742678735,7102657,264337267206.0,881.8757645199948,18a1a107f27ec970e8528dfa5976c2f79b2df0bfd636b782dd9c512b80f420ff,96b4375f8549016ac8be36d85b04b4b5730df0af477dcc5909903845a8f56919
3f8e9fc7157d096b8488,main_e2e,85bf76442ece4620f39b,sx_superuser,real,publication_large_graph,thresholded_residual_pagerank,insert,8,spine,567316,1075035,8,8,2390535,2390535,0,complete_execution,False,150.0,15936.9,5850,0.20512820512820512,0.0005019796823723559,1135731,2276312,2271448,406655,729065,0.35805920473356107,0.6419407952664389,3167061,9442700376.0,39.60790748600266,18a1a107f27ec970e8528dfa5976c2f79b2df0bfd636b782dd9c512b80f420ff,96b4375f8549016ac8be36d85b04b4b5730df0af477dcc5909903845a8f56919
a4c67b976434b6a2ec1b,main_e2e,d3affb931842f363228f,sx_superuser,real,publication_large_graph,weighted_sssp,insert,8,grasu_regraph_k4_shared,567316,616118,8,8,291909003,291909003,0,complete_execution,False,150.0,1946060.02,223,5.381165919282512,4.110870126194772e-06,76746592,809707520,99090944,62546534,14200008,0.8149752727621266,0.18502472723787347,77129307,3249854721558.0,10161.750970045003,111f2fefbd0de279a82c1b69660211140ab709780cd5c493c21785debe6650a8,96b4375f8549016ac8be36d85b04b4b5730df0af477dcc5909903845a8f56919
d06e2c42e0ebb00e328d,main_e2e,d3affb931842f363228f,sx_superuser,real,publication_large_graph,weighted_sssp,insert,8,spine,567316,616118,8,8,61256,61256,0,dynamic_update_only,True,150.0,408.37333333333333,61256,0.019589917722345567,0.019589917722345567,3133,19564,3608,398,2713,0.1279331404693025,0.8720668595306975,12627,213616080.0,4.450385711999843,111f2fefbd0de279a82c1b69660211140ab709780cd5c493c21785debe6650a8,96b4375f8549016ac8be36d85b04b4b5730df0af477dcc5909903845a8f56919
5fc422a3e00f24215f2b,main_e2e,86e79ec7bd7d888c4472,wiki_talk_temporal,real,publication_large_graph,connected_components,insert,8,grasu_regraph_k4_shared,1140149,2032558,8,16,135366890,135366890,0,complete_execution,False,150.0,902445.9333333333,186,6.451612903225806,8.864796997256862e-06,42490261,392521912,28312576,35914693,6575498,0.8452466829344213,0.15475331706557874,43510926,1513067663478.0,4858.262877015994,8a29d272920ba859587174f13ed6d6223100ecd3ddb9e9fb70c2873a097d1df4,96b4375f8549016ac8be36d85b04b4b5730df0af477dcc5909903845a8f56919
c80d8cb28432e199caa1,main_e2e,86e79ec7bd7d888c4472,wiki_talk_temporal,real,publication_large_graph,connected_components,insert,8,spine,1140149,2032558,8,16,9587612,9587612,0,complete_execution,False,150.0,63917.41333333333,7390,0.16238159675236807,0.0001251615104991733,4566380,9165688,9124296,1634356,2932011,0.3579116615024592,0.6420883384975409,12755861,37883780604.0,166.15703453699825,8a29d272920ba859587174f13ed6d6223100ecd3ddb9e9fb70c2873a097d1df4,96b4375f8549016ac8be36d85b04b4b5730df0af477dcc5909903845a8f56919
44e4c6af81ccc9fdc2a7,main_e2e,fe3cb2f0baf58d1fe298,wiki_talk_temporal,real,publication_large_graph,thresholded_residual_pagerank,insert,8,grasu_regraph_k4_shared,1140149,2190639,8,8,70417726,70417726,0,complete_execution,False,150.0,469451.50666666665,225,5.333333333333333,1.704116375470574e-05,23850101,278359240,27996192,17959635,5890382,0.7530239915552261,0.24697600844477385,23951928,817341700422.0,2581.1642971190013,44a3f04bc77d10af7dfc0b5f59429d0826b9cc981de97d599515b01ee2b182e4,96b4375f8549016ac8be36d85b04b4b5730df0af477dcc5909903845a8f56919
d310ed825d5fef3de031,main_e2e,fe3cb2f0baf58d1fe298,wiki_talk_temporal,real,publication_large_graph,thresholded_residual_pagerank,insert,8,spine,1140149,2190639,8,8,4789895,4789895,0,complete_execution,False,150.0,31932.633333333335,5501,0.21814215597164152,0.00025052741239630516,2281394,4567644,4562740,824812,1456569,0.36154066330875906,0.638459336691241,6361365,20957394900.0,86.40628009599459,44a3f04bc77d10af7dfc0b5f59429d0826b9cc981de97d599515b01ee2b182e4,96b4375f8549016ac8be36d85b04b4b5730df0af477dcc5909903845a8f56919
db5d657374e1d0bac2c2,main_e2e,4fd86d01e71d9a337752,wiki_talk_temporal,real,publication_large_graph,weighted_sssp,insert,8,grasu_regraph_k4_shared,1140149,1142352,8,8,64837217,64837217,0,complete_execution,False,150.0,432248.11333333334,175,6.857142857142857,1.8507888763948644e-05,21019838,181842208,14156288,17957345,3062433,0.8543070721298769,0.14569292787012308,21028378,741886605168.0,2352.2360228830075,9ad9cd3b964e080aae42f963c7b401f1a5e33af8c00778955ce602a2fcb717ae,96b4375f8549016ac8be36d85b04b4b5730df0af477dcc5909903845a8f56919
ec50a243c957db5ae063,main_e2e,4fd86d01e71d9a337752,wiki_talk_temporal,real,publication_large_graph,weighted_sssp,insert,8,spine,1140149,1142352,8,8,43227,43227,0,dynamic_update_only,True,150.0,288.18,43227,0.027760427510583663,0.027760427510583663,4742,30320,3040,356,4373,0.07528018608585324,0.9247198139141467,26781,153346698.0,6.321203304993105,9ad9cd3b964e080aae42f963c7b401f1a5e33af8c00778955ce602a2fcb717ae,96b4375f8549016ac8be36d85b04b4b5730df0af477dcc5909903845a8f56919
