case,dataset,role,target_edges,vertices,source,resident_level,rounds,processed_edges,fpga_samples,fpga_reader_cv_pct,fpga_compute_cv_pct,fpga_paired_cv_pct,actual_reader_cycles,actual_compute_cycles,actual_paired_cycles,raw_reader_cycles,raw_compute_cycles,raw_paired_cycles,raw_paired_error_pct,calibrated_paired_cycles,calibrated_paired_error_pct,raw_reader_error_pct,calibrated_reader_cycles,calibrated_reader_error_pct,raw_compute_error_pct,calibrated_compute_cycles,calibrated_compute_error_pct
AU_e100000,AU,calibration,100000,37956,9,8,3,25,5,22.69669861292881,19.926678264236855,19.926678264236855,178374,221099,221099,23074,35268,35268,84.04877453086627,203956,7.753379360892916,87.06425824391447,174037,2.431528923519928,84.04877453086627,203956,7.753379360892916
AU_e500000,AU,calibration,500000,152045,2,8,57,1988492,5,0.017869192790555346,0.011680289395682799,0.011680289395682799,497603646,510919409,510919409,335551282,338633640,338633640,33.720732852409604,421308190,17.539208151084836,32.56655478766327,413221672,16.9576680054821,33.720732852409604,421308190,17.539208151084836
AU_e1000000,AU,calibration,1000000,269697,2,8,58,4973305,5,0.037680631580969536,0.04134212038222947,0.04134212038222947,1351330611,1371865707,1371865707,982141715,990573302,990573302,27.79371209983894,1194597044,12.921721281731454,27.32039761363772,1172953367,13.20011862302729,27.79371209983894,1194597044,12.921721281731454
AU_e4000000,AU,calibration,4000000,666931,0,9,48,22002549,5,0.0074851354653901045,0.007025661783366706,0.007025661783366706,6997803925,7071573459,7071573459,10232616659,10235418324,10235418324,44.74032382387785,11131285318,57.408890435674294,46.22611277294398,11068301062,58.16820792068308,44.74032382387785,11131285318,57.408890435674294
GG_e100000,GG,calibration,100000,102154,278,8,2,5,5,3.970674475018679,6.1590519417402,6.1590519417402,103183,131710,131710,12933,24429,24429,81.45243337635715,161111,22.322642031786394,87.46595853968192,122914,19.122218603765244,81.45243337635715,161111,22.322642031786394
GG_e500000,GG,calibration,500000,356428,26,8,6,22,5,5.623257636077853,4.525667632542573,4.525667632542573,305683,358356,358356,41924,89389,89389,75.05581042315463,351535,1.9033232803196358,86.28513852585849,313445,2.5393284155040403,75.05581042315463,351535,1.9033232803196358
GG_e1000000,GG,calibration,1000000,513597,3,8,11,135,5,1.369717937486326,1.1762809624003128,1.1762809624003128,592756,699314,699314,110005,309685,309685,55.71588728382386,732391,4.7298828212486566,81.44177368090749,586928,0.9831326283856943,55.71588728382386,732391,4.7298828212486566
GG_e4000000,GG,calibration,4000000,811910,0,9,49,15500240,5,0.0031605754606705357,0.002674391573645354,0.002674391573645354,6262432839,6334041822,6334041822,8616393734,8620213307,8620213307,36.093406852153244,9251824548,46.06510042743519,37.58860103601344,9205731770,46.999289354826104,36.093406852153244,9251824548,46.06510042743519
LJ_e2000000,LJ,holdout,2000000,770162,22,8,27,10005801,5,0.016342954353416168,0.015600536300291606,0.015600536300291606,1173837498,1232049766,1232049766,703471238,705455404,705455404,42.74132235012332,1113058415,9.657998719131049,40.07081566242485,1083728133,7.676476932155558,42.74132235012332,1113058415,9.657998719131049
OR_e4000000,OR,holdout,4000000,931998,0,9,21,12510877,5,0.006709150057112636,0.003670967473697741,0.003670967473697741,1239651805,1288962899,1288962899,623947114,624538529,624538529,51.54720671289081,1133773424,12.039871328765974,49.66755088135414,1098885428,11.355315780052926,51.54720671289081,1133773424,12.039871328765974
WK_e100000,WK,calibration,100000,27671,6,8,2,9,5,38.60227318658567,32.53841679145438,32.53841679145438,180469,216899,216899,12306,16209,16209,92.5269365003988,153054,29.435482788230686,93.18110035518565,122438,32.15541311923873,92.5269365003988,153054,29.435482788230686
WK_e500000,WK,calibration,500000,84524,1,8,24,2199551,5,0.06027458988437094,0.04930009478328653,0.04930009478328653,254132789,260997078,260997078,83103820,84100808,84100808,67.7771074509884,174324492,33.20825920284165,67.29905639999882,167444299,34.11149359333359,67.7771074509884,174324492,33.20825920284165
WK_e1000000,WK,calibration,1000000,173543,1,8,32,5435889,5,0.04036550704047861,0.020881403053034712,0.020881403053034712,650011200,676342319,676342319,405203605,410270505,410270505,39.33981454737272,632284990,6.514057675080835,37.662057976847166,612497743,5.771201660583515,39.33981454737272,632284990,6.514057675080835
WK_e4000000,WK,calibration,4000000,560644,1,9,32,20537055,5,0.004020029906563482,0.003570515504684777,0.003570515504684777,3503666915,3562590307,3562590307,3690604066,3693523836,3693523836,3.6752339650937023,4529326599,27.135769451242382,5.33547153696829,4470114138,27.58387843756975,3.6752339650937023,4529326599,27.135769451242382
