run_id,fixture_id,dataset_kind,role,algorithm,spine_cycles,grasu_regraph_cycles,spine_speedup_over_grasu,input_update_records,spine_update_cycles,grasu_regraph_update_cycles,spine_input_update_records_per_second,grasu_regraph_input_update_records_per_second,spine_speedup_over_grasu_update,grasu_regraph_physical_update_amplification,update_throughput_scope,spine_backend_requests,grasu_regraph_backend_requests,spine_request_advantage,spine_dram_row_hit_rate,grasu_regraph_dram_row_hit_rate,spine_active_channel_dram_energy_pj,grasu_regraph_active_channel_dram_energy_pj,spine_active_dram_energy_advantage,spine_phase_bottleneck,grasu_regraph_phase_bottleneck,claim_label,energy_claim
real_amazon_2008_compact__full_pagerank,real_amazon_2008_compact,real_compact_slice,validation,full_pagerank,197849,463709,2.3437520533336027,0,,,,,,,no_update,28120,249794,8.883143669985776,0.9693100995732574,0.9003338751130932,717922584.0,1328266296.0,1.8501525451384881,compute_dominant,compute_dominant,routed_k1_multi_partition_structural,sparse_active_channel_dramsim3_only
real_amazon_2008_compact__residual_pagerank,real_amazon_2008_compact,real_compact_slice,validation,thresholded_residual_pagerank,3859853,14503424,3.7575068273325436,0,,,,,,,no_update,623542,9140405,14.658844151636938,0.9698624952288699,0.9678330445970392,14094247290.0,42612670680.0,3.0234087570064196,compute_dominant,compute_dominant,routed_k1_multi_partition_structural,sparse_active_channel_dramsim3_only
real_amazon_2008_compact__weighted_sssp,real_amazon_2008_compact,real_compact_slice,validation,weighted_sssp,123379,74199,0.6013908363659942,0,,,,,,,no_update,16561,17674,1.067206086588974,0.9388321961234225,0.9641846780581645,446109042.0,187542396.0,0.4203958636642025,structure_update_dominant,compute_dominant,routed_k1_multi_partition_structural,sparse_active_channel_dramsim3_only
real_soc_flickr_und_compact__full_pagerank,real_soc_flickr_und_compact,real_compact_slice,validation,full_pagerank,533693,525718,0.9850569522178481,0,,,,,,,no_update,87904,256360,2.916363305424099,0.975097834000728,0.9027305351848962,1952037378.0,1471244142.0,0.7536967061088725,compute_dominant,compute_dominant,routed_k1_multi_partition_structural,sparse_active_channel_dramsim3_only
real_soc_flickr_und_compact__residual_pagerank,real_soc_flickr_und_compact,real_compact_slice,validation,thresholded_residual_pagerank,11283055,15071333,1.335749316120501,0,,,,,,,no_update,2137370,8503112,3.9783060490228643,0.9742038112259459,0.9680242951051333,41477829804.0,43103202168.0,1.039186533424737,compute_dominant,compute_dominant,routed_k1_multi_partition_structural,sparse_active_channel_dramsim3_only
real_soc_flickr_und_compact__weighted_sssp,real_soc_flickr_und_compact,real_compact_slice,validation,weighted_sssp,281907,283791,1.0066830550500696,0,,,,,,,no_update,47955,78816,1.6435408195182983,0.9624648107600876,0.9655019285424279,1033753242.0,739810110.0,0.7156544520902214,structure_update_dominant,compute_dominant,routed_k1_multi_partition_structural,sparse_active_channel_dramsim3_only
real_web_google_compact__full_pagerank,real_web_google_compact,real_compact_slice,validation,full_pagerank,581007,541597,0.9321694919338321,0,,,,,,,no_update,93820,257963,2.7495523342570882,0.9749094009806012,0.9029434453778254,2123409270.0,1508959524.0,0.7106305625198669,compute_dominant,compute_dominant,routed_k1_multi_partition_structural,sparse_active_channel_dramsim3_only
real_web_google_compact__residual_pagerank,real_web_google_compact,real_compact_slice,validation,thresholded_residual_pagerank,12322983,12993487,1.054410851658239,0,,,,,,,no_update,2281814,7139255,3.1287629053025356,0.9735241347454262,0.968138832413186,45256374606.0,36944413452.0,0.8163361244385223,compute_dominant,compute_dominant,routed_k1_multi_partition_structural,sparse_active_channel_dramsim3_only
real_web_google_compact__weighted_sssp,real_web_google_compact,real_compact_slice,validation,weighted_sssp,250790,100158,0.39936999082898045,0,,,,,,,no_update,45117,20197,0.4476583106146242,0.9636722299798303,0.9659850472842502,922371426.0,247794960.0,0.26864986600311275,structure_update_dominant,compute_dominant,routed_k1_multi_partition_structural,sparse_active_channel_dramsim3_only
syn_chain_v64__full_pagerank,syn_chain_v64,synthetic,calibration,full_pagerank,59161,441904,7.469515390206386,0,,,,,,,no_update,4270,247693,58.007728337236536,0.935831381733021,0.9002313347571389,211007166.0,1275556050.0,6.045084032833273,compute_dominant,compute_dominant,routed_k1_multi_partition_structural,sparse_active_channel_dramsim3_only
syn_chain_v64__residual_pagerank,syn_chain_v64,synthetic,calibration,thresholded_residual_pagerank,1470486,16251813,11.052001175121694,0,,,,,,,no_update,110110,10708638,97.25400054490963,0.9347833984197621,0.967820277424636,5266814610.0,48276982374.0,9.166258155800172,compute_dominant,compute_dominant,routed_k1_multi_partition_structural,sparse_active_channel_dramsim3_only
syn_chain_v64__weighted_sssp,syn_chain_v64,synthetic,calibration,weighted_sssp,615084,2246425,3.652224736783919,0,,,,,,,no_update,35704,1072449,30.0372227201434,0.9056968406901188,0.9643666039130998,2188233906.0,6589506666.0,3.011335601706923,compute_dominant,compute_dominant,routed_k1_multi_partition_structural,sparse_active_channel_dramsim3_only
syn_dynamic_delete_fallback__dynamic_weighted_sssp,syn_dynamic_delete_fallback,synthetic,holdout,weighted_dynamic_sssp,81165,133830,1.6488634263537238,1,12709,50,11802.659532614682,3000000.0,0.003934219844204894,1.0,input_differential_records_per_timed_update_phase,8273,50725,6.131391272815182,0.9313429227607881,0.9641793987185806,291616140.0,369068466.0,1.265596842479295,compute_dominant,compute_dominant,routed_k1_multi_partition_structural,sparse_active_channel_dramsim3_only
syn_dynamic_delete_fallback__full_pagerank,syn_dynamic_delete_fallback,synthetic,holdout,full_pagerank,30975,438306,14.150314769975786,0,,,,,,,no_update,2057,247333,120.2396694214876,0.8711716091395236,0.9002195420748546,110091276.0,1268190630.0,11.519447099514043,compute_dominant,compute_dominant,routed_k1_multi_partition_structural,sparse_active_channel_dramsim3_only
syn_dynamic_delete_fallback__residual_pagerank,syn_dynamic_delete_fallback,synthetic,holdout,thresholded_residual_pagerank,669576,10665707,15.929046142633547,0,,,,,,,no_update,38703,7069535,182.66116321732164,0.8838849701573521,0.9678942108639395,2386908846.0,31712570082.0,13.286041540775287,compute_dominant,compute_dominant,routed_k1_multi_partition_structural,sparse_active_channel_dramsim3_only
syn_dynamic_delete_fallback__weighted_sssp,syn_dynamic_delete_fallback,synthetic,holdout,weighted_sssp,32532,99773,3.0669187261773025,0,,,,,,,no_update,2294,33814,14.740191804707933,0.8897122929380994,0.9642455787543621,115665294.0,268464498.0,2.3210462595633916,compute_dominant,compute_dominant,routed_k1_multi_partition_structural,sparse_active_channel_dramsim3_only
syn_dynamic_increase_fallback__dynamic_weighted_sssp,syn_dynamic_increase_fallback,synthetic,calibration,weighted_dynamic_sssp,81325,133845,1.645803873347679,2,12714,67,23596.035865974518,4477611.940298508,0.0052697813434009755,1.0,input_differential_records_per_timed_update_phase,8291,50729,6.118562296466047,0.9289591122904354,0.9641427980050858,292591614.0,369070680.0,1.2613850238373545,compute_dominant,compute_dominant,routed_k1_multi_partition_structural,sparse_active_channel_dramsim3_only
syn_dynamic_increase_fallback__full_pagerank,syn_dynamic_increase_fallback,synthetic,calibration,full_pagerank,30975,438306,14.150314769975786,0,,,,,,,no_update,2057,247333,120.2396694214876,0.8711716091395236,0.9002195420748546,110091276.0,1268190630.0,11.519447099514043,compute_dominant,compute_dominant,routed_k1_multi_partition_structural,sparse_active_channel_dramsim3_only
syn_dynamic_increase_fallback__residual_pagerank,syn_dynamic_increase_fallback,synthetic,calibration,thresholded_residual_pagerank,669576,10665707,15.929046142633547,0,,,,,,,no_update,38703,7069535,182.66116321732164,0.8838849701573521,0.9678942108639395,2386908846.0,31712570082.0,13.286041540775287,compute_dominant,compute_dominant,routed_k1_multi_partition_structural,sparse_active_channel_dramsim3_only
syn_dynamic_increase_fallback__weighted_sssp,syn_dynamic_increase_fallback,synthetic,calibration,weighted_sssp,32532,99773,3.0669187261773025,0,,,,,,,no_update,2294,33814,14.740191804707933,0.8897122929380994,0.9642455787543621,115665294.0,268464498.0,2.3210462595633916,compute_dominant,compute_dominant,routed_k1_multi_partition_structural,sparse_active_channel_dramsim3_only
syn_dynamic_mixed_update__dynamic_weighted_sssp,syn_dynamic_mixed_update,synthetic,holdout,weighted_dynamic_sssp,100958,133868,1.3259771390083004,4,12924,86,46425.25533890436,6976744.186046512,0.0066542865985762915,1.0,input_differential_records_per_timed_update_phase,9403,50743,5.396469211953632,0.9282143996596831,0.9639162051908637,362466930.0,369280758.0,1.018798481836674,compute_dominant,compute_dominant,routed_k1_multi_partition_structural,sparse_active_channel_dramsim3_only
syn_dynamic_mixed_update__full_pagerank,syn_dynamic_mixed_update,synthetic,holdout,full_pagerank,31846,438280,13.76248194435722,0,,,,,,,no_update,2098,247339,117.89275500476644,0.8679694947569113,0.900173446160937,113546208.0,1267231350.0,11.160490273704253,compute_dominant,compute_dominant,routed_k1_multi_partition_structural,sparse_active_channel_dramsim3_only
syn_dynamic_mixed_update__residual_pagerank,syn_dynamic_mixed_update,synthetic,holdout,thresholded_residual_pagerank,686935,10802040,15.7249812573242,0,,,,,,,no_update,39586,7160328,180.88031122113878,0.8822816147122721,0.9679115258407157,2449975854.0,32115246618.0,13.108393115616396,compute_dominant,compute_dominant,routed_k1_multi_partition_structural,sparse_active_channel_dramsim3_only
syn_dynamic_mixed_update__weighted_sssp,syn_dynamic_mixed_update,synthetic,holdout,weighted_sssp,51757,167807,3.2422087833529765,0,,,,,,,no_update,3380,67636,20.010650887573963,0.8988165680473372,0.9642202377432136,184251396.0,469714512.0,2.5493131786095122,compute_dominant,compute_dominant,routed_k1_multi_partition_structural,sparse_active_channel_dramsim3_only
syn_dynamic_shortcut_insert__dynamic_weighted_sssp,syn_dynamic_shortcut_insert,synthetic,calibration,weighted_dynamic_sssp,91663,133847,1.4602074992090592,1,4898,67,30624.744793793387,2238805.970149254,0.013679052674561045,2.0,input_differential_records_per_timed_update_phase,6278,50732,8.080917489646383,0.9009238611022619,0.9644208783410865,326162040.0,369082452.0,1.1315922968840886,compute_dominant,compute_dominant,routed_k1_multi_partition_structural,sparse_active_channel_dramsim3_only
syn_dynamic_shortcut_insert__full_pagerank,syn_dynamic_shortcut_insert,synthetic,calibration,full_pagerank,31524,438322,13.904390305798756,0,,,,,,,no_update,2070,247336,119.48599033816426,0.8685990338164251,0.9003460879127988,111939150.0,1268527116.0,11.332291838914268,compute_dominant,compute_dominant,routed_k1_multi_partition_structural,sparse_active_channel_dramsim3_only
syn_dynamic_shortcut_insert__residual_pagerank,syn_dynamic_shortcut_insert,synthetic,calibration,thresholded_residual_pagerank,691287,10937225,15.821540112861951,0,,,,,,,no_update,39844,7250885,181.98185423150287,0.8853026804537697,0.9678189627886803,2464499238.0,32516904072.0,13.194122185401138,compute_dominant,compute_dominant,routed_k1_multi_partition_structural,sparse_active_channel_dramsim3_only
syn_dynamic_shortcut_insert__weighted_sssp,syn_dynamic_shortcut_insert,synthetic,calibration,weighted_sssp,51236,167807,3.275177609493325,0,,,,,,,no_update,3362,67632,20.11659726353361,0.8953004164187983,0.9642181215992429,181977984.0,469721520.0,2.5811997125982007,compute_dominant,compute_dominant,routed_k1_multi_partition_structural,sparse_active_channel_dramsim3_only
syn_gather_bank_fanin_e1024__full_pagerank,syn_gather_bank_fanin_e1024,synthetic,calibration,full_pagerank,3460512,1531580,0.4425876864463987,0,,,,,,,no_update,421390,357095,0.8474216284202283,0.9700514962386388,0.9216202971198141,12495470226.0,3804937776.0,0.30450536932038463,compute_dominant,compute_dominant,routed_k1_multi_partition_structural,sparse_active_channel_dramsim3_only
syn_gather_bank_fanin_e1024__residual_pagerank,syn_gather_bank_fanin_e1024,synthetic,calibration,thresholded_residual_pagerank,104147107,37474658,0.35982428201294153,0,,,,,,,no_update,17598598,9344080,0.5309559318304787,0.9706257282540348,0.9701264329928682,381449431290.0,93447765270.0,0.2449807434604761,compute_dominant,compute_dominant,routed_k1_multi_partition_structural,sparse_active_channel_dramsim3_only
syn_gather_bank_fanin_e1024__weighted_sssp,syn_gather_bank_fanin_e1024,synthetic,calibration,weighted_sssp,374645,825749,2.20408386605987,0,,,,,,,no_update,25146,101442,4.034120734908137,0.8723057345104589,0.972151574298614,1325109480.0,1947229362.0,1.4694856473293059,compute_dominant,compute_dominant,routed_k1_multi_partition_structural,sparse_active_channel_dramsim3_only
syn_hot_destination_e256__full_pagerank,syn_hot_destination_e256,synthetic,holdout,full_pagerank,110923,451276,4.06837175337847,0,,,,,,,no_update,9992,248546,24.874499599679744,0.9564651721377102,0.9006501814553443,395994396.0,1299581814.0,3.281818700282819,compute_dominant,compute_dominant,routed_k1_multi_partition_structural,sparse_active_channel_dramsim3_only
syn_hot_destination_e256__residual_pagerank,syn_hot_destination_e256,synthetic,holdout,thresholded_residual_pagerank,2110699,10714824,5.076433920705889,0,,,,,,,no_update,229163,6917453,30.185732426264273,0.9582480592416751,0.9677879994269567,7613351748.0,31672273590.0,4.160095925992148,compute_dominant,compute_dominant,routed_k1_multi_partition_structural,sparse_active_channel_dramsim3_only
syn_hot_destination_e256__weighted_sssp,syn_hot_destination_e256,synthetic,holdout,weighted_sssp,99063,108483,1.0950910026952545,0,,,,,,,no_update,7670,34580,4.508474576271187,0.888787483702738,0.9639097744360903,351990816.0,289475754.0,0.8223957581893273,compute_dominant,compute_dominant,routed_k1_multi_partition_structural,sparse_active_channel_dramsim3_only
syn_hot_source_e256__full_pagerank,syn_hot_source_e256,synthetic,calibration,full_pagerank,66233,442948,6.6877236422931166,0,,,,,,,no_update,8315,248183,29.84762477450391,0.9569452796151533,0.899868242385659,239716614.0,1279426962.0,5.337247763728216,compute_dominant,compute_dominant,routed_k1_multi_partition_structural,sparse_active_channel_dramsim3_only
syn_hot_source_e256__residual_pagerank,syn_hot_source_e256,synthetic,calibration,thresholded_residual_pagerank,1455542,10286584,7.067184595154245,0,,,,,,,no_update,204529,6726463,32.887575844990195,0.9615164597685414,0.9679733613341811,5296116192.0,30484432290.0,5.755997637674185,compute_dominant,compute_dominant,routed_k1_multi_partition_structural,sparse_active_channel_dramsim3_only
syn_hot_source_e256__weighted_sssp,syn_hot_source_e256,synthetic,calibration,weighted_sssp,34717,65771,1.8944897312555808,0,,,,,,,no_update,4783,17169,3.5895881246079866,0.9546309847376124,0.9644708486225173,125793438.0,168295890.0,1.3378749533819085,compute_dominant,compute_dominant,routed_k1_multi_partition_structural,sparse_active_channel_dramsim3_only
syn_pagerank_cycle_v32__full_pagerank,syn_pagerank_cycle_v32,synthetic,calibration,full_pagerank,46141,439388,9.522723824797902,0,,,,,,,no_update,3496,247496,70.79405034324942,0.9213386727688787,0.9002084882179914,164463894.0,1269596598.0,7.719606821421849,compute_dominant,compute_dominant,routed_k1_multi_partition_structural,sparse_active_channel_dramsim3_only
syn_pagerank_cycle_v32__residual_pagerank,syn_pagerank_cycle_v32,synthetic,calibration,thresholded_residual_pagerank,877627,10143505,11.557877093571642,0,,,,,,,no_update,64134,6710922,104.63906820095426,0.9282128044407023,0.9677929500596192,3135613728.0,30146273316.0,9.61415401610335,compute_dominant,compute_dominant,routed_k1_multi_partition_structural,sparse_active_channel_dramsim3_only
syn_pagerank_cycle_v32__weighted_sssp,syn_pagerank_cycle_v32,synthetic,calibration,weighted_sssp,112523,340853,3.0291851443704845,0,,,,,,,no_update,7280,152640,20.967032967032967,0.8960164835164836,0.9643147274633124,400817742.0,981334818.0,2.448331785672302,compute_dominant,compute_dominant,routed_k1_multi_partition_structural,sparse_active_channel_dramsim3_only
syn_pagerank_dangling_v33__full_pagerank,syn_pagerank_dangling_v33,synthetic,holdout,full_pagerank,44634,439310,9.842496751355469,0,,,,,,,no_update,3207,247500,77.17492984097287,0.9251637043966323,0.9007151515151515,159114096.0,1271676894.0,7.99223278118615,compute_dominant,compute_dominant,routed_k1_multi_partition_structural,sparse_active_channel_dramsim3_only
syn_pagerank_dangling_v33__residual_pagerank,syn_pagerank_dangling_v33,synthetic,holdout,thresholded_residual_pagerank,971975,11919380,12.263052033231308,0,,,,,,,no_update,67628,7889871,116.66574495770982,0.9257999645117407,0.9678874344079896,3476461626.0,35441380740.0,10.19467048764139,compute_dominant,compute_dominant,routed_k1_multi_partition_structural,sparse_active_channel_dramsim3_only
syn_pagerank_dangling_v33__weighted_sssp,syn_pagerank_dangling_v33,synthetic,holdout,weighted_sssp,309511,1096141,3.541525180042066,0,,,,,,,no_update,18292,525760,28.742619724469712,0.9098513011152416,0.9643620663420572,1101114438.0,3215229660.0,2.9199777507594535,compute_dominant,compute_dominant,routed_k1_multi_partition_structural,sparse_active_channel_dramsim3_only
syn_residual_frontier_tree_v127__full_pagerank,syn_residual_frontier_tree_v127,synthetic,calibration,full_pagerank,68721,443903,6.459495641797995,0,,,,,,,no_update,5853,247898,42.35400649239706,0.9460105928583632,0.9003219065906138,245419554.0,1280412174.0,5.217237800049135,compute_dominant,compute_dominant,routed_k1_multi_partition_structural,sparse_active_channel_dramsim3_only
syn_residual_frontier_tree_v127__residual_pagerank,syn_residual_frontier_tree_v127,synthetic,calibration,thresholded_residual_pagerank,1422274,11358916,7.986447055911871,0,,,,,,,no_update,136067,7446788,54.72883211947055,0.9520897792999037,0.9678308285397678,5112136272.0,33700275126.0,6.592209857663982,compute_dominant,compute_dominant,routed_k1_multi_partition_structural,sparse_active_channel_dramsim3_only
syn_residual_frontier_tree_v127__weighted_sssp,syn_residual_frontier_tree_v127,synthetic,calibration,weighted_sssp,100819,246776,2.447713228657297,0,,,,,,,no_update,7242,102516,14.155758077879039,0.9012703673018503,0.9642885013071131,359083572.0,697608366.0,1.9427465370094958,compute_dominant,compute_dominant,routed_k1_multi_partition_structural,sparse_active_channel_dramsim3_only
syn_residual_skew_hub_v257__full_pagerank,syn_residual_skew_hub_v257,synthetic,holdout,full_pagerank,168986,457319,2.706253772501864,0,,,,,,,no_update,15028,248951,16.565810487090765,0.9590763907372903,0.9002775646613189,601764222.0,1313272428.0,2.182370403536553,compute_dominant,compute_dominant,routed_k1_multi_partition_structural,sparse_active_channel_dramsim3_only
syn_residual_skew_hub_v257__residual_pagerank,syn_residual_skew_hub_v257,synthetic,holdout,thresholded_residual_pagerank,2379206,10579213,4.446530901485621,0,,,,,,,no_update,243860,6745407,27.660981710817683,0.9558558189124908,0.9676262677700544,8563522512.0,31198123926.0,3.643141462205804,compute_dominant,compute_dominant,routed_k1_multi_partition_structural,sparse_active_channel_dramsim3_only
syn_residual_skew_hub_v257__weighted_sssp,syn_residual_skew_hub_v257,synthetic,holdout,weighted_sssp,158740,72382,0.4559783293435807,0,,,,,,,no_update,12648,17425,1.3776881720430108,0.881404174573055,0.9629842180774749,563955828.0,183714672.0,0.32576074734704225,compute_dominant,compute_dominant,routed_k1_multi_partition_structural,sparse_active_channel_dramsim3_only
syn_source_window_e4095__full_pagerank,syn_source_window_e4095,synthetic,calibration,full_pagerank,2753865,891819,0.32384267202640654,0,,,,,,,no_update,207516,286202,1.3791804005474277,0.7032132462075213,0.903054485992411,9817735848.0,2349043878.0,0.23926533717838117,compute_dominant,compute_dominant,routed_k1_multi_partition_structural,sparse_active_channel_dramsim3_only
syn_source_window_e4095__residual_pagerank,syn_source_window_e4095,synthetic,calibration,thresholded_residual_pagerank,57174654,21854458,0.38224031928553515,0,,,,,,,no_update,5717715,7823720,1.368329831060135,0.6304707387479089,0.9625473559892225,206660349264.0,58158307134.0,0.2814197660128077,compute_dominant,compute_dominant,routed_k1_multi_partition_structural,sparse_active_channel_dramsim3_only
syn_source_window_e4095__weighted_sssp,syn_source_window_e4095,synthetic,calibration,weighted_sssp,1663703,216589,0.13018489477989761,0,,,,,,,no_update,104757,29182,0.27856849661597793,0.864018633599664,0.9471249400315263,5868381702.0,526582368.0,0.08973212628969512,balanced,compute_dominant,routed_k1_multi_partition_structural,sparse_active_channel_dramsim3_only
syn_source_window_e4096__full_pagerank,syn_source_window_e4096,synthetic,holdout,full_pagerank,2483233,891927,0.3591797467253375,0,,,,,,,no_update,207566,286215,1.378910804274303,0.9479490860738271,0.9031078035742361,8840178042.0,2349007194.0,0.26571944397949715,compute_dominant,compute_dominant,routed_k1_multi_partition_structural,sparse_active_channel_dramsim3_only
syn_source_window_e4096__residual_pagerank,syn_source_window_e4096,synthetic,holdout,thresholded_residual_pagerank,48197117,21858052,0.4535136821565489,0,,,,,,,no_update,5719579,7823953,1.3679246322150633,0.9512904708545856,0.9625524335332791,174151115808.0,58173510894.0,0.3340404144073114,compute_dominant,compute_dominant,routed_k1_multi_partition_structural,sparse_active_channel_dramsim3_only
syn_source_window_e4096__weighted_sssp,syn_source_window_e4096,synthetic,holdout,weighted_sssp,1664128,216620,0.1301702753634336,0,,,,,,,no_update,104781,29185,0.2785333218808754,0.8640688674473426,0.9472674318999486,5869611792.0,526662048.0,0.08972689620083822,balanced,compute_dominant,routed_k1_multi_partition_structural,sparse_active_channel_dramsim3_only
syn_source_window_e4097__full_pagerank,syn_source_window_e4097,synthetic,holdout,full_pagerank,2484446,892329,0.35916618835748493,0,,,,,,,no_update,207645,286992,1.382128151412266,0.948070023357172,0.903770836817751,8844629172.0,2350499706.0,0.2657544663874801,compute_dominant,compute_dominant,routed_k1_multi_partition_structural,sparse_active_channel_dramsim3_only
syn_source_window_e4097__residual_pagerank,syn_source_window_e4097,synthetic,holdout,thresholded_residual_pagerank,47922566,21863132,0.4562178911705187,0,,,,,,,no_update,5681607,7843637,1.3805314235919521,0.9512182028781646,0.9625620104550988,173159932716.0,58209929568.0,0.33616281003914594,compute_dominant,compute_dominant,routed_k1_multi_partition_structural,sparse_active_channel_dramsim3_only
syn_source_window_e4097__weighted_sssp,syn_source_window_e4097,synthetic,holdout,weighted_sssp,1499703,216726,0.1445126134974725,0,,,,,,,no_update,109072,29444,0.2699501246882793,0.8717819422033153,0.9470859937508491,5299343118.0,527210154.0,0.09948594425019452,balanced,compute_dominant,routed_k1_multi_partition_structural,sparse_active_channel_dramsim3_only
syn_spread_e512__full_pagerank,syn_spread_e512,synthetic,calibration,full_pagerank,167377,456844,2.7294311643774236,0,,,,,,,no_update,14977,248896,16.618548440942778,0.961073646257595,0.8999983929030599,596446182.0,1312744278.0,2.200943383689897,compute_dominant,compute_dominant,routed_k1_multi_partition_structural,sparse_active_channel_dramsim3_only
syn_spread_e512__residual_pagerank,syn_spread_e512,synthetic,calibration,thresholded_residual_pagerank,3185021,15276792,4.79644937976861,0,,,,,,,no_update,325018,9751632,30.003359813918,0.9573408242005058,0.9676668479696526,11464044714.0,45070242876.0,3.9314433954501062,compute_dominant,compute_dominant,routed_k1_multi_partition_structural,sparse_active_channel_dramsim3_only
syn_spread_e512__weighted_sssp,syn_spread_e512,synthetic,calibration,weighted_sssp,279249,553893,1.9835093411256621,0,,,,,,,no_update,20634,226304,10.967529320538917,0.8974508093438015,0.9633899533371041,993700410.0,1569687138.0,1.5796382110781257,compute_dominant,compute_dominant,routed_k1_multi_partition_structural,sparse_active_channel_dramsim3_only
syn_tiny_threshold_e4095__full_pagerank,syn_tiny_threshold_e4095,synthetic,calibration,full_pagerank,714677,570595,0.7983956388690275,0,,,,,,,no_update,104770,261376,2.4947599503674716,0.8280041996754797,0.9046431194906954,2611674462.0,1574188866.0,0.602750797966795,compute_dominant,compute_dominant,routed_k1_multi_partition_structural,sparse_active_channel_dramsim3_only
syn_tiny_threshold_e4095__residual_pagerank,syn_tiny_threshold_e4095,synthetic,calibration,thresholded_residual_pagerank,17083174,13359882,0.7820491672097937,0,,,,,,,no_update,2788656,7029504,2.5207497805394428,0.7693989506055964,0.9683414363232455,62888135718.0,37592871384.0,0.5977736651722699,compute_dominant,compute_dominant,routed_k1_multi_partition_structural,sparse_active_channel_dramsim3_only
syn_tiny_threshold_e4095__weighted_sssp,syn_tiny_threshold_e4095,synthetic,calibration,weighted_sssp,216309,109953,0.5083144945425294,0,,,,,,,no_update,51331,21248,0.4139408934172332,0.9822329586409771,0.9670086596385542,810322398.0,269863128.0,0.3330318014978527,structure_update_dominant,compute_dominant,routed_k1_multi_partition_structural,sparse_active_channel_dramsim3_only
syn_tiny_threshold_e4096__full_pagerank,syn_tiny_threshold_e4096,synthetic,holdout,full_pagerank,627217,570682,0.909863731372077,0,,,,,,,no_update,104795,261383,2.4942315950188463,0.9764683429552937,0.9037351319710922,2296177350.0,1575905886.0,0.6863171461908202,compute_dominant,compute_dominant,routed_k1_multi_partition_structural,sparse_active_channel_dramsim3_only
syn_tiny_threshold_e4096__residual_pagerank,syn_tiny_threshold_e4096,synthetic,holdout,thresholded_residual_pagerank,14529325,13360010,0.9195203493624101,0,,,,,,,no_update,2789329,7029583,2.5201699046616586,0.974452637175464,0.968279341747583,53466494784.0,37595762178.0,0.7031648947604218,compute_dominant,compute_dominant,routed_k1_multi_partition_structural,sparse_active_channel_dramsim3_only
syn_tiny_threshold_e4096__weighted_sssp,syn_tiny_threshold_e4096,synthetic,holdout,weighted_sssp,216703,109965,0.5074456744945848,0,,,,,,,no_update,51343,21249,0.4138636230839647,0.9821202500827766,0.9670102122452822,811799910.0,269884890.0,0.3324524758816492,structure_update_dominant,compute_dominant,routed_k1_multi_partition_structural,sparse_active_channel_dramsim3_only
syn_tiny_threshold_e4097__full_pagerank,syn_tiny_threshold_e4097,synthetic,holdout,full_pagerank,626917,570591,0.9101539757256543,0,,,,,,,no_update,104821,261389,2.493670161513437,0.9763692389883707,0.9046402105673919,2295303684.0,1573478382.0,0.6855207844471006,compute_dominant,compute_dominant,routed_k1_multi_partition_structural,sparse_active_channel_dramsim3_only
syn_tiny_threshold_e4097__residual_pagerank,syn_tiny_threshold_e4097,synthetic,holdout,thresholded_residual_pagerank,14532712,13361665,0.9194199265766775,0,,,,,,,no_update,2790003,7029731,2.5196141366156235,0.9744193823447501,0.968271189893326,53481052242.0,37591416204.0,0.702892232447112,compute_dominant,compute_dominant,routed_k1_multi_partition_structural,sparse_active_channel_dramsim3_only
syn_tiny_threshold_e4097__weighted_sssp,syn_tiny_threshold_e4097,synthetic,holdout,weighted_sssp,216230,109977,0.5086112010359339,0,,,,,,,no_update,51358,21251,0.41378168931811987,0.9818528758908057,0.967107430238577,810120492.0,270051936.0,0.33334786450507414,structure_update_dominant,compute_dominant,routed_k1_multi_partition_structural,sparse_active_channel_dramsim3_only
syn_weighted_diamond_v8__full_pagerank,syn_weighted_diamond_v8,synthetic,holdout,full_pagerank,32740,438242,13.385522296884545,0,,,,,,,no_update,2162,247345,114.40564292321925,0.8866790009250693,0.9004305726818815,116547990.0,1268780352.0,10.88633405003381,compute_dominant,compute_dominant,routed_k1_multi_partition_structural,sparse_active_channel_dramsim3_only
syn_weighted_diamond_v8__residual_pagerank,syn_weighted_diamond_v8,synthetic,holdout,thresholded_residual_pagerank,694131,10801575,15.561291744641862,0,,,,,,,no_update,40312,7160486,177.6266620361183,0.8851954752927168,0.9678769010930264,2475024606.0,32119231584.0,12.97733828832892,compute_dominant,compute_dominant,routed_k1_multi_partition_structural,sparse_active_channel_dramsim3_only
syn_weighted_diamond_v8__weighted_sssp,syn_weighted_diamond_v8,synthetic,holdout,weighted_sssp,61733,201826,3.269337307436865,0,,,,,,,no_update,3973,84555,21.282406242134407,0.8985653158822049,0.9642244692803501,219582180.0,570658158.0,2.5988363809850146,compute_dominant,compute_dominant,routed_k1_multi_partition_structural,sparse_active_channel_dramsim3_only
