run_id,fixture_id,dataset_kind,role,algorithm,system,claim_class,cycles,core_mhz,simulated_ms,phase_kind,phase_cycles,compute_cycles,phase_fraction,phase_bottleneck,input_update_records,logical_update_records,physical_update_records,input_update_records_per_second,update_throughput_scope,backend_requests,backend_requests_per_cycle,dram_reads,dram_writes,dram_row_hit_rate,dram_average_read_latency,dram_average_write_latency,dram_write_latency_coverage,dram_activates,dram_precharges,active_channel_dram_energy_pj,bound_dram_channels,backend_submit_stalls,backend_response_queue_stalls,stream_push_stalls,energy_claim
real_amazon_2008_compact__full_pagerank,real_amazon_2008_compact,real_compact_slice,validation,full_pagerank,grasu_regraph,hls_equivalent_proposed_execution_driven_simulation,463709,150.0,3.0913933333333334,pma_update,1,463708,2.1565248895320125e-06,compute_dominant,0,0,0,,no_update,249794,0.5386869782557595,212848,36946,0.9003338751130932,42.49484608734872,1028.1575398115046,0.9994045363503492,24944,24941,1328266296.0,5,3297588,0,635498,sparse_active_channel_dramsim3_only
real_amazon_2008_compact__full_pagerank,real_amazon_2008_compact,real_compact_slice,validation,full_pagerank,spine,normalized_structural_simulation,197849,150.0,1.3189933333333332,maintenance,68778,129071,0.34762874717587655,compute_dominant,0,0,0,,no_update,28120,0.1421285930179076,22906,5214,0.9693100995732574,27.820309089321576,1267.545313710302,0.9904104334484082,775,773,717922584.0,8,57018,2083552,0,sparse_active_channel_dramsim3_only
real_amazon_2008_compact__residual_pagerank,real_amazon_2008_compact,real_compact_slice,validation,thresholded_residual_pagerank,grasu_regraph,hls_equivalent_proposed_execution_driven_simulation,14503424,150.0,96.68949333333333,pma_update,1,14503423,6.894923571151199e-08,compute_dominant,0,0,0,,no_update,9140405,0.6302239388436827,7501923,1638482,0.9678330445970392,31.721060053535606,742.749954683471,0.9999957277528835,294614,294608,42612670680.0,5,114398161,0,20320727,sparse_active_channel_dramsim3_only
real_amazon_2008_compact__residual_pagerank,real_amazon_2008_compact,real_compact_slice,validation,thresholded_residual_pagerank,spine,normalized_structural_simulation,3859853,150.0,25.732353333333332,maintenance,68778,3791075,0.0178188133071389,compute_dominant,0,0,0,,no_update,623542,0.16154553036087124,462682,160860,0.9698624952288699,28.4994294137226,705.7315161221707,0.9936715156036305,17376,17375,14094247290.0,8,1321792,2083552,0,sparse_active_channel_dramsim3_only
real_amazon_2008_compact__weighted_sssp,real_amazon_2008_compact,real_compact_slice,validation,weighted_sssp,grasu_regraph,hls_sw_emu_aligned_execution_driven_simulation,74199,150.0,0.49466,pma_update,1,74198,1.3477270583161498e-05,compute_dominant,0,0,0,,no_update,17674,0.23819728028679632,5386,12288,0.9641846780581645,28.224470850352766,246.9136274829046,0.9996744791666666,629,623,187542396.0,5,18995,0,31788,sparse_active_channel_dramsim3_only
real_amazon_2008_compact__weighted_sssp,real_amazon_2008_compact,real_compact_slice,validation,weighted_sssp,spine,normalized_structural_simulation,123379,150.0,0.8225266666666666,maintenance,68778,54601,0.5574530511675406,structure_update_dominant,0,0,0,,no_update,16561,0.13422867748968625,12904,3657,0.9388321961234225,27.5685833849969,1476.06230351529,0.9567951873120044,680,679,446109042.0,8,29763,2083552,0,sparse_active_channel_dramsim3_only
real_soc_flickr_und_compact__full_pagerank,real_soc_flickr_und_compact,real_compact_slice,validation,full_pagerank,grasu_regraph,hls_equivalent_proposed_execution_driven_simulation,525718,150.0,3.5047866666666665,pma_update,1,525717,1.9021604738662172e-06,compute_dominant,0,0,0,,no_update,256360,0.48763785908034346,219176,37184,0.9027305351848962,41.85207778223893,1247.2927643085866,0.9994352409638554,24987,24984,1471244142.0,5,3306954,0,635524,sparse_active_channel_dramsim3_only
real_soc_flickr_und_compact__full_pagerank,real_soc_flickr_und_compact,real_compact_slice,validation,full_pagerank,spine,normalized_structural_simulation,533693,150.0,3.5579533333333333,maintenance,168744,364949,0.31618177491554134,compute_dominant,0,0,0,,no_update,87904,0.16470892441909488,71000,16904,0.975097834000728,27.91430985915493,1037.5549753753041,0.9969829626123994,2115,2113,1952037378.0,8,296793,10657413,0,sparse_active_channel_dramsim3_only
real_soc_flickr_und_compact__residual_pagerank,real_soc_flickr_und_compact,real_compact_slice,validation,thresholded_residual_pagerank,grasu_regraph,hls_equivalent_proposed_execution_driven_simulation,15071333,150.0,100.47555333333334,pma_update,1,15071332,6.635113164840827e-08,compute_dominant,0,0,0,,no_update,8503112,0.5641911037331602,7011848,1491264,0.9680242951051333,31.455718093147485,846.3065684228596,0.9999946354233724,272405,272402,43103202168.0,5,104288667,0,18495121,sparse_active_channel_dramsim3_only
real_soc_flickr_und_compact__residual_pagerank,real_soc_flickr_und_compact,real_compact_slice,validation,thresholded_residual_pagerank,spine,normalized_structural_simulation,11283055,150.0,75.22036666666666,maintenance,168744,11114311,0.014955524013664739,compute_dominant,0,0,0,,no_update,2137370,0.18943185156856898,1510340,627030,0.9742038112259459,29.08616205622575,498.3744010579712,0.9985231966572572,53877,53876,41477829804.0,8,7623032,10657413,0,sparse_active_channel_dramsim3_only
real_soc_flickr_und_compact__weighted_sssp,real_soc_flickr_und_compact,real_compact_slice,validation,weighted_sssp,grasu_regraph,hls_sw_emu_aligned_execution_driven_simulation,283791,150.0,1.89194,pma_update,1,283790,3.5237199206458276e-06,compute_dominant,0,0,0,,no_update,78816,0.2777255092656215,29664,49152,0.9655019285424279,26.733987324703342,344.4084128696148,0.9997355143229166,2710,2708,739810110.0,5,84302,0,31970,sparse_active_channel_dramsim3_only
real_soc_flickr_und_compact__weighted_sssp,real_soc_flickr_und_compact,real_compact_slice,validation,weighted_sssp,spine,normalized_structural_simulation,281907,150.0,1.87938,maintenance,168744,113163,0.5985803828922304,structure_update_dominant,0,0,0,,no_update,47955,0.17010929136204492,37643,10312,0.9624648107600876,27.947188056212312,1085.3284628294994,0.9822536850271528,1383,1382,1033753242.0,8,126243,10657413,0,sparse_active_channel_dramsim3_only
real_web_google_compact__full_pagerank,real_web_google_compact,real_compact_slice,validation,full_pagerank,grasu_regraph,hls_equivalent_proposed_execution_driven_simulation,541597,150.0,3.610646666666667,pma_update,1,541596,1.8463913204836807e-06,compute_dominant,0,0,0,,no_update,257963,0.4763006442059317,220717,37246,0.9029434453778254,41.63378896958549,1114.6529516033734,0.9996778177522418,25101,25095,1508959524.0,5,3307932,0,635552,sparse_active_channel_dramsim3_only
real_web_google_compact__full_pagerank,real_web_google_compact,real_compact_slice,validation,full_pagerank,spine,normalized_structural_simulation,581007,150.0,3.87338,maintenance,168744,412263,0.29043367807961007,compute_dominant,0,0,0,,no_update,93820,0.1614782610192304,75437,18383,0.9749094009806012,27.850126595702374,681.782893301331,0.9972256976554426,2283,2281,2123409270.0,8,307949,10657413,0,sparse_active_channel_dramsim3_only
real_web_google_compact__residual_pagerank,real_web_google_compact,real_compact_slice,validation,thresholded_residual_pagerank,grasu_regraph,hls_equivalent_proposed_execution_driven_simulation,12993487,150.0,86.62324666666666,pma_update,1,12993486,7.696163470206266e-08,compute_dominant,0,0,0,,no_update,7139255,0.5494487353548744,5893689,1245566,0.968138832413186,31.378214561372342,881.1141254649518,0.9999943800649664,227918,227915,36944413452.0,5,87163195,0,15452602,sparse_active_channel_dramsim3_only
real_web_google_compact__residual_pagerank,real_web_google_compact,real_compact_slice,validation,thresholded_residual_pagerank,spine,normalized_structural_simulation,12322983,150.0,82.15322,maintenance,168744,12154239,0.013693437700920305,compute_dominant,0,0,0,,no_update,2281814,0.18516734138154697,1589680,692134,0.9735241347454262,29.3911177092245,512.5108012526126,0.9988744954011796,59350,59349,45256374606.0,8,7708611,10657413,0,sparse_active_channel_dramsim3_only
real_web_google_compact__weighted_sssp,real_web_google_compact,real_compact_slice,validation,weighted_sssp,grasu_regraph,hls_sw_emu_aligned_execution_driven_simulation,100158,150.0,0.66772,pma_update,1,100157,9.984224924619103e-06,compute_dominant,0,0,0,,no_update,20197,0.201651390802532,7909,12288,0.9659850472842502,26.04008092047035,246.95872679908825,0.9996744791666666,683,680,247794960.0,5,21569,0,31970,sparse_active_channel_dramsim3_only
real_web_google_compact__weighted_sssp,real_web_google_compact,real_compact_slice,validation,weighted_sssp,spine,normalized_structural_simulation,250790,150.0,1.6719333333333333,maintenance,168744,82046,0.6728497946489095,structure_update_dominant,0,0,0,,no_update,45117,0.1798995175246222,35432,9685,0.9636722299798303,28.137361706931586,843.2173273052256,0.9820340733092411,1265,1264,922371426.0,8,116873,10657413,0,sparse_active_channel_dramsim3_only
syn_chain_v64__full_pagerank,syn_chain_v64,synthetic,calibration,full_pagerank,grasu_regraph,hls_equivalent_proposed_execution_driven_simulation,441904,150.0,2.9460266666666666,pma_update,1,441903,2.2629349360947174e-06,compute_dominant,0,0,0,,no_update,247693,0.5605131431261089,210821,36872,0.9002313347571389,42.646211715151715,975.925420510038,0.9996745497938815,24776,24773,1275556050.0,5,3294990,0,635728,sparse_active_channel_dramsim3_only
syn_chain_v64__full_pagerank,syn_chain_v64,synthetic,calibration,full_pagerank,spine,normalized_structural_simulation,59161,150.0,0.3944066666666667,maintenance,16176,42985,0.2734233701255895,compute_dominant,0,0,0,,no_update,4270,0.07217592670847349,3546,724,0.935831381733021,28.08037225042301,1292.352422907489,0.9406077348066298,216,214,211007166.0,8,8534,0,0,sparse_active_channel_dramsim3_only
syn_chain_v64__residual_pagerank,syn_chain_v64,synthetic,calibration,thresholded_residual_pagerank,grasu_regraph,hls_equivalent_proposed_execution_driven_simulation,16251813,150.0,108.34542,pma_update,1,16251812,6.153159650557142e-08,compute_dominant,0,0,0,,no_update,10708638,0.6589195925402292,8775318,1933320,0.967820277424636,31.809674475614447,705.5009238061641,0.9999927585707488,345248,345244,48276982374.0,5,134931532,0,23973364,sparse_active_channel_dramsim3_only
syn_chain_v64__residual_pagerank,syn_chain_v64,synthetic,calibration,thresholded_residual_pagerank,spine,normalized_structural_simulation,1470486,150.0,9.80324,maintenance,16176,1454310,0.011000444750919084,compute_dominant,0,0,0,,no_update,110110,0.07488000565799334,91470,18640,0.9347833984197621,26.789537553296164,2154.202660092874,0.9357832618025751,5996,5995,5266814610.0,8,151857,0,0,sparse_active_channel_dramsim3_only
syn_chain_v64__weighted_sssp,syn_chain_v64,synthetic,calibration,weighted_sssp,grasu_regraph,hls_sw_emu_aligned_execution_driven_simulation,2246425,150.0,14.976166666666666,pma_update,1,2246424,4.451517410997474e-07,compute_dominant,0,0,0,,no_update,1072449,0.47740253959068296,298305,774144,0.9643666039130998,29.80843767285161,261.95120650011626,0.9999948330026455,38271,38268,6589506666.0,5,1160409,0,31788,sparse_active_channel_dramsim3_only
syn_chain_v64__weighted_sssp,syn_chain_v64,synthetic,calibration,weighted_sssp,spine,normalized_structural_simulation,615084,150.0,4.10056,maintenance,16176,598908,0.026298846986753027,compute_dominant,0,0,0,,no_update,35704,0.0580473561334712,28104,7600,0.9056968406901188,24.99501850270424,4115.15835170893,0.9547368421052631,2502,2501,2188233906.0,8,59770,0,0,sparse_active_channel_dramsim3_only
syn_dynamic_delete_fallback__dynamic_weighted_sssp,syn_dynamic_delete_fallback,synthetic,holdout,weighted_dynamic_sssp,grasu_regraph,hls_sw_emu_aligned_execution_driven_simulation,133830,150.0,0.8922,pma_update,50,133780,0.0003736083090487932,compute_dominant,1,1,1,3000000.0,input_differential_records_per_timed_update_phase,50725,0.37902562953000074,13860,36865,0.9641793987185806,29.87871572871573,249.45264843156409,0.9996473619964736,1801,1795,369068466.0,5,54886,0,0,sparse_active_channel_dramsim3_only
syn_dynamic_delete_fallback__dynamic_weighted_sssp,syn_dynamic_delete_fallback,synthetic,holdout,weighted_dynamic_sssp,spine,normalized_structural_simulation,81165,150.0,0.5411,maintenance,12709,68456,0.15658227068317623,compute_dominant,1,1,1,11802.659532614682,input_differential_records_per_timed_update_phase,8273,0.10192817100967165,3719,4554,0.9313429227607881,25.551492336649638,1101.7403092090522,0.9800175669740887,355,354,291616140.0,8,14632,0,0,sparse_active_channel_dramsim3_only
syn_dynamic_delete_fallback__full_pagerank,syn_dynamic_delete_fallback,synthetic,holdout,full_pagerank,grasu_regraph,hls_equivalent_proposed_execution_driven_simulation,438306,150.0,2.92204,pma_update,1,438305,2.2815110904254107e-06,compute_dominant,0,0,0,,no_update,247333,0.564292982528188,210467,36866,0.9002195420748546,42.65988017123825,917.5953867028494,0.9995659957684587,24753,24750,1268190630.0,5,3295501,0,603596,sparse_active_channel_dramsim3_only
syn_dynamic_delete_fallback__full_pagerank,syn_dynamic_delete_fallback,synthetic,holdout,full_pagerank,spine,normalized_structural_simulation,30975,150.0,0.2065,maintenance,5642,25333,0.18214689265536724,compute_dominant,0,0,0,,no_update,2057,0.06640839386602099,1759,298,0.8711716091395236,24.40193291642979,4063.0326530612247,0.8221476510067114,152,149,110091276.0,8,4135,0,0,sparse_active_channel_dramsim3_only
syn_dynamic_delete_fallback__residual_pagerank,syn_dynamic_delete_fallback,synthetic,holdout,thresholded_residual_pagerank,grasu_regraph,hls_equivalent_proposed_execution_driven_simulation,10665707,150.0,71.10471333333334,pma_update,1,10665706,9.375843532922853e-08,compute_dominant,0,0,0,,no_update,7069535,0.6628285401052176,5791581,1277954,0.9678942108639395,31.813403973802664,697.4403718469887,0.9999929574929927,227400,227393,31712570082.0,5,89192794,0,15826118,sparse_active_channel_dramsim3_only
syn_dynamic_delete_fallback__residual_pagerank,syn_dynamic_delete_fallback,synthetic,holdout,thresholded_residual_pagerank,spine,normalized_structural_simulation,669576,150.0,4.46384,maintenance,5642,663934,0.008426227941264323,compute_dominant,0,0,0,,no_update,38703,0.05780225097673752,35875,2828,0.8838849701573521,25.21332404181185,11849.603664921466,0.6753889674681753,3020,3018,2386908846.0,8,42644,0,0,sparse_active_channel_dramsim3_only
syn_dynamic_delete_fallback__weighted_sssp,syn_dynamic_delete_fallback,synthetic,holdout,weighted_sssp,grasu_regraph,hls_sw_emu_aligned_execution_driven_simulation,99773,150.0,0.6651533333333334,pma_update,1,99772,1.0022751646236958e-05,compute_dominant,0,0,0,,no_update,33814,0.3389093241658565,9238,24576,0.9642455787543621,29.852890235981814,249.2451148021495,0.99951171875,1199,1193,268464498.0,5,36665,0,0,sparse_active_channel_dramsim3_only
syn_dynamic_delete_fallback__weighted_sssp,syn_dynamic_delete_fallback,synthetic,holdout,weighted_sssp,spine,normalized_structural_simulation,32532,150.0,0.21688,maintenance,5642,26890,0.17342923890323375,compute_dominant,0,0,0,,no_update,2294,0.07051518504856756,1659,635,0.8897122929380994,24.525015069318865,2119.333901192504,0.9244094488188976,141,140,115665294.0,8,5298,0,0,sparse_active_channel_dramsim3_only
syn_dynamic_increase_fallback__dynamic_weighted_sssp,syn_dynamic_increase_fallback,synthetic,calibration,weighted_dynamic_sssp,grasu_regraph,hls_sw_emu_aligned_execution_driven_simulation,133845,150.0,0.8923,pma_update,67,133778,0.0005005790279801263,compute_dominant,2,2,2,4477611.940298508,input_differential_records_per_timed_update_phase,50729,0.3790130374687138,13863,36866,0.9641427980050858,29.78698694366299,251.1086024423338,0.9995659957684587,1800,1792,369070680.0,5,54941,0,0,sparse_active_channel_dramsim3_only
syn_dynamic_increase_fallback__dynamic_weighted_sssp,syn_dynamic_increase_fallback,synthetic,calibration,weighted_dynamic_sssp,spine,normalized_structural_simulation,81325,150.0,0.5421666666666667,maintenance,12714,68611,0.15633569013218568,compute_dominant,2,2,2,23596.035865974518,input_differential_records_per_timed_update_phase,8291,0.10194897018137104,3733,4558,0.9289591122904354,25.191802839539246,1092.647507858105,0.9771829749890303,355,355,292591614.0,8,14653,0,0,sparse_active_channel_dramsim3_only
syn_dynamic_increase_fallback__full_pagerank,syn_dynamic_increase_fallback,synthetic,calibration,full_pagerank,grasu_regraph,hls_equivalent_proposed_execution_driven_simulation,438306,150.0,2.92204,pma_update,1,438305,2.2815110904254107e-06,compute_dominant,0,0,0,,no_update,247333,0.564292982528188,210467,36866,0.9002195420748546,42.65988017123825,917.5953867028494,0.9995659957684587,24753,24750,1268190630.0,5,3295501,0,603596,sparse_active_channel_dramsim3_only
syn_dynamic_increase_fallback__full_pagerank,syn_dynamic_increase_fallback,synthetic,calibration,full_pagerank,spine,normalized_structural_simulation,30975,150.0,0.2065,maintenance,5642,25333,0.18214689265536724,compute_dominant,0,0,0,,no_update,2057,0.06640839386602099,1759,298,0.8711716091395236,24.40193291642979,4063.0326530612247,0.8221476510067114,152,149,110091276.0,8,4135,0,0,sparse_active_channel_dramsim3_only
syn_dynamic_increase_fallback__residual_pagerank,syn_dynamic_increase_fallback,synthetic,calibration,thresholded_residual_pagerank,grasu_regraph,hls_equivalent_proposed_execution_driven_simulation,10665707,150.0,71.10471333333334,pma_update,1,10665706,9.375843532922853e-08,compute_dominant,0,0,0,,no_update,7069535,0.6628285401052176,5791581,1277954,0.9678942108639395,31.813403973802664,697.4403718469887,0.9999929574929927,227400,227393,31712570082.0,5,89192794,0,15826118,sparse_active_channel_dramsim3_only
syn_dynamic_increase_fallback__residual_pagerank,syn_dynamic_increase_fallback,synthetic,calibration,thresholded_residual_pagerank,spine,normalized_structural_simulation,669576,150.0,4.46384,maintenance,5642,663934,0.008426227941264323,compute_dominant,0,0,0,,no_update,38703,0.05780225097673752,35875,2828,0.8838849701573521,25.21332404181185,11849.603664921466,0.6753889674681753,3020,3018,2386908846.0,8,42644,0,0,sparse_active_channel_dramsim3_only
syn_dynamic_increase_fallback__weighted_sssp,syn_dynamic_increase_fallback,synthetic,calibration,weighted_sssp,grasu_regraph,hls_sw_emu_aligned_execution_driven_simulation,99773,150.0,0.6651533333333334,pma_update,1,99772,1.0022751646236958e-05,compute_dominant,0,0,0,,no_update,33814,0.3389093241658565,9238,24576,0.9642455787543621,29.852890235981814,249.2451148021495,0.99951171875,1199,1193,268464498.0,5,36665,0,0,sparse_active_channel_dramsim3_only
syn_dynamic_increase_fallback__weighted_sssp,syn_dynamic_increase_fallback,synthetic,calibration,weighted_sssp,spine,normalized_structural_simulation,32532,150.0,0.21688,maintenance,5642,26890,0.17342923890323375,compute_dominant,0,0,0,,no_update,2294,0.07051518504856756,1659,635,0.8897122929380994,24.525015069318865,2119.333901192504,0.9244094488188976,141,140,115665294.0,8,5298,0,0,sparse_active_channel_dramsim3_only
syn_dynamic_mixed_update__dynamic_weighted_sssp,syn_dynamic_mixed_update,synthetic,holdout,weighted_dynamic_sssp,grasu_regraph,hls_sw_emu_aligned_execution_driven_simulation,133868,150.0,0.8924533333333333,pma_update,86,133782,0.0006424238802402366,compute_dominant,4,4,4,6976744.186046512,input_differential_records_per_timed_update_phase,50743,0.37905249947709685,13875,36868,0.9639162051908637,29.668324324324324,250.02463642283482,0.9996745144841055,1808,1800,369280758.0,5,54824,0,0,sparse_active_channel_dramsim3_only
syn_dynamic_mixed_update__dynamic_weighted_sssp,syn_dynamic_mixed_update,synthetic,holdout,weighted_dynamic_sssp,spine,normalized_structural_simulation,100958,150.0,0.6730533333333333,maintenance,12924,88034,0.12801362943006003,compute_dominant,4,4,4,46425.25533890436,input_differential_records_per_timed_update_phase,9403,0.09313774044652232,4611,4792,0.9282143996596831,25.977878985035783,1875.7370441458734,0.9785058430717863,441,440,362466930.0,8,16195,0,0,sparse_active_channel_dramsim3_only
syn_dynamic_mixed_update__full_pagerank,syn_dynamic_mixed_update,synthetic,holdout,full_pagerank,grasu_regraph,hls_equivalent_proposed_execution_driven_simulation,438280,150.0,2.921866666666667,pma_update,1,438279,2.281646436068267e-06,compute_dominant,0,0,0,,no_update,247339,0.5643401478506891,210473,36866,0.900173446160937,42.583785093574946,913.6417622961939,0.9998643736776434,24769,24766,1267231350.0,5,3296979,0,603474,sparse_active_channel_dramsim3_only
syn_dynamic_mixed_update__full_pagerank,syn_dynamic_mixed_update,synthetic,holdout,full_pagerank,spine,normalized_structural_simulation,31846,150.0,0.21230666666666667,maintenance,6095,25751,0.19138981347735978,compute_dominant,0,0,0,,no_update,2098,0.0658795453118131,1792,306,0.8679694947569113,25.593191964285715,4333.8452380952385,0.8235294117647058,158,158,113546208.0,8,4086,0,0,sparse_active_channel_dramsim3_only
syn_dynamic_mixed_update__residual_pagerank,syn_dynamic_mixed_update,synthetic,holdout,thresholded_residual_pagerank,grasu_regraph,hls_equivalent_proposed_execution_driven_simulation,10802040,150.0,72.0136,pma_update,1,10802039,9.25751061836468e-08,compute_dominant,0,0,0,,no_update,7160328,0.6628681249097392,5865990,1294338,0.9679115258407157,31.822271432443628,695.8209551049231,0.9999930466385133,230238,230232,32115246618.0,5,90342467,0,16029113,sparse_active_channel_dramsim3_only
syn_dynamic_mixed_update__residual_pagerank,syn_dynamic_mixed_update,synthetic,holdout,thresholded_residual_pagerank,spine,normalized_structural_simulation,686935,150.0,4.579566666666667,maintenance,6095,680840,0.008872746329710962,compute_dominant,0,0,0,,no_update,39586,0.05762699527611783,36754,2832,0.8822816147122721,24.978369701257005,9596.001542416452,0.6867937853107344,3046,3044,2449975854.0,8,43365,0,0,sparse_active_channel_dramsim3_only
syn_dynamic_mixed_update__weighted_sssp,syn_dynamic_mixed_update,synthetic,holdout,weighted_sssp,grasu_regraph,hls_sw_emu_aligned_execution_driven_simulation,167807,150.0,1.1187133333333332,pma_update,1,167806,5.959226969077572e-06,compute_dominant,0,0,0,,no_update,67636,0.4030582752805306,18484,49152,0.9642202377432136,30.08510062756979,251.68691493691495,0.999755859375,2411,2403,469714512.0,5,73328,0,0,sparse_active_channel_dramsim3_only
syn_dynamic_mixed_update__weighted_sssp,syn_dynamic_mixed_update,synthetic,holdout,weighted_sssp,spine,normalized_structural_simulation,51757,150.0,0.34504666666666667,maintenance,6095,45662,0.11776184863883146,compute_dominant,0,0,0,,no_update,3380,0.06530517611144386,2517,863,0.8988165680473372,25.56575288041319,2700.4371921182264,0.9409038238702202,225,224,184251396.0,8,6941,0,0,sparse_active_channel_dramsim3_only
syn_dynamic_shortcut_insert__dynamic_weighted_sssp,syn_dynamic_shortcut_insert,synthetic,calibration,weighted_dynamic_sssp,grasu_regraph,hls_sw_emu_aligned_execution_driven_simulation,133847,150.0,0.8923133333333333,pma_update,67,133780,0.0005005715481109027,compute_dominant,1,1,2,2238805.970149254,input_differential_records_per_timed_update_phase,50732,0.37902978774272117,13866,36866,0.9644208783410865,29.70964950237992,249.66072494438114,0.9997829978842294,1796,1788,369082452.0,5,54941,0,0,sparse_active_channel_dramsim3_only
syn_dynamic_shortcut_insert__dynamic_weighted_sssp,syn_dynamic_shortcut_insert,synthetic,calibration,weighted_dynamic_sssp,spine,normalized_structural_simulation,91663,150.0,0.6110866666666667,maintenance,4898,86765,0.05343486466731397,compute_dominant,1,1,1,30624.744793793387,input_differential_records_per_timed_update_phase,6278,0.06849001232776583,4539,1739,0.9009238611022619,23.495263273848867,3684.0469512195123,0.9430707303047728,403,402,326162040.0,8,13252,0,0,sparse_active_channel_dramsim3_only
syn_dynamic_shortcut_insert__full_pagerank,syn_dynamic_shortcut_insert,synthetic,calibration,full_pagerank,grasu_regraph,hls_equivalent_proposed_execution_driven_simulation,438322,150.0,2.9221466666666664,pma_update,1,438321,2.2814278087798467e-06,compute_dominant,0,0,0,,no_update,247336,0.5642792285123722,210470,36866,0.9003460879127988,42.73038437782107,910.973648501954,0.9995117452395161,24710,24707,1268527116.0,5,3292690,0,603675,sparse_active_channel_dramsim3_only
syn_dynamic_shortcut_insert__full_pagerank,syn_dynamic_shortcut_insert,synthetic,calibration,full_pagerank,spine,normalized_structural_simulation,31524,150.0,0.21016,maintenance,5847,25677,0.18547773125237915,compute_dominant,0,0,0,,no_update,2070,0.06566425580510088,1770,300,0.8685990338164251,23.210169491525424,4242.01646090535,0.81,152,149,111939150.0,8,4184,0,0,sparse_active_channel_dramsim3_only
syn_dynamic_shortcut_insert__residual_pagerank,syn_dynamic_shortcut_insert,synthetic,calibration,thresholded_residual_pagerank,grasu_regraph,hls_equivalent_proposed_execution_driven_simulation,10937225,150.0,72.91483333333333,pma_update,1,10937224,9.143087026188087e-08,compute_dominant,0,0,0,,no_update,7250885,0.6629547257188181,5940163,1310722,0.9678189627886803,31.83283573194877,697.3513558053463,0.9999809265427757,233764,233764,32516904072.0,5,91485644,0,16230447,sparse_active_channel_dramsim3_only
syn_dynamic_shortcut_insert__residual_pagerank,syn_dynamic_shortcut_insert,synthetic,calibration,thresholded_residual_pagerank,spine,normalized_structural_simulation,691287,150.0,4.60858,maintenance,5847,685440,0.00845813677965881,compute_dominant,0,0,0,,no_update,39844,0.057637421215790255,36968,2876,0.8853026804537697,25.009548798961262,10517.25127420999,0.6821974965229486,3117,3115,2464499238.0,8,43823,0,0,sparse_active_channel_dramsim3_only
syn_dynamic_shortcut_insert__weighted_sssp,syn_dynamic_shortcut_insert,synthetic,calibration,weighted_sssp,grasu_regraph,hls_sw_emu_aligned_execution_driven_simulation,167807,150.0,1.1187133333333332,pma_update,1,167806,5.959226969077572e-06,compute_dominant,0,0,0,,no_update,67632,0.4030344383726543,18480,49152,0.9642181215992429,30.09388528138528,252.07798127798128,0.999755859375,2411,2403,469721520.0,5,73341,0,0,sparse_active_channel_dramsim3_only
syn_dynamic_shortcut_insert__weighted_sssp,syn_dynamic_shortcut_insert,synthetic,calibration,weighted_sssp,spine,normalized_structural_simulation,51236,150.0,0.34157333333333334,maintenance,5847,45389,0.11411897884300101,compute_dominant,0,0,0,,no_update,3362,0.06561792489655711,2502,860,0.8953004164187983,23.19024780175859,2313.294191919192,0.9209302325581395,213,212,181977984.0,8,7047,0,0,sparse_active_channel_dramsim3_only
syn_gather_bank_fanin_e1024__full_pagerank,syn_gather_bank_fanin_e1024,synthetic,calibration,full_pagerank,grasu_regraph,hls_equivalent_proposed_execution_driven_simulation,1531580,150.0,10.210533333333334,pma_update,1,1531579,6.529205134566918e-07,compute_dominant,0,0,0,,no_update,357095,0.23315465075281736,316069,41026,0.9216202971198141,36.17236109836776,3261.2488298391027,0.9998537512796764,28080,28077,3804937776.0,5,3441610,0,635738,sparse_active_channel_dramsim3_only
syn_gather_bank_fanin_e1024__full_pagerank,syn_gather_bank_fanin_e1024,synthetic,calibration,full_pagerank,spine,normalized_structural_simulation,3460512,150.0,23.07008,maintenance,118647,3341865,0.03428596693206092,compute_dominant,0,0,0,,no_update,421390,0.12177099804884364,317944,103446,0.9700514962386388,28.10403089852301,1337.0368754956385,0.9995746573091274,12536,12533,12495470226.0,8,836093,1349656,0,sparse_active_channel_dramsim3_only
syn_gather_bank_fanin_e1024__residual_pagerank,syn_gather_bank_fanin_e1024,synthetic,calibration,thresholded_residual_pagerank,grasu_regraph,hls_equivalent_proposed_execution_driven_simulation,37474658,150.0,249.83105333333333,pma_update,1,37474657,2.668469983101647e-08,compute_dominant,0,0,0,,no_update,9344080,0.24934396999700437,8111118,1232962,0.9701264329928682,28.613201903855916,2625.1974806784697,0.9999910783949546,279768,279765,93447765270.0,5,88348718,0,15249334,sparse_active_channel_dramsim3_only
syn_gather_bank_fanin_e1024__residual_pagerank,syn_gather_bank_fanin_e1024,synthetic,calibration,thresholded_residual_pagerank,spine,normalized_structural_simulation,104147107,150.0,694.3140466666666,maintenance,118647,104028460,0.0011392251154897658,compute_dominant,0,0,0,,no_update,17598598,0.1689782703229577,10171588,7427010,0.9706257282540348,31.634542413632953,403.3163940077428,0.9998976707988814,515962,515960,381449431290.0,8,30073311,1349656,0,sparse_active_channel_dramsim3_only
syn_gather_bank_fanin_e1024__weighted_sssp,syn_gather_bank_fanin_e1024,synthetic,calibration,weighted_sssp,grasu_regraph,hls_sw_emu_aligned_execution_driven_simulation,825749,150.0,5.504993333333333,pma_update,1,825748,1.2110217511616727e-06,compute_dominant,0,0,0,,no_update,101442,0.1228484684813424,76866,24576,0.972151574298614,22.488291312153617,1135.5456876551752,0.9997151692708334,2822,2816,1947229362.0,5,104208,0,32188,sparse_active_channel_dramsim3_only
syn_gather_bank_fanin_e1024__weighted_sssp,syn_gather_bank_fanin_e1024,synthetic,calibration,weighted_sssp,spine,normalized_structural_simulation,374645,150.0,2.4976333333333334,maintenance,118647,255998,0.316691801572155,compute_dominant,0,0,0,,no_update,25146,0.06711953983104005,18630,6516,0.8723057345104589,27.897208803005906,5304.426655490361,0.915438919582566,2076,2075,1325109480.0,8,58180,1349656,0,sparse_active_channel_dramsim3_only
syn_hot_destination_e256__full_pagerank,syn_hot_destination_e256,synthetic,holdout,full_pagerank,grasu_regraph,hls_equivalent_proposed_execution_driven_simulation,451276,150.0,3.008506666666667,pma_update,1,451275,2.215938804633971e-06,compute_dominant,0,0,0,,no_update,248546,0.550762726136555,211648,36898,0.9006501814553443,42.49170793014817,1032.2548195547843,0.9995392704211611,24753,24750,1299581814.0,5,3295983,0,635872,sparse_active_channel_dramsim3_only
syn_hot_destination_e256__full_pagerank,syn_hot_destination_e256,synthetic,holdout,full_pagerank,spine,normalized_structural_simulation,110923,150.0,0.7394866666666666,maintenance,33255,77668,0.29980256574380426,compute_dominant,0,0,0,,no_update,9992,0.09008050629716109,8125,1867,0.9564651721377102,26.207753846153846,1768.1662110442865,0.9796464916979111,377,375,395994396.0,8,25226,0,0,sparse_active_channel_dramsim3_only
syn_hot_destination_e256__residual_pagerank,syn_hot_destination_e256,synthetic,holdout,thresholded_residual_pagerank,grasu_regraph,hls_equivalent_proposed_execution_driven_simulation,10714824,150.0,71.43216,pma_update,1,10714823,9.332864450223354e-08,compute_dominant,0,0,0,,no_update,6917453,0.6455965118979089,5672235,1245218,0.9677879994269567,31.780630562732327,722.5085552659095,0.9999839385553373,223225,223219,31672273590.0,5,86899898,0,15451783,sparse_active_channel_dramsim3_only
syn_hot_destination_e256__residual_pagerank,syn_hot_destination_e256,synthetic,holdout,thresholded_residual_pagerank,spine,normalized_structural_simulation,2110699,150.0,14.071326666666666,maintenance,33255,2077444,0.015755444049577887,compute_dominant,0,0,0,,no_update,229163,0.10857208915150858,170062,59101,0.9582480592416751,30.30916371676212,1040.0396015840633,0.9869714556437286,8789,8788,7613351748.0,8,504495,0,0,sparse_active_channel_dramsim3_only
syn_hot_destination_e256__weighted_sssp,syn_hot_destination_e256,synthetic,holdout,weighted_sssp,grasu_regraph,hls_sw_emu_aligned_execution_driven_simulation,108483,150.0,0.72322,pma_update,1,108482,9.218034162034604e-06,compute_dominant,0,0,0,,no_update,34580,0.3187596213231566,10004,24576,0.9639097744360903,28.983706517393042,258.3619566986814,0.9998372395833334,1246,1241,289475754.0,5,37347,0,31956,sparse_active_channel_dramsim3_only
syn_hot_destination_e256__weighted_sssp,syn_hot_destination_e256,synthetic,holdout,weighted_sssp,spine,normalized_structural_simulation,99063,150.0,0.66042,maintenance,33255,65808,0.3356954665213046,compute_dominant,0,0,0,,no_update,7670,0.07742547671683676,5838,1832,0.888787483702738,26.501884206920177,3283.442780107849,0.9110262008733624,528,527,351990816.0,8,17108,0,0,sparse_active_channel_dramsim3_only
syn_hot_source_e256__full_pagerank,syn_hot_source_e256,synthetic,calibration,full_pagerank,grasu_regraph,hls_equivalent_proposed_execution_driven_simulation,442948,150.0,2.952986666666667,pma_update,1,442947,2.25760134372432e-06,compute_dominant,0,0,0,,no_update,248183,0.5602982742895328,211285,36898,0.899868242385659,42.75263269990771,1021.1011412616227,0.9997560843406147,24925,24922,1279426962.0,5,3295837,0,603566,sparse_active_channel_dramsim3_only
syn_hot_source_e256__full_pagerank,syn_hot_source_e256,synthetic,calibration,full_pagerank,spine,normalized_structural_simulation,66233,150.0,0.44155333333333335,maintenance,14421,51812,0.21773134238219619,compute_dominant,0,0,0,,no_update,8315,0.12554164842299156,6740,1575,0.9569452796151533,27.892581602373888,1096.303664921466,0.9701587301587301,283,281,239716614.0,8,24846,0,0,sparse_active_channel_dramsim3_only
syn_hot_source_e256__residual_pagerank,syn_hot_source_e256,synthetic,calibration,thresholded_residual_pagerank,grasu_regraph,hls_equivalent_proposed_execution_driven_simulation,10286584,150.0,68.57722666666666,pma_update,1,10286583,9.721400223825518e-08,compute_dominant,0,0,0,,no_update,6726463,0.6539063891375407,5514013,1212450,0.9679733613341811,31.777192581881835,712.4983830141013,0.9999925770134851,215846,215842,30484432290.0,5,84620381,0,15014073,sparse_active_channel_dramsim3_only
syn_hot_source_e256__residual_pagerank,syn_hot_source_e256,synthetic,calibration,thresholded_residual_pagerank,spine,normalized_structural_simulation,1455542,150.0,9.703613333333333,maintenance,14421,1441121,0.009907649521621499,compute_dominant,0,0,0,,no_update,204529,0.14051741550570165,145961,58568,0.9615164597685414,29.071299867772897,675.6896730669434,0.987057778991941,6887,6886,5296116192.0,8,579437,0,0,sparse_active_channel_dramsim3_only
syn_hot_source_e256__weighted_sssp,syn_hot_source_e256,synthetic,calibration,weighted_sssp,grasu_regraph,hls_sw_emu_aligned_execution_driven_simulation,65771,150.0,0.4384733333333333,pma_update,1,65770,1.5204269358835962e-05,compute_dominant,0,0,0,,no_update,17169,0.2610421006218546,4881,12288,0.9644708486225173,29.200163900839993,247.35355921159797,0.9991861979166666,602,597,168295890.0,5,18648,0,0,sparse_active_channel_dramsim3_only
syn_hot_source_e256__weighted_sssp,syn_hot_source_e256,synthetic,calibration,weighted_sssp,spine,normalized_structural_simulation,34717,150.0,0.23144666666666666,maintenance,14421,20296,0.4153872742460466,compute_dominant,0,0,0,,no_update,4783,0.13777112077656478,3221,1562,0.9546309847376124,28.38217944737659,1242.0052735662491,0.971190781049936,149,148,125793438.0,8,12579,0,0,sparse_active_channel_dramsim3_only
syn_pagerank_cycle_v32__full_pagerank,syn_pagerank_cycle_v32,synthetic,calibration,full_pagerank,grasu_regraph,hls_equivalent_proposed_execution_driven_simulation,439388,150.0,2.9292533333333335,pma_update,1,439387,2.275892832758291e-06,compute_dominant,0,0,0,,no_update,247496,0.563274372536346,210628,36868,0.9002084882179914,42.61548322160397,939.6233209410871,0.9995388955191494,24751,24749,1269596598.0,5,3295347,0,635621,sparse_active_channel_dramsim3_only
syn_pagerank_cycle_v32__full_pagerank,syn_pagerank_cycle_v32,synthetic,calibration,full_pagerank,spine,normalized_structural_simulation,46141,150.0,0.30760666666666664,maintenance,11886,34255,0.25760169913959385,compute_dominant,0,0,0,,no_update,3496,0.0757677553585748,2936,560,0.9213386727688787,26.85217983651226,1607.017543859649,0.9160714285714285,198,195,164463894.0,8,6415,0,0,sparse_active_channel_dramsim3_only
syn_pagerank_cycle_v32__residual_pagerank,syn_pagerank_cycle_v32,synthetic,calibration,thresholded_residual_pagerank,grasu_regraph,hls_equivalent_proposed_execution_driven_simulation,10143505,150.0,67.62336666666667,pma_update,1,10143504,9.858525233634725e-08,compute_dominant,0,0,0,,no_update,6710922,0.6615979387795442,5498502,1212420,0.9677929500596192,31.845679605099715,700.528378624705,0.9999909272364362,216555,216552,30146273316.0,5,84630808,0,15045299,sparse_active_channel_dramsim3_only
syn_pagerank_cycle_v32__residual_pagerank,syn_pagerank_cycle_v32,synthetic,calibration,thresholded_residual_pagerank,spine,normalized_structural_simulation,877627,150.0,5.8508466666666665,maintenance,11886,865741,0.013543339026716361,compute_dominant,0,0,0,,no_update,64134,0.07307660315828934,55856,8278,0.9282128044407023,27.149097679747925,3075.213583200425,0.9089151969074656,3542,3542,3135613728.0,8,78122,0,0,sparse_active_channel_dramsim3_only
syn_pagerank_cycle_v32__weighted_sssp,syn_pagerank_cycle_v32,synthetic,calibration,weighted_sssp,grasu_regraph,hls_sw_emu_aligned_execution_driven_simulation,340853,150.0,2.2723533333333332,pma_update,1,340852,2.9338160438664173e-06,compute_dominant,0,0,0,,no_update,152640,0.44781768093576996,42048,110592,0.9643147274633124,29.850504185692543,257.7917420241626,0.9999276620370371,5451,5445,981334818.0,5,165382,0,31788,sparse_active_channel_dramsim3_only
syn_pagerank_cycle_v32__weighted_sssp,syn_pagerank_cycle_v32,synthetic,calibration,weighted_sssp,spine,normalized_structural_simulation,112523,150.0,0.7501533333333333,maintenance,11886,100637,0.1056317375114421,compute_dominant,0,0,0,,no_update,7280,0.06469788398816242,5615,1665,0.8960164835164836,25.808904719501335,3134.505523066927,0.9243243243243243,492,491,400817742.0,8,13253,0,0,sparse_active_channel_dramsim3_only
syn_pagerank_dangling_v33__full_pagerank,syn_pagerank_dangling_v33,synthetic,holdout,full_pagerank,grasu_regraph,hls_equivalent_proposed_execution_driven_simulation,439310,150.0,2.928733333333333,pma_update,1,439309,2.276296920170267e-06,compute_dominant,0,0,0,,no_update,247500,0.5633834877421411,210630,36870,0.9007151515151515,42.60543607273418,939.9186696326841,0.9997830214266341,24638,24634,1271676894.0,5,3290825,0,635336,sparse_active_channel_dramsim3_only
syn_pagerank_dangling_v33__full_pagerank,syn_pagerank_dangling_v33,synthetic,holdout,full_pagerank,spine,normalized_structural_simulation,44634,150.0,0.29756,maintenance,10872,33762,0.2435811264954967,compute_dominant,0,0,0,,no_update,3207,0.07185105524936147,2692,515,0.9251637043966323,26.38112927191679,1804.9832285115303,0.9262135922330097,190,190,159114096.0,8,6134,0,0,sparse_active_channel_dramsim3_only
syn_pagerank_dangling_v33__residual_pagerank,syn_pagerank_dangling_v33,synthetic,holdout,thresholded_residual_pagerank,grasu_regraph,hls_equivalent_proposed_execution_driven_simulation,11919380,150.0,79.46253333333334,pma_update,1,11919379,8.389698121882179e-08,compute_dominant,0,0,0,,no_update,7889871,0.6619363591059266,6464457,1425414,0.9678874344079896,31.81323241843824,701.2986435973925,0.9999817596852564,253827,253827,35441380740.0,5,99471649,0,17683898,sparse_active_channel_dramsim3_only
syn_pagerank_dangling_v33__residual_pagerank,syn_pagerank_dangling_v33,synthetic,holdout,thresholded_residual_pagerank,spine,normalized_structural_simulation,971975,150.0,6.479833333333334,maintenance,10872,961103,0.011185472877388821,compute_dominant,0,0,0,,no_update,67628,0.06957792124283033,58547,9081,0.9257999645117407,25.934975318974498,3303.762538133008,0.9024336526814227,4132,4131,3476461626.0,8,83289,0,0,sparse_active_channel_dramsim3_only
syn_pagerank_dangling_v33__weighted_sssp,syn_pagerank_dangling_v33,synthetic,holdout,weighted_sssp,grasu_regraph,hls_sw_emu_aligned_execution_driven_simulation,1096141,150.0,7.307606666666667,pma_update,1,1096140,9.122913931693094e-07,compute_dominant,0,0,0,,no_update,525760,0.4796463228726961,144832,380928,0.9643620663420572,29.91099342686699,256.12698008495266,0.9999737483198925,18758,18750,3215229660.0,5,569100,0,31788,sparse_active_channel_dramsim3_only
syn_pagerank_dangling_v33__weighted_sssp,syn_pagerank_dangling_v33,synthetic,holdout,weighted_sssp,spine,normalized_structural_simulation,309511,150.0,2.063406666666667,maintenance,10872,298639,0.035126376768515495,compute_dominant,0,0,0,,no_update,18292,0.05909967658661566,14326,3966,0.9098513011152416,25.03908976685746,3828.6665785997357,0.9543620776601109,1248,1247,1101114438.0,8,31263,0,0,sparse_active_channel_dramsim3_only
syn_residual_frontier_tree_v127__full_pagerank,syn_residual_frontier_tree_v127,synthetic,calibration,full_pagerank,grasu_regraph,hls_equivalent_proposed_execution_driven_simulation,443903,150.0,2.9593533333333335,pma_update,1,443902,2.252744405872454e-06,compute_dominant,0,0,0,,no_update,247898,0.5584508327269696,211018,36880,0.9003219065906138,42.608687410552655,1018.8996392437681,0.9996475054229935,24776,24771,1280412174.0,5,3294202,0,635480,sparse_active_channel_dramsim3_only
syn_residual_frontier_tree_v127__full_pagerank,syn_residual_frontier_tree_v127,synthetic,calibration,full_pagerank,spine,normalized_structural_simulation,68721,150.0,0.45814,maintenance,18435,50286,0.26825861090496356,compute_dominant,0,0,0,,no_update,5853,0.08517047190815034,4806,1047,0.9460105928583632,28.270911360799,1561.739780658026,0.9579751671442216,247,245,245419554.0,8,10649,0,0,sparse_active_channel_dramsim3_only
syn_residual_frontier_tree_v127__residual_pagerank,syn_residual_frontier_tree_v127,synthetic,calibration,thresholded_residual_pagerank,grasu_regraph,hls_equivalent_proposed_execution_driven_simulation,11358916,150.0,75.72610666666667,pma_update,1,11358915,8.803656968675532e-08,compute_dominant,0,0,0,,no_update,7446788,0.6555896707044933,6103284,1343504,0.9678308285397678,31.7798617924383,712.2392804162861,0.9999962783884528,239960,239956,33700275126.0,5,93777435,0,16669237,sparse_active_channel_dramsim3_only
syn_residual_frontier_tree_v127__residual_pagerank,syn_residual_frontier_tree_v127,synthetic,calibration,thresholded_residual_pagerank,spine,normalized_structural_simulation,1422274,150.0,9.481826666666667,maintenance,18435,1403839,0.012961637490385116,compute_dominant,0,0,0,,no_update,136067,0.0956686264390687,104931,31136,0.9520897792999037,27.353822988440022,1268.9829042904291,0.9731500513874615,5681,5680,5112136272.0,8,193421,0,0,sparse_active_channel_dramsim3_only
syn_residual_frontier_tree_v127__weighted_sssp,syn_residual_frontier_tree_v127,synthetic,calibration,weighted_sssp,grasu_regraph,hls_sw_emu_aligned_execution_driven_simulation,246776,150.0,1.6451733333333334,pma_update,1,246775,4.052257918111972e-06,compute_dominant,0,0,0,,no_update,102516,0.4154212727331669,28788,73728,0.9642885013071131,29.55731554814506,259.9282623146528,0.9997965494791666,3652,3644,697608366.0,5,110963,0,31788,sparse_active_channel_dramsim3_only
syn_residual_frontier_tree_v127__weighted_sssp,syn_residual_frontier_tree_v127,synthetic,calibration,weighted_sssp,spine,normalized_structural_simulation,100819,150.0,0.6721266666666667,maintenance,18435,82384,0.18285243852845198,compute_dominant,0,0,0,,no_update,7242,0.07183169839018438,5481,1761,0.9012703673018503,27.981025360335707,4534.673780487805,0.9312890403180011,435,434,359083572.0,8,13418,0,0,sparse_active_channel_dramsim3_only
syn_residual_skew_hub_v257__full_pagerank,syn_residual_skew_hub_v257,synthetic,holdout,full_pagerank,grasu_regraph,hls_equivalent_proposed_execution_driven_simulation,457319,150.0,3.0487933333333332,pma_update,1,457318,2.1866574535499293e-06,compute_dominant,0,0,0,,no_update,248951,0.5443705597187084,212053,36898,0.9002775646613189,42.474013572078675,1025.6836126023534,0.9995663721610928,24877,24874,1313272428.0,5,3297109,0,635755,sparse_active_channel_dramsim3_only
syn_residual_skew_hub_v257__full_pagerank,syn_residual_skew_hub_v257,synthetic,holdout,full_pagerank,spine,normalized_structural_simulation,168986,150.0,1.1265733333333334,maintenance,61709,107277,0.36517226279100046,compute_dominant,0,0,0,,no_update,15028,0.08893044394210171,12326,2702,0.9590763907372903,27.56579587863054,923.3464003015454,0.9818652849740933,549,547,601764222.0,8,44873,5957,0,sparse_active_channel_dramsim3_only
syn_residual_skew_hub_v257__residual_pagerank,syn_residual_skew_hub_v257,synthetic,holdout,thresholded_residual_pagerank,grasu_regraph,hls_equivalent_proposed_execution_driven_simulation,10579213,150.0,70.52808666666667,pma_update,1,10579212,9.452498971331799e-08,compute_dominant,0,0,0,,no_update,6745407,0.6376095272871432,5532957,1212450,0.9676262677700544,31.789224821374898,735.0758060006417,0.9999892779083673,218793,218793,31198123926.0,5,84644316,0,15045679,sparse_active_channel_dramsim3_only
syn_residual_skew_hub_v257__residual_pagerank,syn_residual_skew_hub_v257,synthetic,holdout,thresholded_residual_pagerank,spine,normalized_structural_simulation,2379206,150.0,15.861373333333333,maintenance,61709,2317497,0.02593680412709114,compute_dominant,0,0,0,,no_update,243860,0.10249637904410126,192901,50959,0.9558558189124908,27.683205374777735,1268.8533038506744,0.9850860495692616,9768,9767,8563522512.0,8,700183,5957,0,sparse_active_channel_dramsim3_only
syn_residual_skew_hub_v257__weighted_sssp,syn_residual_skew_hub_v257,synthetic,holdout,weighted_sssp,grasu_regraph,hls_sw_emu_aligned_execution_driven_simulation,72382,150.0,0.4825466666666667,pma_update,1,72381,1.3815589511204443e-05,compute_dominant,0,0,0,,no_update,17425,0.2407366472327374,5137,12288,0.9629842180774749,28.817792485886706,246.08190181551737,0.9995930989583334,642,636,183714672.0,5,18867,0,32127,sparse_active_channel_dramsim3_only
syn_residual_skew_hub_v257__weighted_sssp,syn_residual_skew_hub_v257,synthetic,holdout,weighted_sssp,spine,normalized_structural_simulation,158740,150.0,1.0582666666666667,maintenance,61709,97031,0.3887425979589266,compute_dominant,0,0,0,,no_update,12648,0.07967745999748016,9703,2945,0.881404174573055,27.433783365969287,2110.6323917137474,0.9015280135823429,899,898,563955828.0,8,29597,5957,0,sparse_active_channel_dramsim3_only
syn_source_window_e4095__full_pagerank,syn_source_window_e4095,synthetic,calibration,full_pagerank,grasu_regraph,hls_equivalent_proposed_execution_driven_simulation,891819,150.0,5.94546,pma_update,1,891818,1.1213037623105137e-06,compute_dominant,0,0,0,,no_update,286202,0.3209193793807936,248314,37888,0.903054485992411,39.82853564438574,2081.7212396388786,0.9998416385135135,27817,27814,2349043878.0,5,3341228,0,635212,sparse_active_channel_dramsim3_only
syn_source_window_e4095__full_pagerank,syn_source_window_e4095,synthetic,calibration,full_pagerank,spine,normalized_structural_simulation,2753865,150.0,18.3591,maintenance,769857,1984008,0.2795550980167873,compute_dominant,0,0,0,,no_update,207516,0.07535445637313376,164655,42861,0.7032132462075213,42.93360055874404,1734.3228857696708,0.9989734257250181,62016,62015,9817735848.0,8,572107,15432023,0,sparse_active_channel_dramsim3_only
syn_source_window_e4095__residual_pagerank,syn_source_window_e4095,synthetic,calibration,thresholded_residual_pagerank,grasu_regraph,hls_equivalent_proposed_execution_driven_simulation,21854458,150.0,145.69638666666665,pma_update,1,21854457,4.5757254652574775e-08,compute_dominant,0,0,0,,no_update,7823720,0.3579919483704423,6577512,1246208,0.9625473559892225,30.609638264437983,1521.632826028692,0.9999887659202958,293601,293597,58158307134.0,5,87875914,0,15451723,sparse_active_channel_dramsim3_only
syn_source_window_e4095__residual_pagerank,syn_source_window_e4095,synthetic,calibration,thresholded_residual_pagerank,spine,normalized_structural_simulation,57174654,150.0,381.16436,maintenance,769857,56404797,0.013465004965312078,compute_dominant,0,0,0,,no_update,5717715,0.10000436557079996,3863915,1853800,0.6304707387479089,55.992871737602925,875.4131186431714,0.999583018664365,2123596,2123595,206660349264.0,8,12998670,15432023,0,sparse_active_channel_dramsim3_only
syn_source_window_e4095__weighted_sssp,syn_source_window_e4095,synthetic,calibration,weighted_sssp,grasu_regraph,hls_sw_emu_aligned_execution_driven_simulation,216589,150.0,1.4439266666666666,pma_update,1,216588,4.617039646519445e-06,compute_dominant,0,0,0,,no_update,29182,0.13473445096473044,16894,12288,0.9471249400315263,24.928850479460163,246.15047634557448,0.9994303385416666,1541,1538,526582368.0,5,30589,0,31788,sparse_active_channel_dramsim3_only
syn_source_window_e4095__weighted_sssp,syn_source_window_e4095,synthetic,calibration,weighted_sssp,spine,normalized_structural_simulation,1663703,150.0,11.091353333333334,maintenance,769857,893846,0.4627370390027547,balanced,0,0,0,,no_update,104757,0.06296616643715855,82127,22630,0.864018633599664,26.316120155369124,5330.231284433402,0.8181175430844012,6017,6016,5868381702.0,8,209110,15432023,0,sparse_active_channel_dramsim3_only
syn_source_window_e4096__full_pagerank,syn_source_window_e4096,synthetic,holdout,full_pagerank,grasu_regraph,hls_equivalent_proposed_execution_driven_simulation,891927,150.0,5.94618,pma_update,1,891926,1.1211679879631404e-06,compute_dominant,0,0,0,,no_update,286215,0.32089509567487023,248325,37890,0.9031078035742361,39.87376623376623,1175.8462756691126,0.9998944312483505,27832,27827,2349007194.0,5,3341620,0,635420,sparse_active_channel_dramsim3_only
syn_source_window_e4096__full_pagerank,syn_source_window_e4096,synthetic,holdout,full_pagerank,spine,normalized_structural_simulation,2483233,150.0,16.55488666666667,maintenance,770018,1713215,0.3100868907589421,compute_dominant,0,0,0,,no_update,207566,0.083587001300321,164695,42871,0.9479490860738271,28.06425210237105,612.7079780399486,0.9984604977723869,10731,10731,8840178042.0,8,570122,15432525,0,sparse_active_channel_dramsim3_only
syn_source_window_e4096__residual_pagerank,syn_source_window_e4096,synthetic,holdout,thresholded_residual_pagerank,grasu_regraph,hls_equivalent_proposed_execution_driven_simulation,21858052,150.0,145.72034666666667,pma_update,1,21858051,4.574973103733123e-08,compute_dominant,0,0,0,,no_update,7823953,0.3579437453987208,6577743,1246210,0.9625524335332791,30.620818873586273,1396.9971545292817,0.9999847537734411,293537,293537,58173510894.0,5,87832387,0,15451860,sparse_active_channel_dramsim3_only
syn_source_window_e4096__residual_pagerank,syn_source_window_e4096,synthetic,holdout,thresholded_residual_pagerank,spine,normalized_structural_simulation,48197117,150.0,321.31411333333335,maintenance,770018,47427099,0.01597643278123876,compute_dominant,0,0,0,,no_update,5719579,0.11867056280565495,3865327,1854252,0.9512904708545856,30.211616766188218,789.6270108936388,0.9995766486971566,278149,278147,174151115808.0,8,13000683,15432525,0,sparse_active_channel_dramsim3_only
syn_source_window_e4096__weighted_sssp,syn_source_window_e4096,synthetic,holdout,weighted_sssp,grasu_regraph,hls_sw_emu_aligned_execution_driven_simulation,216620,150.0,1.4441333333333333,pma_update,1,216619,4.6163789123811285e-06,compute_dominant,0,0,0,,no_update,29185,0.13472901855784322,16897,12288,0.9472674318999486,24.958276617150972,247.58619566986815,0.9998372395833334,1544,1541,526662048.0,5,30639,0,31788,sparse_active_channel_dramsim3_only
syn_source_window_e4096__weighted_sssp,syn_source_window_e4096,synthetic,holdout,weighted_sssp,spine,normalized_structural_simulation,1664128,150.0,11.094186666666667,maintenance,770018,894110,0.4627156084147373,balanced,0,0,0,,no_update,104781,0.0629645075378817,82146,22635,0.8640688674473426,26.349706619920628,4884.124514248705,0.8185553346587143,6033,6032,5869611792.0,8,209106,15432525,0,sparse_active_channel_dramsim3_only
syn_source_window_e4097__full_pagerank,syn_source_window_e4097,synthetic,holdout,full_pagerank,grasu_regraph,hls_equivalent_proposed_execution_driven_simulation,892329,150.0,5.94886,pma_update,1,892328,1.1206628945153636e-06,compute_dominant,0,0,0,,no_update,286992,0.32162128542275326,249102,37890,0.903770836817751,39.75876950004416,1489.4961193241816,0.9997360781208762,27700,27697,2350499706.0,5,3342448,0,635463,sparse_active_channel_dramsim3_only
syn_source_window_e4097__full_pagerank,syn_source_window_e4097,synthetic,holdout,full_pagerank,spine,normalized_structural_simulation,2484446,150.0,16.562973333333332,maintenance,770604,1713842,0.31017136214673213,compute_dominant,0,0,0,,no_update,207645,0.08357798881521272,164753,42892,0.948070023357172,28.01153848488343,1648.8367251680359,0.9989741676769561,10719,10716,8844629172.0,8,570046,15436898,0,sparse_active_channel_dramsim3_only
syn_source_window_e4097__residual_pagerank,syn_source_window_e4097,synthetic,holdout,thresholded_residual_pagerank,grasu_regraph,hls_equivalent_proposed_execution_driven_simulation,21863132,150.0,145.75421333333333,pma_update,1,21863131,4.573910087539151e-08,compute_dominant,0,0,0,,no_update,7843637,0.3587609039729532,6597427,1246210,0.9625620104550988,30.607381028998123,1397.2260523332,0.9999975927010697,294267,294263,58209929568.0,5,87884019,0,15452802,sparse_active_channel_dramsim3_only
syn_source_window_e4097__residual_pagerank,syn_source_window_e4097,synthetic,holdout,thresholded_residual_pagerank,spine,normalized_structural_simulation,47922566,150.0,319.4837733333333,maintenance,770604,47151962,0.016080190697635013,compute_dominant,0,0,0,,no_update,5681607,0.11855807136871593,3842798,1838809,0.9512182028781646,30.19426391915474,792.0105390181973,0.9995747247267117,276911,276911,173159932716.0,8,12958610,15436898,0,sparse_active_channel_dramsim3_only
syn_source_window_e4097__weighted_sssp,syn_source_window_e4097,synthetic,holdout,weighted_sssp,grasu_regraph,hls_sw_emu_aligned_execution_driven_simulation,216726,150.0,1.44484,pma_update,1,216725,4.614121056080027e-06,compute_dominant,0,0,0,,no_update,29444,0.13585818037522032,17156,12288,0.9470859937508491,25.08615061785964,246.05161605470977,0.9995930989583334,1560,1555,527210154.0,5,30894,0,31788,sparse_active_channel_dramsim3_only
syn_source_window_e4097__weighted_sssp,syn_source_window_e4097,synthetic,holdout,weighted_sssp,spine,normalized_structural_simulation,1499703,150.0,9.99802,maintenance,770604,729099,0.5138377398724947,balanced,0,0,0,,no_update,109072,0.07272906702193702,78120,30952,0.8717819422033153,27.305235535074246,2765.5538547486035,0.8674722150426467,5804,5803,5299343118.0,8,387172,15436898,0,sparse_active_channel_dramsim3_only
syn_spread_e512__full_pagerank,syn_spread_e512,synthetic,calibration,full_pagerank,grasu_regraph,hls_equivalent_proposed_execution_driven_simulation,456844,150.0,3.0456266666666667,pma_update,1,456843,2.1889310136501737e-06,compute_dominant,0,0,0,,no_update,248896,0.5448161735734737,212000,36896,0.8999983929030599,42.717830188679244,1052.8174276108882,0.9996747614917606,24969,24963,1312744278.0,5,3294605,0,635415,sparse_active_channel_dramsim3_only
syn_spread_e512__full_pagerank,syn_spread_e512,synthetic,calibration,full_pagerank,spine,normalized_structural_simulation,167377,150.0,1.1158466666666667,maintenance,59907,107470,0.35791655962288726,compute_dominant,0,0,0,,no_update,14977,0.08948063353985315,12288,2689,0.961073646257595,27.127197265625,1298.804298642534,0.9862402380066939,532,530,596446182.0,8,33479,5934,0,sparse_active_channel_dramsim3_only
syn_spread_e512__residual_pagerank,syn_spread_e512,synthetic,calibration,thresholded_residual_pagerank,grasu_regraph,hls_equivalent_proposed_execution_driven_simulation,15276792,150.0,101.84528,pma_update,1,15276791,6.545876909235918e-08,compute_dominant,0,0,0,,no_update,9751632,0.6383298273616608,7998512,1753120,0.9676668479696526,31.77575404025149,733.6843008026942,0.9999863101213836,315891,315887,45070242876.0,5,122400332,0,21743034,sparse_active_channel_dramsim3_only
syn_spread_e512__residual_pagerank,syn_spread_e512,synthetic,calibration,thresholded_residual_pagerank,spine,normalized_structural_simulation,3185021,150.0,21.233473333333333,maintenance,59907,3125114,0.01880898116527332,compute_dominant,0,0,0,,no_update,325018,0.10204579498847888,256439,68579,0.9573408242005058,27.56679366243044,1174.5128368468615,0.9842809023170358,12791,12790,11464044714.0,8,644560,5934,0,sparse_active_channel_dramsim3_only
syn_spread_e512__weighted_sssp,syn_spread_e512,synthetic,calibration,weighted_sssp,grasu_regraph,hls_sw_emu_aligned_execution_driven_simulation,553893,150.0,3.69262,pma_update,1,553892,1.8054028485646144e-06,compute_dominant,0,0,0,,no_update,226304,0.40856988624156654,66560,159744,0.9633899533371041,29.383653846153845,283.77246888538303,0.9999248798076923,8289,8281,1569687138.0,5,244576,0,31788,sparse_active_channel_dramsim3_only
syn_spread_e512__weighted_sssp,syn_spread_e512,synthetic,calibration,weighted_sssp,spine,normalized_structural_simulation,279249,150.0,1.86166,maintenance,59907,219342,0.2145289687698076,compute_dominant,0,0,0,,no_update,20634,0.07389104347732668,16222,4412,0.8974508093438015,26.17174207865861,4267.124446630595,0.9215775158658205,1382,1381,993700410.0,8,36563,5934,0,sparse_active_channel_dramsim3_only
syn_tiny_threshold_e4095__full_pagerank,syn_tiny_threshold_e4095,synthetic,calibration,full_pagerank,grasu_regraph,hls_equivalent_proposed_execution_driven_simulation,570595,150.0,3.8039666666666667,pma_update,1,570594,1.7525565418554317e-06,compute_dominant,0,0,0,,no_update,261376,0.4580762186840053,224000,37376,0.9046431194906954,41.44482142857143,1207.7862838488709,0.9998929794520548,24996,24993,1574188866.0,5,3312068,0,635771,sparse_active_channel_dramsim3_only
syn_tiny_threshold_e4095__full_pagerank,syn_tiny_threshold_e4095,synthetic,calibration,full_pagerank,spine,normalized_structural_simulation,714677,150.0,4.764513333333333,maintenance,150691,563986,0.2108518953317373,compute_dominant,0,0,0,,no_update,104770,0.14659769378334547,83520,21250,0.8280041996754797,37.723958333333336,921.1726316782194,0.9979764705882352,18128,18126,2611674462.0,8,344542,10562953,0,sparse_active_channel_dramsim3_only
syn_tiny_threshold_e4095__residual_pagerank,syn_tiny_threshold_e4095,synthetic,calibration,thresholded_residual_pagerank,grasu_regraph,hls_equivalent_proposed_execution_driven_simulation,13359882,150.0,89.06588,pma_update,1,13359881,7.485096050998055e-08,compute_dominant,0,0,0,,no_update,7029504,0.5261651263087503,5816576,1212928,0.9683414363232455,31.30084176670261,923.5401719168415,0.999986808780076,223040,223036,37592871384.0,5,84956330,0,15046145,sparse_active_channel_dramsim3_only
syn_tiny_threshold_e4095__residual_pagerank,syn_tiny_threshold_e4095,synthetic,calibration,thresholded_residual_pagerank,spine,normalized_structural_simulation,17083174,150.0,113.88782666666667,maintenance,150691,16932483,0.00882101885750271,compute_dominant,0,0,0,,no_update,2788656,0.16323992251088704,1869672,918984,0.7693989506055964,42.30157161256092,549.2846292825459,0.9991827931715895,641923,641922,62888135718.0,8,8976465,10562953,0,sparse_active_channel_dramsim3_only
syn_tiny_threshold_e4095__weighted_sssp,syn_tiny_threshold_e4095,synthetic,calibration,weighted_sssp,grasu_regraph,hls_sw_emu_aligned_execution_driven_simulation,109953,150.0,0.73302,pma_update,1,109952,9.094795048793576e-06,compute_dominant,0,0,0,,no_update,21248,0.19324620519676589,8960,12288,0.9670086596385542,25.412611607142857,247.85770107456855,0.9996744791666666,697,688,269863128.0,5,22603,0,32188,sparse_active_channel_dramsim3_only
syn_tiny_threshold_e4095__weighted_sssp,syn_tiny_threshold_e4095,synthetic,calibration,weighted_sssp,spine,normalized_structural_simulation,216309,150.0,1.44206,maintenance,150691,65618,0.6966469263877139,structure_update_dominant,0,0,0,,no_update,51331,0.23730404190301838,33933,17398,0.9822329586409771,28.700232811717207,520.9775921658986,0.997815840901253,857,856,810322398.0,8,139213,10562953,0,sparse_active_channel_dramsim3_only
syn_tiny_threshold_e4096__full_pagerank,syn_tiny_threshold_e4096,synthetic,holdout,full_pagerank,grasu_regraph,hls_equivalent_proposed_execution_driven_simulation,570682,150.0,3.8045466666666665,pma_update,1,570681,1.7522893660567532e-06,compute_dominant,0,0,0,,no_update,261383,0.4580186513680123,224005,37378,0.9037351319710922,41.359491975625545,1194.431209850107,0.9995184333030125,25213,25210,1575905886.0,5,3312783,0,635942,sparse_active_channel_dramsim3_only
syn_tiny_threshold_e4096__full_pagerank,syn_tiny_threshold_e4096,synthetic,holdout,full_pagerank,spine,normalized_structural_simulation,627217,150.0,4.181446666666667,maintenance,150717,476500,0.24029482619252987,compute_dominant,0,0,0,,no_update,104795,0.16707933617870688,83540,21255,0.9764683429552937,28.857876466363418,1299.1125724791402,0.9980239943542696,2411,2408,2296177350.0,8,344971,10566272,0,sparse_active_channel_dramsim3_only
syn_tiny_threshold_e4096__residual_pagerank,syn_tiny_threshold_e4096,synthetic,holdout,thresholded_residual_pagerank,grasu_regraph,hls_equivalent_proposed_execution_driven_simulation,13360010,150.0,89.06673333333333,pma_update,1,13360009,7.485024337556634e-08,compute_dominant,0,0,0,,no_update,7029583,0.5261659983787438,5816653,1212930,0.968279341747583,31.298438638165283,907.2883023858245,0.999986808801827,223427,223423,37595762178.0,5,84937164,0,15044865,sparse_active_channel_dramsim3_only
syn_tiny_threshold_e4096__residual_pagerank,syn_tiny_threshold_e4096,synthetic,holdout,thresholded_residual_pagerank,spine,normalized_structural_simulation,14529325,150.0,96.86216666666667,maintenance,150717,14378608,0.010373296763614277,compute_dominant,0,0,0,,no_update,2789329,0.1919792557465677,1870121,919208,0.974452637175464,30.880657454785013,453.1247012659248,0.9991851681012349,70524,70522,53466494784.0,8,8977523,10566272,0,sparse_active_channel_dramsim3_only
syn_tiny_threshold_e4096__weighted_sssp,syn_tiny_threshold_e4096,synthetic,holdout,weighted_sssp,grasu_regraph,hls_sw_emu_aligned_execution_driven_simulation,109965,150.0,0.7331,pma_update,1,109964,9.093802573546129e-06,compute_dominant,0,0,0,,no_update,21249,0.19323421088528167,8961,12288,0.9670102122452822,25.471264367816094,245.98005373280142,0.9995930989583334,698,689,269884890.0,5,22683,0,32188,sparse_active_channel_dramsim3_only
syn_tiny_threshold_e4096__weighted_sssp,syn_tiny_threshold_e4096,synthetic,holdout,weighted_sssp,spine,normalized_structural_simulation,216703,150.0,1.4446866666666667,maintenance,150717,65986,0.6955002930277846,structure_update_dominant,0,0,0,,no_update,51343,0.23692796131110322,33941,17402,0.9821202500827766,28.75922925075867,520.951146445443,0.9974715549936789,861,860,811799910.0,8,139087,10566272,0,sparse_active_channel_dramsim3_only
syn_tiny_threshold_e4097__full_pagerank,syn_tiny_threshold_e4097,synthetic,holdout,full_pagerank,grasu_regraph,hls_equivalent_proposed_execution_driven_simulation,570591,150.0,3.80394,pma_update,1,570590,1.7525688277592882e-06,compute_dominant,0,0,0,,no_update,261389,0.45810221331917256,224011,37378,0.9046402105673919,41.12448495832794,1259.6496186270574,0.9996522018299534,24975,24972,1573478382.0,5,3311500,0,635552,sparse_active_channel_dramsim3_only
syn_tiny_threshold_e4097__full_pagerank,syn_tiny_threshold_e4097,synthetic,holdout,full_pagerank,spine,normalized_structural_simulation,626917,150.0,4.179446666666666,maintenance,150778,476139,0.2405071165720502,compute_dominant,0,0,0,,no_update,104821,0.16720076182333546,83560,21261,0.9763692389883707,28.760770703685974,597.8915236658495,0.9976953106627158,2410,2407,2295303684.0,8,345396,10569306,0,sparse_active_channel_dramsim3_only
syn_tiny_threshold_e4097__residual_pagerank,syn_tiny_threshold_e4097,synthetic,holdout,thresholded_residual_pagerank,grasu_regraph,hls_equivalent_proposed_execution_driven_simulation,13361665,150.0,89.07776666666666,pma_update,1,13361664,7.48409722890074e-08,compute_dominant,0,0,0,,no_update,7029731,0.5261119029701763,5816801,1212930,0.968271189893326,31.286762431790258,909.4093666909882,0.9999876332517128,223471,223467,37591416204.0,5,84969855,0,15046140,sparse_active_channel_dramsim3_only
syn_tiny_threshold_e4097__residual_pagerank,syn_tiny_threshold_e4097,synthetic,holdout,thresholded_residual_pagerank,spine,normalized_structural_simulation,14532712,150.0,96.88474666666667,maintenance,150778,14381934,0.010375076585843027,compute_dominant,0,0,0,,no_update,2790003,0.1919808911096566,1870570,919433,0.9744193823447501,30.86721373698926,434.04868512287754,0.9991799293695136,70552,70550,53481052242.0,8,8982302,10569306,0,sparse_active_channel_dramsim3_only
syn_tiny_threshold_e4097__weighted_sssp,syn_tiny_threshold_e4097,synthetic,holdout,weighted_sssp,grasu_regraph,hls_sw_emu_aligned_execution_driven_simulation,109977,150.0,0.73318,pma_update,1,109976,9.092810314884022e-06,compute_dominant,0,0,0,,no_update,21251,0.19323131200160035,8963,12288,0.967107430238577,25.584402543791143,247.0680726325218,0.9994303385416666,696,696,270051936.0,5,22687,0,32188,sparse_active_channel_dramsim3_only
syn_tiny_threshold_e4097__weighted_sssp,syn_tiny_threshold_e4097,synthetic,holdout,weighted_sssp,spine,normalized_structural_simulation,216230,150.0,1.4415333333333333,maintenance,150778,65452,0.6973037968829487,structure_update_dominant,0,0,0,,no_update,51358,0.23751560837996577,33950,17408,0.9818528758908057,29.431281296023563,462.0920711694593,0.9976447610294118,869,868,810120492.0,8,179627,10569306,0,sparse_active_channel_dramsim3_only
syn_weighted_diamond_v8__full_pagerank,syn_weighted_diamond_v8,synthetic,holdout,full_pagerank,grasu_regraph,hls_equivalent_proposed_execution_driven_simulation,438242,150.0,2.921613333333333,pma_update,1,438241,2.2818442778191045e-06,compute_dominant,0,0,0,,no_update,247345,0.5644027728971664,210479,36866,0.9004305726818815,42.65124311689052,928.8173233474438,0.9996202462974014,24696,24693,1268780352.0,5,3293541,0,603396,sparse_active_channel_dramsim3_only
syn_weighted_diamond_v8__full_pagerank,syn_weighted_diamond_v8,synthetic,holdout,full_pagerank,spine,normalized_structural_simulation,32740,150.0,0.21826666666666666,maintenance,6390,26350,0.19517409896151497,compute_dominant,0,0,0,,no_update,2162,0.06603543066585217,1846,316,0.8866790009250693,26.052004333694473,5704.581481481481,0.8544303797468354,161,158,116547990.0,8,4300,0,0,sparse_active_channel_dramsim3_only
syn_weighted_diamond_v8__residual_pagerank,syn_weighted_diamond_v8,synthetic,holdout,thresholded_residual_pagerank,grasu_regraph,hls_equivalent_proposed_execution_driven_simulation,10801575,150.0,72.0105,pma_update,1,10801574,9.257909147508581e-08,compute_dominant,0,0,0,,no_update,7160486,0.6629112884000713,5866148,1294338,0.9678769010930264,31.820853480000846,698.2477034379283,0.999990728851351,230426,230423,32119231584.0,5,90327254,0,16027851,sparse_active_channel_dramsim3_only
syn_weighted_diamond_v8__residual_pagerank,syn_weighted_diamond_v8,synthetic,holdout,thresholded_residual_pagerank,spine,normalized_structural_simulation,694131,150.0,4.62754,maintenance,6390,687741,0.009205755109626282,compute_dominant,0,0,0,,no_update,40312,0.058075492954499944,37488,2824,0.8851954752927168,24.256322023047375,12205.5571278826,0.6756373937677054,3243,3241,2475024606.0,8,44319,0,0,sparse_active_channel_dramsim3_only
syn_weighted_diamond_v8__weighted_sssp,syn_weighted_diamond_v8,synthetic,holdout,weighted_sssp,grasu_regraph,hls_sw_emu_aligned_execution_driven_simulation,201826,150.0,1.3455066666666666,pma_update,1,201825,4.954763013685056e-06,compute_dominant,0,0,0,,no_update,84555,0.41894998662213984,23115,61440,0.9642244692803501,29.99935107073329,251.300615394634,0.9997395833333333,3012,3012,570658158.0,5,91542,0,0,sparse_active_channel_dramsim3_only
syn_weighted_diamond_v8__weighted_sssp,syn_weighted_diamond_v8,synthetic,holdout,weighted_sssp,spine,normalized_structural_simulation,61733,150.0,0.4115533333333333,maintenance,6390,55343,0.10351027813325125,compute_dominant,0,0,0,,no_update,3973,0.06435779890820145,2987,986,0.8985653158822049,24.879812520924006,2817.414054054054,0.9381338742393509,263,262,219582180.0,8,8014,0,0,sparse_active_channel_dramsim3_only
