run_id,fixture_id,dataset_kind,role,algorithm,spine_cycles,grasu_regraph_cycles,spine_simulated_ms,grasu_regraph_simulated_ms,spine_speedup_over_grasu,claim_label
real_amazon_2008_compact__full_pagerank,real_amazon_2008_compact,real_compact_slice,validation,full_pagerank,197849,463709,1.3189933333333332,3.0913933333333334,2.3437520533336027,routed_k1_multi_partition_structural
real_amazon_2008_compact__residual_pagerank,real_amazon_2008_compact,real_compact_slice,validation,thresholded_residual_pagerank,3859853,14503424,25.732353333333332,96.68949333333333,3.7575068273325436,routed_k1_multi_partition_structural
real_amazon_2008_compact__weighted_sssp,real_amazon_2008_compact,real_compact_slice,validation,weighted_sssp,123379,74199,0.8225266666666666,0.49466,0.6013908363659942,routed_k1_multi_partition_structural
real_soc_flickr_und_compact__full_pagerank,real_soc_flickr_und_compact,real_compact_slice,validation,full_pagerank,533693,525718,3.5579533333333333,3.5047866666666665,0.9850569522178481,routed_k1_multi_partition_structural
real_soc_flickr_und_compact__residual_pagerank,real_soc_flickr_und_compact,real_compact_slice,validation,thresholded_residual_pagerank,11283055,15071333,75.22036666666666,100.47555333333334,1.335749316120501,routed_k1_multi_partition_structural
real_soc_flickr_und_compact__weighted_sssp,real_soc_flickr_und_compact,real_compact_slice,validation,weighted_sssp,281907,283791,1.87938,1.89194,1.0066830550500696,routed_k1_multi_partition_structural
real_web_google_compact__full_pagerank,real_web_google_compact,real_compact_slice,validation,full_pagerank,581007,541597,3.87338,3.610646666666667,0.9321694919338321,routed_k1_multi_partition_structural
real_web_google_compact__residual_pagerank,real_web_google_compact,real_compact_slice,validation,thresholded_residual_pagerank,12322983,12993487,82.15322,86.62324666666666,1.054410851658239,routed_k1_multi_partition_structural
real_web_google_compact__weighted_sssp,real_web_google_compact,real_compact_slice,validation,weighted_sssp,250790,100158,1.6719333333333333,0.66772,0.39936999082898045,routed_k1_multi_partition_structural
syn_chain_v64__full_pagerank,syn_chain_v64,synthetic,calibration,full_pagerank,59161,441904,0.3944066666666667,2.9460266666666666,7.469515390206386,routed_k1_multi_partition_structural
syn_chain_v64__residual_pagerank,syn_chain_v64,synthetic,calibration,thresholded_residual_pagerank,1470486,16251813,9.80324,108.34542,11.052001175121694,routed_k1_multi_partition_structural
syn_chain_v64__weighted_sssp,syn_chain_v64,synthetic,calibration,weighted_sssp,615084,2246425,4.10056,14.976166666666666,3.652224736783919,routed_k1_multi_partition_structural
syn_dynamic_delete_fallback__dynamic_weighted_sssp,syn_dynamic_delete_fallback,synthetic,holdout,weighted_dynamic_sssp,81165,133830,0.5411,0.8922,1.6488634263537238,routed_k1_multi_partition_structural
syn_dynamic_delete_fallback__full_pagerank,syn_dynamic_delete_fallback,synthetic,holdout,full_pagerank,30975,438306,0.2065,2.92204,14.150314769975786,routed_k1_multi_partition_structural
syn_dynamic_delete_fallback__residual_pagerank,syn_dynamic_delete_fallback,synthetic,holdout,thresholded_residual_pagerank,669576,10665707,4.46384,71.10471333333334,15.929046142633547,routed_k1_multi_partition_structural
syn_dynamic_delete_fallback__weighted_sssp,syn_dynamic_delete_fallback,synthetic,holdout,weighted_sssp,32532,99773,0.21688,0.6651533333333334,3.0669187261773025,routed_k1_multi_partition_structural
syn_dynamic_increase_fallback__dynamic_weighted_sssp,syn_dynamic_increase_fallback,synthetic,calibration,weighted_dynamic_sssp,81325,133845,0.5421666666666667,0.8923,1.645803873347679,routed_k1_multi_partition_structural
syn_dynamic_increase_fallback__full_pagerank,syn_dynamic_increase_fallback,synthetic,calibration,full_pagerank,30975,438306,0.2065,2.92204,14.150314769975786,routed_k1_multi_partition_structural
syn_dynamic_increase_fallback__residual_pagerank,syn_dynamic_increase_fallback,synthetic,calibration,thresholded_residual_pagerank,669576,10665707,4.46384,71.10471333333334,15.929046142633547,routed_k1_multi_partition_structural
syn_dynamic_increase_fallback__weighted_sssp,syn_dynamic_increase_fallback,synthetic,calibration,weighted_sssp,32532,99773,0.21688,0.6651533333333334,3.0669187261773025,routed_k1_multi_partition_structural
syn_dynamic_mixed_update__dynamic_weighted_sssp,syn_dynamic_mixed_update,synthetic,holdout,weighted_dynamic_sssp,100958,133868,0.6730533333333333,0.8924533333333333,1.3259771390083004,routed_k1_multi_partition_structural
syn_dynamic_mixed_update__full_pagerank,syn_dynamic_mixed_update,synthetic,holdout,full_pagerank,31846,438280,0.21230666666666667,2.921866666666667,13.76248194435722,routed_k1_multi_partition_structural
syn_dynamic_mixed_update__residual_pagerank,syn_dynamic_mixed_update,synthetic,holdout,thresholded_residual_pagerank,686935,10802040,4.579566666666667,72.0136,15.7249812573242,routed_k1_multi_partition_structural
syn_dynamic_mixed_update__weighted_sssp,syn_dynamic_mixed_update,synthetic,holdout,weighted_sssp,51757,167807,0.34504666666666667,1.1187133333333332,3.2422087833529765,routed_k1_multi_partition_structural
syn_dynamic_shortcut_insert__dynamic_weighted_sssp,syn_dynamic_shortcut_insert,synthetic,calibration,weighted_dynamic_sssp,91663,133847,0.6110866666666667,0.8923133333333333,1.4602074992090592,routed_k1_multi_partition_structural
syn_dynamic_shortcut_insert__full_pagerank,syn_dynamic_shortcut_insert,synthetic,calibration,full_pagerank,31524,438322,0.21016,2.9221466666666664,13.904390305798756,routed_k1_multi_partition_structural
syn_dynamic_shortcut_insert__residual_pagerank,syn_dynamic_shortcut_insert,synthetic,calibration,thresholded_residual_pagerank,691287,10937225,4.60858,72.91483333333333,15.821540112861951,routed_k1_multi_partition_structural
syn_dynamic_shortcut_insert__weighted_sssp,syn_dynamic_shortcut_insert,synthetic,calibration,weighted_sssp,51236,167807,0.34157333333333334,1.1187133333333332,3.275177609493325,routed_k1_multi_partition_structural
syn_gather_bank_fanin_e1024__full_pagerank,syn_gather_bank_fanin_e1024,synthetic,calibration,full_pagerank,3460512,1531580,23.07008,10.210533333333334,0.4425876864463987,routed_k1_multi_partition_structural
syn_gather_bank_fanin_e1024__residual_pagerank,syn_gather_bank_fanin_e1024,synthetic,calibration,thresholded_residual_pagerank,104147107,37474658,694.3140466666666,249.83105333333333,0.35982428201294153,routed_k1_multi_partition_structural
syn_gather_bank_fanin_e1024__weighted_sssp,syn_gather_bank_fanin_e1024,synthetic,calibration,weighted_sssp,374645,825749,2.4976333333333334,5.504993333333333,2.20408386605987,routed_k1_multi_partition_structural
syn_hot_destination_e256__full_pagerank,syn_hot_destination_e256,synthetic,holdout,full_pagerank,110923,451276,0.7394866666666666,3.008506666666667,4.06837175337847,routed_k1_multi_partition_structural
syn_hot_destination_e256__residual_pagerank,syn_hot_destination_e256,synthetic,holdout,thresholded_residual_pagerank,2110699,10714824,14.071326666666666,71.43216,5.076433920705889,routed_k1_multi_partition_structural
syn_hot_destination_e256__weighted_sssp,syn_hot_destination_e256,synthetic,holdout,weighted_sssp,99063,108483,0.66042,0.72322,1.0950910026952545,routed_k1_multi_partition_structural
syn_hot_source_e256__full_pagerank,syn_hot_source_e256,synthetic,calibration,full_pagerank,66233,442948,0.44155333333333335,2.952986666666667,6.6877236422931166,routed_k1_multi_partition_structural
syn_hot_source_e256__residual_pagerank,syn_hot_source_e256,synthetic,calibration,thresholded_residual_pagerank,1455542,10286584,9.703613333333333,68.57722666666666,7.067184595154245,routed_k1_multi_partition_structural
syn_hot_source_e256__weighted_sssp,syn_hot_source_e256,synthetic,calibration,weighted_sssp,34717,65771,0.23144666666666666,0.4384733333333333,1.8944897312555808,routed_k1_multi_partition_structural
syn_pagerank_cycle_v32__full_pagerank,syn_pagerank_cycle_v32,synthetic,calibration,full_pagerank,46141,439388,0.30760666666666664,2.9292533333333335,9.522723824797902,routed_k1_multi_partition_structural
syn_pagerank_cycle_v32__residual_pagerank,syn_pagerank_cycle_v32,synthetic,calibration,thresholded_residual_pagerank,877627,10143505,5.8508466666666665,67.62336666666667,11.557877093571642,routed_k1_multi_partition_structural
syn_pagerank_cycle_v32__weighted_sssp,syn_pagerank_cycle_v32,synthetic,calibration,weighted_sssp,112523,340853,0.7501533333333333,2.2723533333333332,3.0291851443704845,routed_k1_multi_partition_structural
syn_pagerank_dangling_v33__full_pagerank,syn_pagerank_dangling_v33,synthetic,holdout,full_pagerank,44634,439310,0.29756,2.928733333333333,9.842496751355469,routed_k1_multi_partition_structural
syn_pagerank_dangling_v33__residual_pagerank,syn_pagerank_dangling_v33,synthetic,holdout,thresholded_residual_pagerank,971975,11919380,6.479833333333334,79.46253333333334,12.263052033231308,routed_k1_multi_partition_structural
syn_pagerank_dangling_v33__weighted_sssp,syn_pagerank_dangling_v33,synthetic,holdout,weighted_sssp,309511,1096141,2.063406666666667,7.307606666666667,3.541525180042066,routed_k1_multi_partition_structural
syn_residual_frontier_tree_v127__full_pagerank,syn_residual_frontier_tree_v127,synthetic,calibration,full_pagerank,68721,443903,0.45814,2.9593533333333335,6.459495641797995,routed_k1_multi_partition_structural
syn_residual_frontier_tree_v127__residual_pagerank,syn_residual_frontier_tree_v127,synthetic,calibration,thresholded_residual_pagerank,1422274,11358916,9.481826666666667,75.72610666666667,7.986447055911871,routed_k1_multi_partition_structural
syn_residual_frontier_tree_v127__weighted_sssp,syn_residual_frontier_tree_v127,synthetic,calibration,weighted_sssp,100819,246776,0.6721266666666667,1.6451733333333334,2.447713228657297,routed_k1_multi_partition_structural
syn_residual_skew_hub_v257__full_pagerank,syn_residual_skew_hub_v257,synthetic,holdout,full_pagerank,168986,457319,1.1265733333333334,3.0487933333333332,2.706253772501864,routed_k1_multi_partition_structural
syn_residual_skew_hub_v257__residual_pagerank,syn_residual_skew_hub_v257,synthetic,holdout,thresholded_residual_pagerank,2379206,10579213,15.861373333333333,70.52808666666667,4.446530901485621,routed_k1_multi_partition_structural
syn_residual_skew_hub_v257__weighted_sssp,syn_residual_skew_hub_v257,synthetic,holdout,weighted_sssp,158740,72382,1.0582666666666667,0.4825466666666667,0.4559783293435807,routed_k1_multi_partition_structural
syn_source_window_e4095__full_pagerank,syn_source_window_e4095,synthetic,calibration,full_pagerank,2753865,891819,18.3591,5.94546,0.32384267202640654,routed_k1_multi_partition_structural
syn_source_window_e4095__residual_pagerank,syn_source_window_e4095,synthetic,calibration,thresholded_residual_pagerank,57174654,21854458,381.16436,145.69638666666665,0.38224031928553515,routed_k1_multi_partition_structural
syn_source_window_e4095__weighted_sssp,syn_source_window_e4095,synthetic,calibration,weighted_sssp,1663703,216589,11.091353333333334,1.4439266666666666,0.13018489477989761,routed_k1_multi_partition_structural
syn_source_window_e4096__full_pagerank,syn_source_window_e4096,synthetic,holdout,full_pagerank,2483233,891927,16.55488666666667,5.94618,0.3591797467253375,routed_k1_multi_partition_structural
syn_source_window_e4096__residual_pagerank,syn_source_window_e4096,synthetic,holdout,thresholded_residual_pagerank,48197117,21858052,321.31411333333335,145.72034666666667,0.4535136821565489,routed_k1_multi_partition_structural
syn_source_window_e4096__weighted_sssp,syn_source_window_e4096,synthetic,holdout,weighted_sssp,1664128,216620,11.094186666666667,1.4441333333333333,0.1301702753634336,routed_k1_multi_partition_structural
syn_source_window_e4097__full_pagerank,syn_source_window_e4097,synthetic,holdout,full_pagerank,2484446,892329,16.562973333333332,5.94886,0.35916618835748493,routed_k1_multi_partition_structural
syn_source_window_e4097__residual_pagerank,syn_source_window_e4097,synthetic,holdout,thresholded_residual_pagerank,47922566,21863132,319.4837733333333,145.75421333333333,0.4562178911705187,routed_k1_multi_partition_structural
syn_source_window_e4097__weighted_sssp,syn_source_window_e4097,synthetic,holdout,weighted_sssp,1499703,216726,9.99802,1.44484,0.1445126134974725,routed_k1_multi_partition_structural
syn_spread_e512__full_pagerank,syn_spread_e512,synthetic,calibration,full_pagerank,167377,456844,1.1158466666666667,3.0456266666666667,2.7294311643774236,routed_k1_multi_partition_structural
syn_spread_e512__residual_pagerank,syn_spread_e512,synthetic,calibration,thresholded_residual_pagerank,3185021,15276792,21.233473333333333,101.84528,4.79644937976861,routed_k1_multi_partition_structural
syn_spread_e512__weighted_sssp,syn_spread_e512,synthetic,calibration,weighted_sssp,279249,553893,1.86166,3.69262,1.9835093411256621,routed_k1_multi_partition_structural
syn_tiny_threshold_e4095__full_pagerank,syn_tiny_threshold_e4095,synthetic,calibration,full_pagerank,714677,570595,4.764513333333333,3.8039666666666667,0.7983956388690275,routed_k1_multi_partition_structural
syn_tiny_threshold_e4095__residual_pagerank,syn_tiny_threshold_e4095,synthetic,calibration,thresholded_residual_pagerank,17083174,13359882,113.88782666666667,89.06588,0.7820491672097937,routed_k1_multi_partition_structural
syn_tiny_threshold_e4095__weighted_sssp,syn_tiny_threshold_e4095,synthetic,calibration,weighted_sssp,216309,109953,1.44206,0.73302,0.5083144945425294,routed_k1_multi_partition_structural
syn_tiny_threshold_e4096__full_pagerank,syn_tiny_threshold_e4096,synthetic,holdout,full_pagerank,627217,570682,4.181446666666667,3.8045466666666665,0.909863731372077,routed_k1_multi_partition_structural
syn_tiny_threshold_e4096__residual_pagerank,syn_tiny_threshold_e4096,synthetic,holdout,thresholded_residual_pagerank,14529325,13360010,96.86216666666667,89.06673333333333,0.9195203493624101,routed_k1_multi_partition_structural
syn_tiny_threshold_e4096__weighted_sssp,syn_tiny_threshold_e4096,synthetic,holdout,weighted_sssp,216703,109965,1.4446866666666667,0.7331,0.5074456744945848,routed_k1_multi_partition_structural
syn_tiny_threshold_e4097__full_pagerank,syn_tiny_threshold_e4097,synthetic,holdout,full_pagerank,626917,570591,4.179446666666666,3.80394,0.9101539757256543,routed_k1_multi_partition_structural
syn_tiny_threshold_e4097__residual_pagerank,syn_tiny_threshold_e4097,synthetic,holdout,thresholded_residual_pagerank,14532712,13361665,96.88474666666667,89.07776666666666,0.9194199265766775,routed_k1_multi_partition_structural
syn_tiny_threshold_e4097__weighted_sssp,syn_tiny_threshold_e4097,synthetic,holdout,weighted_sssp,216230,109977,1.4415333333333333,0.73318,0.5086112010359339,routed_k1_multi_partition_structural
syn_weighted_diamond_v8__full_pagerank,syn_weighted_diamond_v8,synthetic,holdout,full_pagerank,32740,438242,0.21826666666666666,2.921613333333333,13.385522296884545,routed_k1_multi_partition_structural
syn_weighted_diamond_v8__residual_pagerank,syn_weighted_diamond_v8,synthetic,holdout,thresholded_residual_pagerank,694131,10801575,4.62754,72.0105,15.561291744641862,routed_k1_multi_partition_structural
syn_weighted_diamond_v8__weighted_sssp,syn_weighted_diamond_v8,synthetic,holdout,weighted_sssp,61733,201826,0.4115533333333333,1.3455066666666666,3.269337307436865,routed_k1_multi_partition_structural
