run_id,fixture_id,dataset_kind,role,algorithm,system,claim_class,architecture_profile_id,architecture_profile_sha256,cycles,core_mhz,simulated_ms,wall_seconds,vertices,input_edges,updates,backend_requests,maintenance_launch_to_first_memory_issue_cycles,maintenance_memory_active_span_cycles,maintenance_post_memory_drain_cycles,maintenance_memory_ledger_closed,backend_arbitration_request_waits,backend_arbitration_contended_cycles,backend_arbitration_contention_losers,backend_arbitration_capacity_blocked_cycles,backend_arbitration_max_contenders,dram_reads,dram_writes,dram_activates,dram_precharges,dram_total_energy_pj,physical_hbm_channels,bound_dram_channels,instantiated_hbm_channels,dram_energy_claim,architecture_correctness_mismatches,mathematical_correctness_mismatches,cache_reused
real_amazon_2008_compact__full_pagerank,real_amazon_2008_compact,real_compact_slice,validation,full_pagerank,grasu_regraph,hls_equivalent_proposed_execution_driven_simulation,grasu_regraph_candidate10_k1_multipart_pagerank_v4,cb33252599584880ffb2281d161178f543db68e3dfb855df0f4b3fef4fa733ab,463709,150.0,3.0913933333333334,3.2679431196302176,650,1280,0,249794,,,,,3297588,10243,10328,18,3,212848,36946,24944,24941,1328266296.0,32,5,"0,1,2,3,30",bound_channel_dramsim3_only_excludes_unbound_idle_background,0,0,False
real_amazon_2008_compact__full_pagerank,real_amazon_2008_compact,real_compact_slice,validation,full_pagerank,spine,normalized_structural_simulation,spine_candidate10_opt_v2_reader_working_set,928a86a461d10cb3ea9bdd2b84d30b567b0200afdc5ca1742a36ef2301d5ab36,197849,150.0,1.3189933333333332,0.6439667558297515,650,1280,0,28120,1,68776,1,True,57018,0,0,0,1,22906,5214,775,773,717922584.0,32,8,"0,16,17,18,19,20,21,22",bound_channel_dramsim3_only_excludes_unbound_idle_background,0,0,False
real_amazon_2008_compact__residual_pagerank,real_amazon_2008_compact,real_compact_slice,validation,thresholded_residual_pagerank,grasu_regraph,hls_equivalent_proposed_execution_driven_simulation,grasu_regraph_candidate10_k1_multipart_residual_v4,0d035f8c036c3632a6d99770abd91b7144b8ceb19b9777a4fd5e1d59b367a049,14503424,150.0,96.68949333333333,100.85519593115896,650,1280,0,9140405,,,,,114398161,542754,546370,222,3,7501923,1638482,294614,294608,42612670680.0,32,5,"0,1,2,3,30",bound_channel_dramsim3_only_excludes_unbound_idle_background,0,0,False
real_amazon_2008_compact__residual_pagerank,real_amazon_2008_compact,real_compact_slice,validation,thresholded_residual_pagerank,spine,normalized_structural_simulation,spine_candidate10_opt_v2_reader_working_set,928a86a461d10cb3ea9bdd2b84d30b567b0200afdc5ca1742a36ef2301d5ab36,3859853,150.0,25.732353333333332,8.301141313277185,650,1280,0,623542,1,68776,1,True,1321792,0,0,0,1,462682,160860,17376,17375,14094247290.0,32,8,"0,16,17,18,19,20,21,22",bound_channel_dramsim3_only_excludes_unbound_idle_background,0,0,False
real_amazon_2008_compact__weighted_sssp,real_amazon_2008_compact,real_compact_slice,validation,weighted_sssp,grasu_regraph,hls_sw_emu_aligned_execution_driven_simulation,grasu_regraph_candidate10_k1_multipart_weighted_v4,a6a2cca9dff4f55b3f096868c2e24b453c3a249cfcff443c50f5e7a61f5ca71e,74199,150.0,0.49466,0.48970052506774664,650,1280,0,17674,,,,,18995,115,115,0,2,5386,12288,629,623,187542396.0,32,5,"0,1,2,3,30",bound_channel_dramsim3_only_excludes_unbound_idle_background,0,0,False
real_amazon_2008_compact__weighted_sssp,real_amazon_2008_compact,real_compact_slice,validation,weighted_sssp,spine,normalized_structural_simulation,spine_candidate10_opt_v2_reader_working_set,928a86a461d10cb3ea9bdd2b84d30b567b0200afdc5ca1742a36ef2301d5ab36,123379,150.0,0.8225266666666666,0.49352893326431513,650,1280,0,16561,1,68776,1,True,29763,0,0,0,1,12904,3657,680,679,446109042.0,32,8,"0,16,17,18,19,20,21,22",bound_channel_dramsim3_only_excludes_unbound_idle_background,0,0,False
real_soc_flickr_und_compact__full_pagerank,real_soc_flickr_und_compact,real_compact_slice,validation,full_pagerank,grasu_regraph,hls_equivalent_proposed_execution_driven_simulation,grasu_regraph_candidate10_k1_multipart_pagerank_v4,cb33252599584880ffb2281d161178f543db68e3dfb855df0f4b3fef4fa733ab,525718,150.0,3.5047866666666665,3.4831799902021885,2552,4096,0,256360,,,,,3306954,10268,10355,6,3,219176,37184,24987,24984,1471244142.0,32,5,"0,1,2,3,30",bound_channel_dramsim3_only_excludes_unbound_idle_background,0,0,False
real_soc_flickr_und_compact__full_pagerank,real_soc_flickr_und_compact,real_compact_slice,validation,full_pagerank,spine,normalized_structural_simulation,spine_candidate10_opt_v2_reader_working_set,928a86a461d10cb3ea9bdd2b84d30b567b0200afdc5ca1742a36ef2301d5ab36,533693,150.0,3.5579533333333333,1.8010448683053255,2552,4096,0,87904,1,168742,1,True,296793,0,0,0,1,71000,16904,2115,2113,1952037378.0,32,8,"0,16,17,18,19,20,21,22",bound_channel_dramsim3_only_excludes_unbound_idle_background,0,0,False
real_soc_flickr_und_compact__residual_pagerank,real_soc_flickr_und_compact,real_compact_slice,validation,thresholded_residual_pagerank,grasu_regraph,hls_equivalent_proposed_execution_driven_simulation,grasu_regraph_candidate10_k1_multipart_residual_v4,0d035f8c036c3632a6d99770abd91b7144b8ceb19b9777a4fd5e1d59b367a049,15071333,150.0,100.47555333333334,97.35286929924041,2552,4096,0,8503112,,,,,104288667,494061,497564,290,3,7011848,1491264,272405,272402,43103202168.0,32,5,"0,1,2,3,30",bound_channel_dramsim3_only_excludes_unbound_idle_background,0,0,False
real_soc_flickr_und_compact__residual_pagerank,real_soc_flickr_und_compact,real_compact_slice,validation,thresholded_residual_pagerank,spine,normalized_structural_simulation,spine_candidate10_opt_v2_reader_working_set,928a86a461d10cb3ea9bdd2b84d30b567b0200afdc5ca1742a36ef2301d5ab36,11283055,150.0,75.22036666666666,26.0984498700127,2552,4096,0,2137370,1,168742,1,True,7623032,0,0,0,1,1510340,627030,53877,53876,41477829804.0,32,8,"0,16,17,18,19,20,21,22",bound_channel_dramsim3_only_excludes_unbound_idle_background,0,0,False
real_soc_flickr_und_compact__weighted_sssp,real_soc_flickr_und_compact,real_compact_slice,validation,weighted_sssp,grasu_regraph,hls_sw_emu_aligned_execution_driven_simulation,grasu_regraph_candidate10_k1_multipart_weighted_v4,a6a2cca9dff4f55b3f096868c2e24b453c3a249cfcff443c50f5e7a61f5ca71e,283791,150.0,1.89194,1.4117312636226416,2552,4096,0,78816,,,,,84302,502,502,0,2,29664,49152,2710,2708,739810110.0,32,5,"0,1,2,3,30",bound_channel_dramsim3_only_excludes_unbound_idle_background,0,0,False
real_soc_flickr_und_compact__weighted_sssp,real_soc_flickr_und_compact,real_compact_slice,validation,weighted_sssp,spine,normalized_structural_simulation,spine_candidate10_opt_v2_reader_working_set,928a86a461d10cb3ea9bdd2b84d30b567b0200afdc5ca1742a36ef2301d5ab36,281907,150.0,1.87938,1.2951599638909101,2552,4096,0,47955,1,168742,1,True,126243,0,0,0,1,37643,10312,1383,1382,1033753242.0,32,8,"0,16,17,18,19,20,21,22",bound_channel_dramsim3_only_excludes_unbound_idle_background,0,0,False
real_web_google_compact__full_pagerank,real_web_google_compact,real_compact_slice,validation,full_pagerank,grasu_regraph,hls_equivalent_proposed_execution_driven_simulation,grasu_regraph_candidate10_k1_multipart_pagerank_v4,cb33252599584880ffb2281d161178f543db68e3dfb855df0f4b3fef4fa733ab,541597,150.0,3.610646666666667,3.5561561547219753,3045,4096,0,257963,,,,,3307932,10151,10220,7,3,220717,37246,25101,25095,1508959524.0,32,5,"0,1,2,3,30",bound_channel_dramsim3_only_excludes_unbound_idle_background,0,0,False
real_web_google_compact__full_pagerank,real_web_google_compact,real_compact_slice,validation,full_pagerank,spine,normalized_structural_simulation,spine_candidate10_opt_v2_reader_working_set,928a86a461d10cb3ea9bdd2b84d30b567b0200afdc5ca1742a36ef2301d5ab36,581007,150.0,3.87338,1.8879544576629996,3045,4096,0,93820,1,168742,1,True,307949,0,0,0,1,75437,18383,2283,2281,2123409270.0,32,8,"0,16,17,18,19,20,21,22",bound_channel_dramsim3_only_excludes_unbound_idle_background,0,0,False
real_web_google_compact__residual_pagerank,real_web_google_compact,real_compact_slice,validation,thresholded_residual_pagerank,grasu_regraph,hls_equivalent_proposed_execution_driven_simulation,grasu_regraph_candidate10_k1_multipart_residual_v4,0d035f8c036c3632a6d99770abd91b7144b8ceb19b9777a4fd5e1d59b367a049,12993487,150.0,86.62324666666666,83.50952728837729,3045,4096,0,7139255,,,,,87163195,415429,418153,150,3,5893689,1245566,227918,227915,36944413452.0,32,5,"0,1,2,3,30",bound_channel_dramsim3_only_excludes_unbound_idle_background,0,0,False
real_web_google_compact__residual_pagerank,real_web_google_compact,real_compact_slice,validation,thresholded_residual_pagerank,spine,normalized_structural_simulation,spine_candidate10_opt_v2_reader_working_set,928a86a461d10cb3ea9bdd2b84d30b567b0200afdc5ca1742a36ef2301d5ab36,12322983,150.0,82.15322,27.99815084040165,3045,4096,0,2281814,1,168742,1,True,7708611,0,0,0,1,1589680,692134,59350,59349,45256374606.0,32,8,"0,16,17,18,19,20,21,22",bound_channel_dramsim3_only_excludes_unbound_idle_background,0,0,False
real_web_google_compact__weighted_sssp,real_web_google_compact,real_compact_slice,validation,weighted_sssp,grasu_regraph,hls_sw_emu_aligned_execution_driven_simulation,grasu_regraph_candidate10_k1_multipart_weighted_v4,a6a2cca9dff4f55b3f096868c2e24b453c3a249cfcff443c50f5e7a61f5ca71e,100158,150.0,0.66772,0.5829338021576405,3045,4096,0,20197,,,,,21569,124,124,0,2,7909,12288,683,680,247794960.0,32,5,"0,1,2,3,30",bound_channel_dramsim3_only_excludes_unbound_idle_background,0,0,False
real_web_google_compact__weighted_sssp,real_web_google_compact,real_compact_slice,validation,weighted_sssp,spine,normalized_structural_simulation,spine_candidate10_opt_v2_reader_working_set,928a86a461d10cb3ea9bdd2b84d30b567b0200afdc5ca1742a36ef2301d5ab36,250790,150.0,1.6719333333333333,1.2532144635915756,3045,4096,0,45117,1,168742,1,True,116873,0,0,0,1,35432,9685,1265,1264,922371426.0,32,8,"0,16,17,18,19,20,21,22",bound_channel_dramsim3_only_excludes_unbound_idle_background,0,0,False
syn_chain_v64__full_pagerank,syn_chain_v64,synthetic,calibration,full_pagerank,grasu_regraph,hls_equivalent_proposed_execution_driven_simulation,grasu_regraph_candidate10_k1_multipart_pagerank_v4,cb33252599584880ffb2281d161178f543db68e3dfb855df0f4b3fef4fa733ab,441904,150.0,2.9460266666666666,3.184951019473374,64,63,0,247693,,,,,3294990,10324,10394,2,3,210821,36872,24776,24773,1275556050.0,32,5,"0,1,2,3,30",bound_channel_dramsim3_only_excludes_unbound_idle_background,0,0,False
syn_chain_v64__full_pagerank,syn_chain_v64,synthetic,calibration,full_pagerank,spine,normalized_structural_simulation,spine_candidate10_opt_v2_reader_working_set,928a86a461d10cb3ea9bdd2b84d30b567b0200afdc5ca1742a36ef2301d5ab36,59161,150.0,0.3944066666666667,0.3032614625990391,64,63,0,4270,1,16174,1,True,8534,0,0,0,1,3546,724,216,214,211007166.0,32,8,"0,16,17,18,19,20,21,22",bound_channel_dramsim3_only_excludes_unbound_idle_background,0,0,False
syn_chain_v64__residual_pagerank,syn_chain_v64,synthetic,calibration,thresholded_residual_pagerank,grasu_regraph,hls_equivalent_proposed_execution_driven_simulation,grasu_regraph_candidate10_k1_multipart_residual_v4,0d035f8c036c3632a6d99770abd91b7144b8ceb19b9777a4fd5e1d59b367a049,16251813,150.0,108.34542,114.72504996042699,64,63,0,10708638,,,,,134931532,642710,646892,190,3,8775318,1933320,345248,345244,48276982374.0,32,5,"0,1,2,3,30",bound_channel_dramsim3_only_excludes_unbound_idle_background,0,0,False
syn_chain_v64__residual_pagerank,syn_chain_v64,synthetic,calibration,thresholded_residual_pagerank,spine,normalized_structural_simulation,spine_candidate10_opt_v2_reader_working_set,928a86a461d10cb3ea9bdd2b84d30b567b0200afdc5ca1742a36ef2301d5ab36,1470486,150.0,9.80324,2.296316020190716,64,63,0,110110,1,16174,1,True,151857,0,0,0,1,91470,18640,5996,5995,5266814610.0,32,8,"0,16,17,18,19,20,21,22",bound_channel_dramsim3_only_excludes_unbound_idle_background,0,0,False
syn_chain_v64__weighted_sssp,syn_chain_v64,synthetic,calibration,weighted_sssp,grasu_regraph,hls_sw_emu_aligned_execution_driven_simulation,grasu_regraph_candidate10_k1_multipart_weighted_v4,a6a2cca9dff4f55b3f096868c2e24b453c3a249cfcff443c50f5e7a61f5ca71e,2246425,150.0,14.976166666666666,12.48331577051431,64,63,0,1072449,,,,,1160409,7908,7908,0,2,298305,774144,38271,38268,6589506666.0,32,5,"0,1,2,3,30",bound_channel_dramsim3_only_excludes_unbound_idle_background,0,0,False
syn_chain_v64__weighted_sssp,syn_chain_v64,synthetic,calibration,weighted_sssp,spine,normalized_structural_simulation,spine_candidate10_opt_v2_reader_working_set,928a86a461d10cb3ea9bdd2b84d30b567b0200afdc5ca1742a36ef2301d5ab36,615084,150.0,4.10056,1.0130776427686214,64,63,0,35704,1,16174,1,True,59770,0,0,0,1,28104,7600,2502,2501,2188233906.0,32,8,"0,16,17,18,19,20,21,22",bound_channel_dramsim3_only_excludes_unbound_idle_background,0,0,False
syn_dynamic_delete_fallback__dynamic_weighted_sssp,syn_dynamic_delete_fallback,synthetic,holdout,weighted_dynamic_sssp,grasu_regraph,hls_sw_emu_aligned_execution_driven_simulation,grasu_regraph_candidate10_k1_multipart_weighted_v4,a6a2cca9dff4f55b3f096868c2e24b453c3a249cfcff443c50f5e7a61f5ca71e,133830,150.0,0.8922,0.8695780131965876,8,5,1,50725,,,,,54886,392,392,0,2,13860,36865,1801,1795,369068466.0,32,5,"0,1,2,3,30",bound_channel_dramsim3_only_excludes_unbound_idle_background,0,0,False
syn_dynamic_delete_fallback__dynamic_weighted_sssp,syn_dynamic_delete_fallback,synthetic,holdout,weighted_dynamic_sssp,spine,normalized_structural_simulation,spine_candidate10_opt_v2_reader_working_set,928a86a461d10cb3ea9bdd2b84d30b567b0200afdc5ca1742a36ef2301d5ab36,81165,150.0,0.5411,0.35057247523218393,8,5,1,8273,0,12708,1,True,14632,0,0,0,1,3719,4554,355,354,291616140.0,32,8,"0,16,17,18,19,20,21,22",bound_channel_dramsim3_only_excludes_unbound_idle_background,0,0,False
syn_dynamic_delete_fallback__full_pagerank,syn_dynamic_delete_fallback,synthetic,holdout,full_pagerank,grasu_regraph,hls_equivalent_proposed_execution_driven_simulation,grasu_regraph_candidate10_k1_multipart_pagerank_v4,cb33252599584880ffb2281d161178f543db68e3dfb855df0f4b3fef4fa733ab,438306,150.0,2.92204,3.174861792474985,8,5,0,247333,,,,,3295501,10197,10265,11,3,210467,36866,24753,24750,1268190630.0,32,5,"0,1,2,3,30",bound_channel_dramsim3_only_excludes_unbound_idle_background,0,0,False
syn_dynamic_delete_fallback__full_pagerank,syn_dynamic_delete_fallback,synthetic,holdout,full_pagerank,spine,normalized_structural_simulation,spine_candidate10_opt_v2_reader_working_set,928a86a461d10cb3ea9bdd2b84d30b567b0200afdc5ca1742a36ef2301d5ab36,30975,150.0,0.2065,0.24697775300592184,8,5,0,2057,1,5640,1,True,4135,0,0,0,1,1759,298,152,149,110091276.0,32,8,"0,16,17,18,19,20,21,22",bound_channel_dramsim3_only_excludes_unbound_idle_background,0,0,False
syn_dynamic_delete_fallback__residual_pagerank,syn_dynamic_delete_fallback,synthetic,holdout,thresholded_residual_pagerank,grasu_regraph,hls_equivalent_proposed_execution_driven_simulation,grasu_regraph_candidate10_k1_multipart_residual_v4,0d035f8c036c3632a6d99770abd91b7144b8ceb19b9777a4fd5e1d59b367a049,10665707,150.0,71.10471333333334,75.82876726053655,8,5,0,7069535,,,,,89192794,425133,427848,61,3,5791581,1277954,227400,227393,31712570082.0,32,5,"0,1,2,3,30",bound_channel_dramsim3_only_excludes_unbound_idle_background,0,0,False
syn_dynamic_delete_fallback__residual_pagerank,syn_dynamic_delete_fallback,synthetic,holdout,thresholded_residual_pagerank,spine,normalized_structural_simulation,spine_candidate10_opt_v2_reader_working_set,928a86a461d10cb3ea9bdd2b84d30b567b0200afdc5ca1742a36ef2301d5ab36,669576,150.0,4.46384,1.0940990885719657,8,5,0,38703,1,5640,1,True,42644,0,0,0,1,35875,2828,3020,3018,2386908846.0,32,8,"0,16,17,18,19,20,21,22",bound_channel_dramsim3_only_excludes_unbound_idle_background,0,0,False
syn_dynamic_delete_fallback__weighted_sssp,syn_dynamic_delete_fallback,synthetic,holdout,weighted_sssp,grasu_regraph,hls_sw_emu_aligned_execution_driven_simulation,grasu_regraph_candidate10_k1_multipart_weighted_v4,a6a2cca9dff4f55b3f096868c2e24b453c3a249cfcff443c50f5e7a61f5ca71e,99773,150.0,0.6651533333333334,0.6762737538665533,8,5,0,33814,,,,,36665,265,265,0,2,9238,24576,1199,1193,268464498.0,32,5,"0,1,2,3,30",bound_channel_dramsim3_only_excludes_unbound_idle_background,0,0,False
syn_dynamic_delete_fallback__weighted_sssp,syn_dynamic_delete_fallback,synthetic,holdout,weighted_sssp,spine,normalized_structural_simulation,spine_candidate10_opt_v2_reader_working_set,928a86a461d10cb3ea9bdd2b84d30b567b0200afdc5ca1742a36ef2301d5ab36,32532,150.0,0.21688,0.2802843386307359,8,5,0,2294,1,5640,1,True,5298,0,0,0,1,1659,635,141,140,115665294.0,32,8,"0,16,17,18,19,20,21,22",bound_channel_dramsim3_only_excludes_unbound_idle_background,0,0,False
syn_dynamic_increase_fallback__dynamic_weighted_sssp,syn_dynamic_increase_fallback,synthetic,calibration,weighted_dynamic_sssp,grasu_regraph,hls_sw_emu_aligned_execution_driven_simulation,grasu_regraph_candidate10_k1_multipart_weighted_v4,a6a2cca9dff4f55b3f096868c2e24b453c3a249cfcff443c50f5e7a61f5ca71e,133845,150.0,0.8923,0.8572632120922208,8,5,2,50729,,,,,54941,400,400,0,2,13863,36866,1800,1792,369070680.0,32,5,"0,1,2,3,30",bound_channel_dramsim3_only_excludes_unbound_idle_background,0,0,False
syn_dynamic_increase_fallback__dynamic_weighted_sssp,syn_dynamic_increase_fallback,synthetic,calibration,weighted_dynamic_sssp,spine,normalized_structural_simulation,spine_candidate10_opt_v2_reader_working_set,928a86a461d10cb3ea9bdd2b84d30b567b0200afdc5ca1742a36ef2301d5ab36,81325,150.0,0.5421666666666667,0.3396740462630987,8,5,2,8291,0,12713,1,True,14653,0,0,0,1,3733,4558,355,355,292591614.0,32,8,"0,16,17,18,19,20,21,22",bound_channel_dramsim3_only_excludes_unbound_idle_background,0,0,False
syn_dynamic_increase_fallback__full_pagerank,syn_dynamic_increase_fallback,synthetic,calibration,full_pagerank,grasu_regraph,hls_equivalent_proposed_execution_driven_simulation,grasu_regraph_candidate10_k1_multipart_pagerank_v4,cb33252599584880ffb2281d161178f543db68e3dfb855df0f4b3fef4fa733ab,438306,150.0,2.92204,3.264146478846669,8,5,0,247333,,,,,3295501,10197,10265,11,3,210467,36866,24753,24750,1268190630.0,32,5,"0,1,2,3,30",bound_channel_dramsim3_only_excludes_unbound_idle_background,0,0,False
syn_dynamic_increase_fallback__full_pagerank,syn_dynamic_increase_fallback,synthetic,calibration,full_pagerank,spine,normalized_structural_simulation,spine_candidate10_opt_v2_reader_working_set,928a86a461d10cb3ea9bdd2b84d30b567b0200afdc5ca1742a36ef2301d5ab36,30975,150.0,0.2065,0.25999163277447224,8,5,0,2057,1,5640,1,True,4135,0,0,0,1,1759,298,152,149,110091276.0,32,8,"0,16,17,18,19,20,21,22",bound_channel_dramsim3_only_excludes_unbound_idle_background,0,0,False
syn_dynamic_increase_fallback__residual_pagerank,syn_dynamic_increase_fallback,synthetic,calibration,thresholded_residual_pagerank,grasu_regraph,hls_equivalent_proposed_execution_driven_simulation,grasu_regraph_candidate10_k1_multipart_residual_v4,0d035f8c036c3632a6d99770abd91b7144b8ceb19b9777a4fd5e1d59b367a049,10665707,150.0,71.10471333333334,75.05904775206,8,5,0,7069535,,,,,89192794,425133,427848,61,3,5791581,1277954,227400,227393,31712570082.0,32,5,"0,1,2,3,30",bound_channel_dramsim3_only_excludes_unbound_idle_background,0,0,False
syn_dynamic_increase_fallback__residual_pagerank,syn_dynamic_increase_fallback,synthetic,calibration,thresholded_residual_pagerank,spine,normalized_structural_simulation,spine_candidate10_opt_v2_reader_working_set,928a86a461d10cb3ea9bdd2b84d30b567b0200afdc5ca1742a36ef2301d5ab36,669576,150.0,4.46384,1.059966579079628,8,5,0,38703,1,5640,1,True,42644,0,0,0,1,35875,2828,3020,3018,2386908846.0,32,8,"0,16,17,18,19,20,21,22",bound_channel_dramsim3_only_excludes_unbound_idle_background,0,0,False
syn_dynamic_increase_fallback__weighted_sssp,syn_dynamic_increase_fallback,synthetic,calibration,weighted_sssp,grasu_regraph,hls_sw_emu_aligned_execution_driven_simulation,grasu_regraph_candidate10_k1_multipart_weighted_v4,a6a2cca9dff4f55b3f096868c2e24b453c3a249cfcff443c50f5e7a61f5ca71e,99773,150.0,0.6651533333333334,0.6637684274464846,8,5,0,33814,,,,,36665,265,265,0,2,9238,24576,1199,1193,268464498.0,32,5,"0,1,2,3,30",bound_channel_dramsim3_only_excludes_unbound_idle_background,0,0,False
syn_dynamic_increase_fallback__weighted_sssp,syn_dynamic_increase_fallback,synthetic,calibration,weighted_sssp,spine,normalized_structural_simulation,spine_candidate10_opt_v2_reader_working_set,928a86a461d10cb3ea9bdd2b84d30b567b0200afdc5ca1742a36ef2301d5ab36,32532,150.0,0.21688,0.2635404737666249,8,5,0,2294,1,5640,1,True,5298,0,0,0,1,1659,635,141,140,115665294.0,32,8,"0,16,17,18,19,20,21,22",bound_channel_dramsim3_only_excludes_unbound_idle_background,0,0,False
syn_dynamic_mixed_update__dynamic_weighted_sssp,syn_dynamic_mixed_update,synthetic,holdout,weighted_dynamic_sssp,grasu_regraph,hls_sw_emu_aligned_execution_driven_simulation,grasu_regraph_candidate10_k1_multipart_weighted_v4,a6a2cca9dff4f55b3f096868c2e24b453c3a249cfcff443c50f5e7a61f5ca71e,133868,150.0,0.8924533333333333,0.8560277866199613,8,6,4,50743,,,,,54824,373,373,0,2,13875,36868,1808,1800,369280758.0,32,5,"0,1,2,3,30",bound_channel_dramsim3_only_excludes_unbound_idle_background,0,0,False
syn_dynamic_mixed_update__dynamic_weighted_sssp,syn_dynamic_mixed_update,synthetic,holdout,weighted_dynamic_sssp,spine,normalized_structural_simulation,spine_candidate10_opt_v2_reader_working_set,928a86a461d10cb3ea9bdd2b84d30b567b0200afdc5ca1742a36ef2301d5ab36,100958,150.0,0.6730533333333333,0.3898011390119791,8,6,4,9403,0,12923,1,True,16195,0,0,0,1,4611,4792,441,440,362466930.0,32,8,"0,16,17,18,19,20,21,22",bound_channel_dramsim3_only_excludes_unbound_idle_background,0,0,False
syn_dynamic_mixed_update__full_pagerank,syn_dynamic_mixed_update,synthetic,holdout,full_pagerank,grasu_regraph,hls_equivalent_proposed_execution_driven_simulation,grasu_regraph_candidate10_k1_multipart_pagerank_v4,cb33252599584880ffb2281d161178f543db68e3dfb855df0f4b3fef4fa733ab,438280,150.0,2.921866666666667,3.163514580577612,8,6,0,247339,,,,,3296979,10267,10335,1,3,210473,36866,24769,24766,1267231350.0,32,5,"0,1,2,3,30",bound_channel_dramsim3_only_excludes_unbound_idle_background,0,0,False
syn_dynamic_mixed_update__full_pagerank,syn_dynamic_mixed_update,synthetic,holdout,full_pagerank,spine,normalized_structural_simulation,spine_candidate10_opt_v2_reader_working_set,928a86a461d10cb3ea9bdd2b84d30b567b0200afdc5ca1742a36ef2301d5ab36,31846,150.0,0.21230666666666667,0.27030332665890455,8,6,0,2098,1,6093,1,True,4086,0,0,0,1,1792,306,158,158,113546208.0,32,8,"0,16,17,18,19,20,21,22",bound_channel_dramsim3_only_excludes_unbound_idle_background,0,0,False
syn_dynamic_mixed_update__residual_pagerank,syn_dynamic_mixed_update,synthetic,holdout,thresholded_residual_pagerank,grasu_regraph,hls_equivalent_proposed_execution_driven_simulation,grasu_regraph_candidate10_k1_multipart_residual_v4,0d035f8c036c3632a6d99770abd91b7144b8ceb19b9777a4fd5e1d59b367a049,10802040,150.0,72.0136,76.44484117720276,8,6,0,7160328,,,,,90342467,430548,433358,102,3,5865990,1294338,230238,230232,32115246618.0,32,5,"0,1,2,3,30",bound_channel_dramsim3_only_excludes_unbound_idle_background,0,0,False
syn_dynamic_mixed_update__residual_pagerank,syn_dynamic_mixed_update,synthetic,holdout,thresholded_residual_pagerank,spine,normalized_structural_simulation,spine_candidate10_opt_v2_reader_working_set,928a86a461d10cb3ea9bdd2b84d30b567b0200afdc5ca1742a36ef2301d5ab36,686935,150.0,4.579566666666667,1.115056212991476,8,6,0,39586,1,6093,1,True,43365,0,0,0,1,36754,2832,3046,3044,2449975854.0,32,8,"0,16,17,18,19,20,21,22",bound_channel_dramsim3_only_excludes_unbound_idle_background,0,0,False
syn_dynamic_mixed_update__weighted_sssp,syn_dynamic_mixed_update,synthetic,holdout,weighted_sssp,grasu_regraph,hls_sw_emu_aligned_execution_driven_simulation,grasu_regraph_candidate10_k1_multipart_weighted_v4,a6a2cca9dff4f55b3f096868c2e24b453c3a249cfcff443c50f5e7a61f5ca71e,167807,150.0,1.1187133333333332,1.0759376715868711,8,6,0,67636,,,,,73328,522,522,0,2,18484,49152,2411,2403,469714512.0,32,5,"0,1,2,3,30",bound_channel_dramsim3_only_excludes_unbound_idle_background,0,0,False
syn_dynamic_mixed_update__weighted_sssp,syn_dynamic_mixed_update,synthetic,holdout,weighted_sssp,spine,normalized_structural_simulation,spine_candidate10_opt_v2_reader_working_set,928a86a461d10cb3ea9bdd2b84d30b567b0200afdc5ca1742a36ef2301d5ab36,51757,150.0,0.34504666666666667,0.2954910211265087,8,6,0,3380,1,6093,1,True,6941,0,0,0,1,2517,863,225,224,184251396.0,32,8,"0,16,17,18,19,20,21,22",bound_channel_dramsim3_only_excludes_unbound_idle_background,0,0,False
syn_dynamic_shortcut_insert__dynamic_weighted_sssp,syn_dynamic_shortcut_insert,synthetic,calibration,weighted_dynamic_sssp,grasu_regraph,hls_sw_emu_aligned_execution_driven_simulation,grasu_regraph_candidate10_k1_multipart_weighted_v4,a6a2cca9dff4f55b3f096868c2e24b453c3a249cfcff443c50f5e7a61f5ca71e,133847,150.0,0.8923133333333333,0.856227152980864,8,5,1,50732,,,,,54941,374,374,0,2,13866,36866,1796,1788,369082452.0,32,5,"0,1,2,3,30",bound_channel_dramsim3_only_excludes_unbound_idle_background,0,0,False
syn_dynamic_shortcut_insert__dynamic_weighted_sssp,syn_dynamic_shortcut_insert,synthetic,calibration,weighted_dynamic_sssp,spine,normalized_structural_simulation,spine_candidate10_opt_v2_reader_working_set,928a86a461d10cb3ea9bdd2b84d30b567b0200afdc5ca1742a36ef2301d5ab36,91663,150.0,0.6110866666666667,0.34107433445751667,8,5,1,6278,1,4896,1,True,13252,0,0,0,1,4539,1739,403,402,326162040.0,32,8,"0,16,17,18,19,20,21,22",bound_channel_dramsim3_only_excludes_unbound_idle_background,0,0,False
syn_dynamic_shortcut_insert__full_pagerank,syn_dynamic_shortcut_insert,synthetic,calibration,full_pagerank,grasu_regraph,hls_equivalent_proposed_execution_driven_simulation,grasu_regraph_candidate10_k1_multipart_pagerank_v4,cb33252599584880ffb2281d161178f543db68e3dfb855df0f4b3fef4fa733ab,438322,150.0,2.9221466666666664,3.1925476975739002,8,5,0,247336,,,,,3292690,10270,10332,2,3,210470,36866,24710,24707,1268527116.0,32,5,"0,1,2,3,30",bound_channel_dramsim3_only_excludes_unbound_idle_background,0,0,False
syn_dynamic_shortcut_insert__full_pagerank,syn_dynamic_shortcut_insert,synthetic,calibration,full_pagerank,spine,normalized_structural_simulation,spine_candidate10_opt_v2_reader_working_set,928a86a461d10cb3ea9bdd2b84d30b567b0200afdc5ca1742a36ef2301d5ab36,31524,150.0,0.21016,0.26135546062141657,8,5,0,2070,1,5845,1,True,4184,0,0,0,1,1770,300,152,149,111939150.0,32,8,"0,16,17,18,19,20,21,22",bound_channel_dramsim3_only_excludes_unbound_idle_background,0,0,False
syn_dynamic_shortcut_insert__residual_pagerank,syn_dynamic_shortcut_insert,synthetic,calibration,thresholded_residual_pagerank,grasu_regraph,hls_equivalent_proposed_execution_driven_simulation,grasu_regraph_candidate10_k1_multipart_residual_v4,0d035f8c036c3632a6d99770abd91b7144b8ceb19b9777a4fd5e1d59b367a049,10937225,150.0,72.91483333333333,78.04261670820415,8,5,0,7250885,,,,,91485644,434787,437541,88,3,5940163,1310722,233764,233764,32516904072.0,32,5,"0,1,2,3,30",bound_channel_dramsim3_only_excludes_unbound_idle_background,0,0,False
syn_dynamic_shortcut_insert__residual_pagerank,syn_dynamic_shortcut_insert,synthetic,calibration,thresholded_residual_pagerank,spine,normalized_structural_simulation,spine_candidate10_opt_v2_reader_working_set,928a86a461d10cb3ea9bdd2b84d30b567b0200afdc5ca1742a36ef2301d5ab36,691287,150.0,4.60858,1.1027973964810371,8,5,0,39844,1,5845,1,True,43823,0,0,0,1,36968,2876,3117,3115,2464499238.0,32,8,"0,16,17,18,19,20,21,22",bound_channel_dramsim3_only_excludes_unbound_idle_background,0,0,False
syn_dynamic_shortcut_insert__weighted_sssp,syn_dynamic_shortcut_insert,synthetic,calibration,weighted_sssp,grasu_regraph,hls_sw_emu_aligned_execution_driven_simulation,grasu_regraph_candidate10_k1_multipart_weighted_v4,a6a2cca9dff4f55b3f096868c2e24b453c3a249cfcff443c50f5e7a61f5ca71e,167807,150.0,1.1187133333333332,1.0530727729201317,8,5,0,67632,,,,,73341,531,531,0,2,18480,49152,2411,2403,469721520.0,32,5,"0,1,2,3,30",bound_channel_dramsim3_only_excludes_unbound_idle_background,0,0,False
syn_dynamic_shortcut_insert__weighted_sssp,syn_dynamic_shortcut_insert,synthetic,calibration,weighted_sssp,spine,normalized_structural_simulation,spine_candidate10_opt_v2_reader_working_set,928a86a461d10cb3ea9bdd2b84d30b567b0200afdc5ca1742a36ef2301d5ab36,51236,150.0,0.34157333333333334,0.2901040678843856,8,5,0,3362,1,5845,1,True,7047,0,0,0,1,2502,860,213,212,181977984.0,32,8,"0,16,17,18,19,20,21,22",bound_channel_dramsim3_only_excludes_unbound_idle_background,0,0,False
syn_gather_bank_fanin_e1024__full_pagerank,syn_gather_bank_fanin_e1024,synthetic,calibration,full_pagerank,grasu_regraph,hls_equivalent_proposed_execution_driven_simulation,grasu_regraph_candidate10_k1_multipart_pagerank_v4,cb33252599584880ffb2281d161178f543db68e3dfb855df0f4b3fef4fa733ab,1531580,150.0,10.210533333333334,6.698268843814731,33281,1024,0,357095,,,,,3441610,10248,10322,9,3,316069,41026,28080,28077,3804937776.0,32,5,"0,1,2,3,30",bound_channel_dramsim3_only_excludes_unbound_idle_background,0,0,False
syn_gather_bank_fanin_e1024__full_pagerank,syn_gather_bank_fanin_e1024,synthetic,calibration,full_pagerank,spine,normalized_structural_simulation,spine_candidate10_opt_v2_reader_working_set,928a86a461d10cb3ea9bdd2b84d30b567b0200afdc5ca1742a36ef2301d5ab36,3460512,150.0,23.07008,6.202433984726667,33281,1024,0,421390,1,118645,1,True,836093,0,0,0,1,317944,103446,12536,12533,12495470226.0,32,8,"0,16,17,18,19,20,21,22",bound_channel_dramsim3_only_excludes_unbound_idle_background,0,0,False
syn_gather_bank_fanin_e1024__residual_pagerank,syn_gather_bank_fanin_e1024,synthetic,calibration,thresholded_residual_pagerank,grasu_regraph,hls_equivalent_proposed_execution_driven_simulation,grasu_regraph_candidate10_k1_multipart_residual_v4,0d035f8c036c3632a6d99770abd91b7144b8ceb19b9777a4fd5e1d59b367a049,37474658,150.0,249.83105333333333,157.20179159846157,33281,1024,0,9344080,,,,,88348718,409677,412474,213,3,8111118,1232962,279768,279765,93447765270.0,32,5,"0,1,2,3,30",bound_channel_dramsim3_only_excludes_unbound_idle_background,0,0,False
syn_gather_bank_fanin_e1024__residual_pagerank,syn_gather_bank_fanin_e1024,synthetic,calibration,thresholded_residual_pagerank,spine,normalized_structural_simulation,spine_candidate10_opt_v2_reader_working_set,928a86a461d10cb3ea9bdd2b84d30b567b0200afdc5ca1742a36ef2301d5ab36,104147107,150.0,694.3140466666666,208.02676958125085,33281,1024,0,17598598,1,118645,1,True,30073311,0,0,0,1,10171588,7427010,515962,515960,381449431290.0,32,8,"0,16,17,18,19,20,21,22",bound_channel_dramsim3_only_excludes_unbound_idle_background,0,0,False
syn_gather_bank_fanin_e1024__weighted_sssp,syn_gather_bank_fanin_e1024,synthetic,calibration,weighted_sssp,grasu_regraph,hls_sw_emu_aligned_execution_driven_simulation,grasu_regraph_candidate10_k1_multipart_weighted_v4,a6a2cca9dff4f55b3f096868c2e24b453c3a249cfcff443c50f5e7a61f5ca71e,825749,150.0,5.504993333333333,2.7843857994303107,33281,1024,0,101442,,,,,104208,257,257,0,2,76866,24576,2822,2816,1947229362.0,32,5,"0,1,2,3,30",bound_channel_dramsim3_only_excludes_unbound_idle_background,0,0,False
syn_gather_bank_fanin_e1024__weighted_sssp,syn_gather_bank_fanin_e1024,synthetic,calibration,weighted_sssp,spine,normalized_structural_simulation,spine_candidate10_opt_v2_reader_working_set,928a86a461d10cb3ea9bdd2b84d30b567b0200afdc5ca1742a36ef2301d5ab36,374645,150.0,2.4976333333333334,0.7672447180375457,33281,1024,0,25146,1,118645,1,True,58180,0,0,0,1,18630,6516,2076,2075,1325109480.0,32,8,"0,16,17,18,19,20,21,22",bound_channel_dramsim3_only_excludes_unbound_idle_background,0,0,False
syn_hot_destination_e256__full_pagerank,syn_hot_destination_e256,synthetic,holdout,full_pagerank,grasu_regraph,hls_equivalent_proposed_execution_driven_simulation,grasu_regraph_candidate10_k1_multipart_pagerank_v4,cb33252599584880ffb2281d161178f543db68e3dfb855df0f4b3fef4fa733ab,451276,150.0,3.008506666666667,3.2842346392571926,258,256,0,248546,,,,,3295983,10173,10252,12,3,211648,36898,24753,24750,1299581814.0,32,5,"0,1,2,3,30",bound_channel_dramsim3_only_excludes_unbound_idle_background,0,0,False
syn_hot_destination_e256__full_pagerank,syn_hot_destination_e256,synthetic,holdout,full_pagerank,spine,normalized_structural_simulation,spine_candidate10_opt_v2_reader_working_set,928a86a461d10cb3ea9bdd2b84d30b567b0200afdc5ca1742a36ef2301d5ab36,110923,150.0,0.7394866666666666,0.3852909617125988,258,256,0,9992,1,33253,1,True,25226,0,0,0,1,8125,1867,377,375,395994396.0,32,8,"0,16,17,18,19,20,21,22",bound_channel_dramsim3_only_excludes_unbound_idle_background,0,0,False
syn_hot_destination_e256__residual_pagerank,syn_hot_destination_e256,synthetic,holdout,thresholded_residual_pagerank,grasu_regraph,hls_equivalent_proposed_execution_driven_simulation,grasu_regraph_candidate10_k1_multipart_residual_v4,0d035f8c036c3632a6d99770abd91b7144b8ceb19b9777a4fd5e1d59b367a049,10714824,150.0,71.43216,75.61544159427285,258,256,0,6917453,,,,,86899898,414108,416939,186,3,5672235,1245218,223225,223219,31672273590.0,32,5,"0,1,2,3,30",bound_channel_dramsim3_only_excludes_unbound_idle_background,0,0,False
syn_hot_destination_e256__residual_pagerank,syn_hot_destination_e256,synthetic,holdout,thresholded_residual_pagerank,spine,normalized_structural_simulation,spine_candidate10_opt_v2_reader_working_set,928a86a461d10cb3ea9bdd2b84d30b567b0200afdc5ca1742a36ef2301d5ab36,2110699,150.0,14.071326666666666,3.669604833237827,258,256,0,229163,1,33253,1,True,504495,0,0,0,1,170062,59101,8789,8788,7613351748.0,32,8,"0,16,17,18,19,20,21,22",bound_channel_dramsim3_only_excludes_unbound_idle_background,0,0,False
syn_hot_destination_e256__weighted_sssp,syn_hot_destination_e256,synthetic,holdout,weighted_sssp,grasu_regraph,hls_sw_emu_aligned_execution_driven_simulation,grasu_regraph_candidate10_k1_multipart_weighted_v4,a6a2cca9dff4f55b3f096868c2e24b453c3a249cfcff443c50f5e7a61f5ca71e,108483,150.0,0.72322,0.6874522557482123,258,256,0,34580,,,,,37347,224,224,0,2,10004,24576,1246,1241,289475754.0,32,5,"0,1,2,3,30",bound_channel_dramsim3_only_excludes_unbound_idle_background,0,0,False
syn_hot_destination_e256__weighted_sssp,syn_hot_destination_e256,synthetic,holdout,weighted_sssp,spine,normalized_structural_simulation,spine_candidate10_opt_v2_reader_working_set,928a86a461d10cb3ea9bdd2b84d30b567b0200afdc5ca1742a36ef2301d5ab36,99063,150.0,0.66042,0.3525003530085087,258,256,0,7670,1,33253,1,True,17108,0,0,0,1,5838,1832,528,527,351990816.0,32,8,"0,16,17,18,19,20,21,22",bound_channel_dramsim3_only_excludes_unbound_idle_background,0,0,False
syn_hot_source_e256__full_pagerank,syn_hot_source_e256,synthetic,calibration,full_pagerank,grasu_regraph,hls_equivalent_proposed_execution_driven_simulation,grasu_regraph_candidate10_k1_multipart_pagerank_v4,cb33252599584880ffb2281d161178f543db68e3dfb855df0f4b3fef4fa733ab,442948,150.0,2.952986666666667,3.23021297249943,257,256,0,248183,,,,,3295837,10356,10428,4,3,211285,36898,24925,24922,1279426962.0,32,5,"0,1,2,3,30",bound_channel_dramsim3_only_excludes_unbound_idle_background,0,0,False
syn_hot_source_e256__full_pagerank,syn_hot_source_e256,synthetic,calibration,full_pagerank,spine,normalized_structural_simulation,spine_candidate10_opt_v2_reader_working_set,928a86a461d10cb3ea9bdd2b84d30b567b0200afdc5ca1742a36ef2301d5ab36,66233,150.0,0.44155333333333335,0.33248228300362825,257,256,0,8315,1,14419,1,True,24846,0,0,0,1,6740,1575,283,281,239716614.0,32,8,"0,16,17,18,19,20,21,22",bound_channel_dramsim3_only_excludes_unbound_idle_background,0,0,False
syn_hot_source_e256__residual_pagerank,syn_hot_source_e256,synthetic,calibration,thresholded_residual_pagerank,grasu_regraph,hls_equivalent_proposed_execution_driven_simulation,grasu_regraph_candidate10_k1_multipart_residual_v4,0d035f8c036c3632a6d99770abd91b7144b8ceb19b9777a4fd5e1d59b367a049,10286584,150.0,68.57722666666666,72.24868480768055,257,256,0,6726463,,,,,84620381,402278,405060,229,3,5514013,1212450,215846,215842,30484432290.0,32,5,"0,1,2,3,30",bound_channel_dramsim3_only_excludes_unbound_idle_background,0,0,False
syn_hot_source_e256__residual_pagerank,syn_hot_source_e256,synthetic,calibration,thresholded_residual_pagerank,spine,normalized_structural_simulation,spine_candidate10_opt_v2_reader_working_set,928a86a461d10cb3ea9bdd2b84d30b567b0200afdc5ca1742a36ef2301d5ab36,1455542,150.0,9.703613333333333,2.947601447813213,257,256,0,204529,1,14419,1,True,579437,0,0,0,1,145961,58568,6887,6886,5296116192.0,32,8,"0,16,17,18,19,20,21,22",bound_channel_dramsim3_only_excludes_unbound_idle_background,0,0,False
syn_hot_source_e256__weighted_sssp,syn_hot_source_e256,synthetic,calibration,weighted_sssp,grasu_regraph,hls_sw_emu_aligned_execution_driven_simulation,grasu_regraph_candidate10_k1_multipart_weighted_v4,a6a2cca9dff4f55b3f096868c2e24b453c3a249cfcff443c50f5e7a61f5ca71e,65771,150.0,0.4384733333333333,0.46545112039893866,257,256,0,17169,,,,,18648,143,143,0,2,4881,12288,602,597,168295890.0,32,5,"0,1,2,3,30",bound_channel_dramsim3_only_excludes_unbound_idle_background,0,0,False
syn_hot_source_e256__weighted_sssp,syn_hot_source_e256,synthetic,calibration,weighted_sssp,spine,normalized_structural_simulation,spine_candidate10_opt_v2_reader_working_set,928a86a461d10cb3ea9bdd2b84d30b567b0200afdc5ca1742a36ef2301d5ab36,34717,150.0,0.23144666666666666,0.28494463209062815,257,256,0,4783,1,14419,1,True,12579,0,0,0,1,3221,1562,149,148,125793438.0,32,8,"0,16,17,18,19,20,21,22",bound_channel_dramsim3_only_excludes_unbound_idle_background,0,0,False
syn_pagerank_cycle_v32__full_pagerank,syn_pagerank_cycle_v32,synthetic,calibration,full_pagerank,grasu_regraph,hls_equivalent_proposed_execution_driven_simulation,grasu_regraph_candidate10_k1_multipart_pagerank_v4,cb33252599584880ffb2281d161178f543db68e3dfb855df0f4b3fef4fa733ab,439388,150.0,2.9292533333333335,3.1720609329640865,32,64,0,247496,,,,,3295347,10310,10388,8,3,210628,36868,24751,24749,1269596598.0,32,5,"0,1,2,3,30",bound_channel_dramsim3_only_excludes_unbound_idle_background,0,0,False
syn_pagerank_cycle_v32__full_pagerank,syn_pagerank_cycle_v32,synthetic,calibration,full_pagerank,spine,normalized_structural_simulation,spine_candidate10_opt_v2_reader_working_set,928a86a461d10cb3ea9bdd2b84d30b567b0200afdc5ca1742a36ef2301d5ab36,46141,150.0,0.30760666666666664,0.30187602154910564,32,64,0,3496,1,11884,1,True,6415,0,0,0,1,2936,560,198,195,164463894.0,32,8,"0,16,17,18,19,20,21,22",bound_channel_dramsim3_only_excludes_unbound_idle_background,0,0,False
syn_pagerank_cycle_v32__residual_pagerank,syn_pagerank_cycle_v32,synthetic,calibration,thresholded_residual_pagerank,grasu_regraph,hls_equivalent_proposed_execution_driven_simulation,grasu_regraph_candidate10_k1_multipart_residual_v4,0d035f8c036c3632a6d99770abd91b7144b8ceb19b9777a4fd5e1d59b367a049,10143505,150.0,67.62336666666667,71.63488096930087,32,64,0,6710922,,,,,84630808,403889,406554,193,3,5498502,1212420,216555,216552,30146273316.0,32,5,"0,1,2,3,30",bound_channel_dramsim3_only_excludes_unbound_idle_background,0,0,False
syn_pagerank_cycle_v32__residual_pagerank,syn_pagerank_cycle_v32,synthetic,calibration,thresholded_residual_pagerank,spine,normalized_structural_simulation,spine_candidate10_opt_v2_reader_working_set,928a86a461d10cb3ea9bdd2b84d30b567b0200afdc5ca1742a36ef2301d5ab36,877627,150.0,5.8508466666666665,1.4350947495549917,32,64,0,64134,1,11884,1,True,78122,0,0,0,1,55856,8278,3542,3542,3135613728.0,32,8,"0,16,17,18,19,20,21,22",bound_channel_dramsim3_only_excludes_unbound_idle_background,0,0,False
syn_pagerank_cycle_v32__weighted_sssp,syn_pagerank_cycle_v32,synthetic,calibration,weighted_sssp,grasu_regraph,hls_sw_emu_aligned_execution_driven_simulation,grasu_regraph_candidate10_k1_multipart_weighted_v4,a6a2cca9dff4f55b3f096868c2e24b453c3a249cfcff443c50f5e7a61f5ca71e,340853,150.0,2.2723533333333332,2.0311998669058084,32,64,0,152640,,,,,165382,1146,1146,0,2,42048,110592,5451,5445,981334818.0,32,5,"0,1,2,3,30",bound_channel_dramsim3_only_excludes_unbound_idle_background,0,0,False
syn_pagerank_cycle_v32__weighted_sssp,syn_pagerank_cycle_v32,synthetic,calibration,weighted_sssp,spine,normalized_structural_simulation,spine_candidate10_opt_v2_reader_working_set,928a86a461d10cb3ea9bdd2b84d30b567b0200afdc5ca1742a36ef2301d5ab36,112523,150.0,0.7501533333333333,0.3796396115794778,32,64,0,7280,1,11884,1,True,13253,0,0,0,1,5615,1665,492,491,400817742.0,32,8,"0,16,17,18,19,20,21,22",bound_channel_dramsim3_only_excludes_unbound_idle_background,0,0,False
syn_pagerank_dangling_v33__full_pagerank,syn_pagerank_dangling_v33,synthetic,holdout,full_pagerank,grasu_regraph,hls_equivalent_proposed_execution_driven_simulation,grasu_regraph_candidate10_k1_multipart_pagerank_v4,cb33252599584880ffb2281d161178f543db68e3dfb855df0f4b3fef4fa733ab,439310,150.0,2.928733333333333,3.2108731837943196,33,42,0,247500,,,,,3290825,10150,10234,10,3,210630,36870,24638,24634,1271676894.0,32,5,"0,1,2,3,30",bound_channel_dramsim3_only_excludes_unbound_idle_background,0,0,False
syn_pagerank_dangling_v33__full_pagerank,syn_pagerank_dangling_v33,synthetic,holdout,full_pagerank,spine,normalized_structural_simulation,spine_candidate10_opt_v2_reader_working_set,928a86a461d10cb3ea9bdd2b84d30b567b0200afdc5ca1742a36ef2301d5ab36,44634,150.0,0.29756,0.2716330625116825,33,42,0,3207,1,10870,1,True,6134,0,0,0,1,2692,515,190,190,159114096.0,32,8,"0,16,17,18,19,20,21,22",bound_channel_dramsim3_only_excludes_unbound_idle_background,0,0,False
syn_pagerank_dangling_v33__residual_pagerank,syn_pagerank_dangling_v33,synthetic,holdout,thresholded_residual_pagerank,grasu_regraph,hls_equivalent_proposed_execution_driven_simulation,grasu_regraph_candidate10_k1_multipart_residual_v4,0d035f8c036c3632a6d99770abd91b7144b8ceb19b9777a4fd5e1d59b367a049,11919380,150.0,79.46253333333334,85.95164180919528,33,42,0,7889871,,,,,99471649,472770,475883,210,3,6464457,1425414,253827,253827,35441380740.0,32,5,"0,1,2,3,30",bound_channel_dramsim3_only_excludes_unbound_idle_background,0,0,False
syn_pagerank_dangling_v33__residual_pagerank,syn_pagerank_dangling_v33,synthetic,holdout,thresholded_residual_pagerank,spine,normalized_structural_simulation,spine_candidate10_opt_v2_reader_working_set,928a86a461d10cb3ea9bdd2b84d30b567b0200afdc5ca1742a36ef2301d5ab36,971975,150.0,6.479833333333334,1.541587152518332,33,42,0,67628,1,10870,1,True,83289,0,0,0,1,58547,9081,4132,4131,3476461626.0,32,8,"0,16,17,18,19,20,21,22",bound_channel_dramsim3_only_excludes_unbound_idle_background,0,0,False
syn_pagerank_dangling_v33__weighted_sssp,syn_pagerank_dangling_v33,synthetic,holdout,weighted_sssp,grasu_regraph,hls_sw_emu_aligned_execution_driven_simulation,grasu_regraph_candidate10_k1_multipart_weighted_v4,a6a2cca9dff4f55b3f096868c2e24b453c3a249cfcff443c50f5e7a61f5ca71e,1096141,150.0,7.307606666666667,6.259427637793124,33,42,0,525760,,,,,569100,3969,3969,0,2,144832,380928,18758,18750,3215229660.0,32,5,"0,1,2,3,30",bound_channel_dramsim3_only_excludes_unbound_idle_background,0,0,False
syn_pagerank_dangling_v33__weighted_sssp,syn_pagerank_dangling_v33,synthetic,holdout,weighted_sssp,spine,normalized_structural_simulation,spine_candidate10_opt_v2_reader_working_set,928a86a461d10cb3ea9bdd2b84d30b567b0200afdc5ca1742a36ef2301d5ab36,309511,150.0,2.063406666666667,0.6277267448604107,33,42,0,18292,1,10870,1,True,31263,0,0,0,1,14326,3966,1248,1247,1101114438.0,32,8,"0,16,17,18,19,20,21,22",bound_channel_dramsim3_only_excludes_unbound_idle_background,0,0,False
syn_residual_frontier_tree_v127__full_pagerank,syn_residual_frontier_tree_v127,synthetic,calibration,full_pagerank,grasu_regraph,hls_equivalent_proposed_execution_driven_simulation,grasu_regraph_candidate10_k1_multipart_pagerank_v4,cb33252599584880ffb2281d161178f543db68e3dfb855df0f4b3fef4fa733ab,443903,150.0,2.9593533333333335,3.202209733426571,127,126,0,247898,,,,,3294202,10160,10220,2,3,211018,36880,24776,24771,1280412174.0,32,5,"0,1,2,3,30",bound_channel_dramsim3_only_excludes_unbound_idle_background,0,0,False
syn_residual_frontier_tree_v127__full_pagerank,syn_residual_frontier_tree_v127,synthetic,calibration,full_pagerank,spine,normalized_structural_simulation,spine_candidate10_opt_v2_reader_working_set,928a86a461d10cb3ea9bdd2b84d30b567b0200afdc5ca1742a36ef2301d5ab36,68721,150.0,0.45814,0.3229979509487748,127,126,0,5853,1,18433,1,True,10649,0,0,0,1,4806,1047,247,245,245419554.0,32,8,"0,16,17,18,19,20,21,22",bound_channel_dramsim3_only_excludes_unbound_idle_background,0,0,False
syn_residual_frontier_tree_v127__residual_pagerank,syn_residual_frontier_tree_v127,synthetic,calibration,thresholded_residual_pagerank,grasu_regraph,hls_equivalent_proposed_execution_driven_simulation,grasu_regraph_candidate10_k1_multipart_residual_v4,0d035f8c036c3632a6d99770abd91b7144b8ceb19b9777a4fd5e1d59b367a049,11358916,150.0,75.72610666666667,80.20838356669992,127,126,0,7446788,,,,,93777435,446431,449265,162,3,6103284,1343504,239960,239956,33700275126.0,32,5,"0,1,2,3,30",bound_channel_dramsim3_only_excludes_unbound_idle_background,0,0,False
syn_residual_frontier_tree_v127__residual_pagerank,syn_residual_frontier_tree_v127,synthetic,calibration,thresholded_residual_pagerank,spine,normalized_structural_simulation,spine_candidate10_opt_v2_reader_working_set,928a86a461d10cb3ea9bdd2b84d30b567b0200afdc5ca1742a36ef2301d5ab36,1422274,150.0,9.481826666666667,2.4064784105867147,127,126,0,136067,1,18433,1,True,193421,0,0,0,1,104931,31136,5681,5680,5112136272.0,32,8,"0,16,17,18,19,20,21,22",bound_channel_dramsim3_only_excludes_unbound_idle_background,0,0,False
syn_residual_frontier_tree_v127__weighted_sssp,syn_residual_frontier_tree_v127,synthetic,calibration,weighted_sssp,grasu_regraph,hls_sw_emu_aligned_execution_driven_simulation,grasu_regraph_candidate10_k1_multipart_weighted_v4,a6a2cca9dff4f55b3f096868c2e24b453c3a249cfcff443c50f5e7a61f5ca71e,246776,150.0,1.6451733333333334,1.4659970868378878,127,126,0,102516,,,,,110963,782,782,0,2,28788,73728,3652,3644,697608366.0,32,5,"0,1,2,3,30",bound_channel_dramsim3_only_excludes_unbound_idle_background,0,0,False
syn_residual_frontier_tree_v127__weighted_sssp,syn_residual_frontier_tree_v127,synthetic,calibration,weighted_sssp,spine,normalized_structural_simulation,spine_candidate10_opt_v2_reader_working_set,928a86a461d10cb3ea9bdd2b84d30b567b0200afdc5ca1742a36ef2301d5ab36,100819,150.0,0.6721266666666667,0.35686773248016834,127,126,0,7242,1,18433,1,True,13418,0,0,0,1,5481,1761,435,434,359083572.0,32,8,"0,16,17,18,19,20,21,22",bound_channel_dramsim3_only_excludes_unbound_idle_background,0,0,False
syn_residual_skew_hub_v257__full_pagerank,syn_residual_skew_hub_v257,synthetic,holdout,full_pagerank,grasu_regraph,hls_equivalent_proposed_execution_driven_simulation,grasu_regraph_candidate10_k1_multipart_pagerank_v4,cb33252599584880ffb2281d161178f543db68e3dfb855df0f4b3fef4fa733ab,457319,150.0,3.0487933333333332,3.2478186301887035,257,512,0,248951,,,,,3297109,10163,10217,0,3,212053,36898,24877,24874,1313272428.0,32,5,"0,1,2,3,30",bound_channel_dramsim3_only_excludes_unbound_idle_background,0,0,False
syn_residual_skew_hub_v257__full_pagerank,syn_residual_skew_hub_v257,synthetic,holdout,full_pagerank,spine,normalized_structural_simulation,spine_candidate10_opt_v2_reader_working_set,928a86a461d10cb3ea9bdd2b84d30b567b0200afdc5ca1742a36ef2301d5ab36,168986,150.0,1.1265733333333334,0.46906618773937225,257,512,0,15028,1,61707,1,True,44873,0,0,0,1,12326,2702,549,547,601764222.0,32,8,"0,16,17,18,19,20,21,22",bound_channel_dramsim3_only_excludes_unbound_idle_background,0,0,False
syn_residual_skew_hub_v257__residual_pagerank,syn_residual_skew_hub_v257,synthetic,holdout,thresholded_residual_pagerank,grasu_regraph,hls_equivalent_proposed_execution_driven_simulation,grasu_regraph_candidate10_k1_multipart_residual_v4,0d035f8c036c3632a6d99770abd91b7144b8ceb19b9777a4fd5e1d59b367a049,10579213,150.0,70.52808666666667,73.61588956974447,257,512,0,6745407,,,,,84644316,401990,404721,201,3,5532957,1212450,218793,218793,31198123926.0,32,5,"0,1,2,3,30",bound_channel_dramsim3_only_excludes_unbound_idle_background,0,0,False
syn_residual_skew_hub_v257__residual_pagerank,syn_residual_skew_hub_v257,synthetic,holdout,thresholded_residual_pagerank,spine,normalized_structural_simulation,spine_candidate10_opt_v2_reader_working_set,928a86a461d10cb3ea9bdd2b84d30b567b0200afdc5ca1742a36ef2301d5ab36,2379206,150.0,15.861373333333333,4.071280940435827,257,512,0,243860,1,61707,1,True,700183,0,0,0,1,192901,50959,9768,9767,8563522512.0,32,8,"0,16,17,18,19,20,21,22",bound_channel_dramsim3_only_excludes_unbound_idle_background,0,0,False
syn_residual_skew_hub_v257__weighted_sssp,syn_residual_skew_hub_v257,synthetic,holdout,weighted_sssp,grasu_regraph,hls_sw_emu_aligned_execution_driven_simulation,grasu_regraph_candidate10_k1_multipart_weighted_v4,a6a2cca9dff4f55b3f096868c2e24b453c3a249cfcff443c50f5e7a61f5ca71e,72382,150.0,0.4825466666666667,0.486489724367857,257,512,0,17425,,,,,18867,138,138,0,2,5137,12288,642,636,183714672.0,32,5,"0,1,2,3,30",bound_channel_dramsim3_only_excludes_unbound_idle_background,0,0,False
syn_residual_skew_hub_v257__weighted_sssp,syn_residual_skew_hub_v257,synthetic,holdout,weighted_sssp,spine,normalized_structural_simulation,spine_candidate10_opt_v2_reader_working_set,928a86a461d10cb3ea9bdd2b84d30b567b0200afdc5ca1742a36ef2301d5ab36,158740,150.0,1.0582666666666667,0.4558514840900898,257,512,0,12648,1,61707,1,True,29597,0,0,0,1,9703,2945,899,898,563955828.0,32,8,"0,16,17,18,19,20,21,22",bound_channel_dramsim3_only_excludes_unbound_idle_background,0,0,False
syn_source_window_e4095__full_pagerank,syn_source_window_e4095,synthetic,calibration,full_pagerank,grasu_regraph,hls_equivalent_proposed_execution_driven_simulation,grasu_regraph_candidate10_k1_multipart_pagerank_v4,cb33252599584880ffb2281d161178f543db68e3dfb855df0f4b3fef4fa733ab,891819,150.0,5.94546,4.6029192795977,8191,4095,0,286202,,,,,3341228,10132,10208,1,3,248314,37888,27817,27814,2349043878.0,32,5,"0,1,2,3,30",bound_channel_dramsim3_only_excludes_unbound_idle_background,0,0,False
syn_source_window_e4095__full_pagerank,syn_source_window_e4095,synthetic,calibration,full_pagerank,spine,normalized_structural_simulation,spine_candidate10_opt_v2_reader_working_set,928a86a461d10cb3ea9bdd2b84d30b567b0200afdc5ca1742a36ef2301d5ab36,2753865,150.0,18.3591,5.179820102639496,8191,4095,0,207516,1,769855,1,True,572107,0,0,0,1,164655,42861,62016,62015,9817735848.0,32,8,"0,16,17,18,19,20,21,22",bound_channel_dramsim3_only_excludes_unbound_idle_background,0,0,False
syn_source_window_e4095__residual_pagerank,syn_source_window_e4095,synthetic,calibration,thresholded_residual_pagerank,grasu_regraph,hls_equivalent_proposed_execution_driven_simulation,grasu_regraph_candidate10_k1_multipart_residual_v4,0d035f8c036c3632a6d99770abd91b7144b8ceb19b9777a4fd5e1d59b367a049,21854458,150.0,145.69638666666665,108.80293849296868,8191,4095,0,7823720,,,,,87875914,413826,416635,189,3,6577512,1246208,293601,293597,58158307134.0,32,5,"0,1,2,3,30",bound_channel_dramsim3_only_excludes_unbound_idle_background,0,0,False
syn_source_window_e4095__residual_pagerank,syn_source_window_e4095,synthetic,calibration,thresholded_residual_pagerank,spine,normalized_structural_simulation,spine_candidate10_opt_v2_reader_working_set,928a86a461d10cb3ea9bdd2b84d30b567b0200afdc5ca1742a36ef2301d5ab36,57174654,150.0,381.16436,110.34261745493859,8191,4095,0,5717715,1,769855,1,True,12998670,0,0,0,1,3863915,1853800,2123596,2123595,206660349264.0,32,8,"0,16,17,18,19,20,21,22",bound_channel_dramsim3_only_excludes_unbound_idle_background,0,0,False
syn_source_window_e4095__weighted_sssp,syn_source_window_e4095,synthetic,calibration,weighted_sssp,grasu_regraph,hls_sw_emu_aligned_execution_driven_simulation,grasu_regraph_candidate10_k1_multipart_weighted_v4,a6a2cca9dff4f55b3f096868c2e24b453c3a249cfcff443c50f5e7a61f5ca71e,216589,150.0,1.4439266666666666,0.9135126629844308,8191,4095,0,29182,,,,,30589,135,135,0,2,16894,12288,1541,1538,526582368.0,32,5,"0,1,2,3,30",bound_channel_dramsim3_only_excludes_unbound_idle_background,0,0,False
syn_source_window_e4095__weighted_sssp,syn_source_window_e4095,synthetic,calibration,weighted_sssp,spine,normalized_structural_simulation,spine_candidate10_opt_v2_reader_working_set,928a86a461d10cb3ea9bdd2b84d30b567b0200afdc5ca1742a36ef2301d5ab36,1663703,150.0,11.091353333333334,3.0798091050237417,8191,4095,0,104757,1,769855,1,True,209110,0,0,0,1,82127,22630,6017,6016,5868381702.0,32,8,"0,16,17,18,19,20,21,22",bound_channel_dramsim3_only_excludes_unbound_idle_background,0,0,False
syn_source_window_e4096__full_pagerank,syn_source_window_e4096,synthetic,holdout,full_pagerank,grasu_regraph,hls_equivalent_proposed_execution_driven_simulation,grasu_regraph_candidate10_k1_multipart_pagerank_v4,cb33252599584880ffb2281d161178f543db68e3dfb855df0f4b3fef4fa733ab,891927,150.0,5.94618,4.651221229694784,8193,4096,0,286215,,,,,3341620,10182,10280,12,3,248325,37890,27832,27827,2349007194.0,32,5,"0,1,2,3,30",bound_channel_dramsim3_only_excludes_unbound_idle_background,0,0,False
syn_source_window_e4096__full_pagerank,syn_source_window_e4096,synthetic,holdout,full_pagerank,spine,normalized_structural_simulation,spine_candidate10_opt_v2_reader_working_set,928a86a461d10cb3ea9bdd2b84d30b567b0200afdc5ca1742a36ef2301d5ab36,2483233,150.0,16.55488666666667,4.463843148201704,8193,4096,0,207566,1,770016,1,True,570122,0,0,0,1,164695,42871,10731,10731,8840178042.0,32,8,"0,16,17,18,19,20,21,22",bound_channel_dramsim3_only_excludes_unbound_idle_background,0,0,False
syn_source_window_e4096__residual_pagerank,syn_source_window_e4096,synthetic,holdout,thresholded_residual_pagerank,grasu_regraph,hls_equivalent_proposed_execution_driven_simulation,grasu_regraph_candidate10_k1_multipart_residual_v4,0d035f8c036c3632a6d99770abd91b7144b8ceb19b9777a4fd5e1d59b367a049,21858052,150.0,145.72034666666667,108.41623408719897,8193,4096,0,7823953,,,,,87832387,414058,416850,187,3,6577743,1246210,293537,293537,58173510894.0,32,5,"0,1,2,3,30",bound_channel_dramsim3_only_excludes_unbound_idle_background,0,0,False
syn_source_window_e4096__residual_pagerank,syn_source_window_e4096,synthetic,holdout,thresholded_residual_pagerank,spine,normalized_structural_simulation,spine_candidate10_opt_v2_reader_working_set,928a86a461d10cb3ea9bdd2b84d30b567b0200afdc5ca1742a36ef2301d5ab36,48197117,150.0,321.31411333333335,83.6187110543251,8193,4096,0,5719579,1,770016,1,True,13000683,0,0,0,1,3865327,1854252,278149,278147,174151115808.0,32,8,"0,16,17,18,19,20,21,22",bound_channel_dramsim3_only_excludes_unbound_idle_background,0,0,False
syn_source_window_e4096__weighted_sssp,syn_source_window_e4096,synthetic,holdout,weighted_sssp,grasu_regraph,hls_sw_emu_aligned_execution_driven_simulation,grasu_regraph_candidate10_k1_multipart_weighted_v4,a6a2cca9dff4f55b3f096868c2e24b453c3a249cfcff443c50f5e7a61f5ca71e,216620,150.0,1.4441333333333333,0.9194051893427968,8193,4096,0,29185,,,,,30639,148,148,0,2,16897,12288,1544,1541,526662048.0,32,5,"0,1,2,3,30",bound_channel_dramsim3_only_excludes_unbound_idle_background,0,0,False
syn_source_window_e4096__weighted_sssp,syn_source_window_e4096,synthetic,holdout,weighted_sssp,spine,normalized_structural_simulation,spine_candidate10_opt_v2_reader_working_set,928a86a461d10cb3ea9bdd2b84d30b567b0200afdc5ca1742a36ef2301d5ab36,1664128,150.0,11.094186666666667,3.079536885023117,8193,4096,0,104781,1,770016,1,True,209106,0,0,0,1,82146,22635,6033,6032,5869611792.0,32,8,"0,16,17,18,19,20,21,22",bound_channel_dramsim3_only_excludes_unbound_idle_background,0,0,False
syn_source_window_e4097__full_pagerank,syn_source_window_e4097,synthetic,holdout,full_pagerank,grasu_regraph,hls_equivalent_proposed_execution_driven_simulation,grasu_regraph_candidate10_k1_multipart_pagerank_v4,cb33252599584880ffb2281d161178f543db68e3dfb855df0f4b3fef4fa733ab,892329,150.0,5.94886,4.616881220601499,8195,4097,0,286992,,,,,3342448,10270,10326,6,3,249102,37890,27700,27697,2350499706.0,32,5,"0,1,2,3,30",bound_channel_dramsim3_only_excludes_unbound_idle_background,0,0,False
syn_source_window_e4097__full_pagerank,syn_source_window_e4097,synthetic,holdout,full_pagerank,spine,normalized_structural_simulation,spine_candidate10_opt_v2_reader_working_set,928a86a461d10cb3ea9bdd2b84d30b567b0200afdc5ca1742a36ef2301d5ab36,2484446,150.0,16.562973333333332,4.4517119424417615,8195,4097,0,207645,1,770602,1,True,570046,0,0,0,1,164753,42892,10719,10716,8844629172.0,32,8,"0,16,17,18,19,20,21,22",bound_channel_dramsim3_only_excludes_unbound_idle_background,0,0,False
syn_source_window_e4097__residual_pagerank,syn_source_window_e4097,synthetic,holdout,thresholded_residual_pagerank,grasu_regraph,hls_equivalent_proposed_execution_driven_simulation,grasu_regraph_candidate10_k1_multipart_residual_v4,0d035f8c036c3632a6d99770abd91b7144b8ceb19b9777a4fd5e1d59b367a049,21863132,150.0,145.75421333333333,109.76775434613228,8195,4097,0,7843637,,,,,87884019,415345,418748,489,3,6597427,1246210,294267,294263,58209929568.0,32,5,"0,1,2,3,30",bound_channel_dramsim3_only_excludes_unbound_idle_background,0,0,False
syn_source_window_e4097__residual_pagerank,syn_source_window_e4097,synthetic,holdout,thresholded_residual_pagerank,spine,normalized_structural_simulation,spine_candidate10_opt_v2_reader_working_set,928a86a461d10cb3ea9bdd2b84d30b567b0200afdc5ca1742a36ef2301d5ab36,47922566,150.0,319.4837733333333,85.07155780307949,8195,4097,0,5681607,1,770602,1,True,12958610,0,0,0,1,3842798,1838809,276911,276911,173159932716.0,32,8,"0,16,17,18,19,20,21,22",bound_channel_dramsim3_only_excludes_unbound_idle_background,0,0,False
syn_source_window_e4097__weighted_sssp,syn_source_window_e4097,synthetic,holdout,weighted_sssp,grasu_regraph,hls_sw_emu_aligned_execution_driven_simulation,grasu_regraph_candidate10_k1_multipart_weighted_v4,a6a2cca9dff4f55b3f096868c2e24b453c3a249cfcff443c50f5e7a61f5ca71e,216726,150.0,1.44484,0.9357186136767268,8195,4097,0,29444,,,,,30894,151,151,0,2,17156,12288,1560,1555,527210154.0,32,5,"0,1,2,3,30",bound_channel_dramsim3_only_excludes_unbound_idle_background,0,0,False
syn_source_window_e4097__weighted_sssp,syn_source_window_e4097,synthetic,holdout,weighted_sssp,spine,normalized_structural_simulation,spine_candidate10_opt_v2_reader_working_set,928a86a461d10cb3ea9bdd2b84d30b567b0200afdc5ca1742a36ef2301d5ab36,1499703,150.0,9.99802,2.9307171273976564,8195,4097,0,109072,1,770602,1,True,387172,0,0,0,1,78120,30952,5804,5803,5299343118.0,32,8,"0,16,17,18,19,20,21,22",bound_channel_dramsim3_only_excludes_unbound_idle_background,0,0,False
syn_spread_e512__full_pagerank,syn_spread_e512,synthetic,calibration,full_pagerank,grasu_regraph,hls_equivalent_proposed_execution_driven_simulation,grasu_regraph_candidate10_k1_multipart_pagerank_v4,cb33252599584880ffb2281d161178f543db68e3dfb855df0f4b3fef4fa733ab,456844,150.0,3.0456266666666667,3.257549749687314,256,512,0,248896,,,,,3294605,10206,10280,3,3,212000,36896,24969,24963,1312744278.0,32,5,"0,1,2,3,30",bound_channel_dramsim3_only_excludes_unbound_idle_background,0,0,False
syn_spread_e512__full_pagerank,syn_spread_e512,synthetic,calibration,full_pagerank,spine,normalized_structural_simulation,spine_candidate10_opt_v2_reader_working_set,928a86a461d10cb3ea9bdd2b84d30b567b0200afdc5ca1742a36ef2301d5ab36,167377,150.0,1.1158466666666667,0.47146947123110294,256,512,0,14977,1,59905,1,True,33479,0,0,0,1,12288,2689,532,530,596446182.0,32,8,"0,16,17,18,19,20,21,22",bound_channel_dramsim3_only_excludes_unbound_idle_background,0,0,False
syn_spread_e512__residual_pagerank,syn_spread_e512,synthetic,calibration,thresholded_residual_pagerank,grasu_regraph,hls_equivalent_proposed_execution_driven_simulation,grasu_regraph_candidate10_k1_multipart_residual_v4,0d035f8c036c3632a6d99770abd91b7144b8ceb19b9777a4fd5e1d59b367a049,15276792,150.0,101.84528,106.57471303269267,256,512,0,9751632,,,,,122400332,583861,587804,264,3,7998512,1753120,315891,315887,45070242876.0,32,5,"0,1,2,3,30",bound_channel_dramsim3_only_excludes_unbound_idle_background,0,0,False
syn_spread_e512__residual_pagerank,syn_spread_e512,synthetic,calibration,thresholded_residual_pagerank,spine,normalized_structural_simulation,spine_candidate10_opt_v2_reader_working_set,928a86a461d10cb3ea9bdd2b84d30b567b0200afdc5ca1742a36ef2301d5ab36,3185021,150.0,21.233473333333333,5.315871128812432,256,512,0,325018,1,59905,1,True,644560,0,0,0,1,256439,68579,12791,12790,11464044714.0,32,8,"0,16,17,18,19,20,21,22",bound_channel_dramsim3_only_excludes_unbound_idle_background,0,0,False
syn_spread_e512__weighted_sssp,syn_spread_e512,synthetic,calibration,weighted_sssp,grasu_regraph,hls_sw_emu_aligned_execution_driven_simulation,grasu_regraph_candidate10_k1_multipart_weighted_v4,a6a2cca9dff4f55b3f096868c2e24b453c3a249cfcff443c50f5e7a61f5ca71e,553893,150.0,3.69262,3.0158541267737746,256,512,0,226304,,,,,244576,1676,1676,0,2,66560,159744,8289,8281,1569687138.0,32,5,"0,1,2,3,30",bound_channel_dramsim3_only_excludes_unbound_idle_background,0,0,False
syn_spread_e512__weighted_sssp,syn_spread_e512,synthetic,calibration,weighted_sssp,spine,normalized_structural_simulation,spine_candidate10_opt_v2_reader_working_set,928a86a461d10cb3ea9bdd2b84d30b567b0200afdc5ca1742a36ef2301d5ab36,279249,150.0,1.86166,0.6158527722582221,256,512,0,20634,1,59905,1,True,36563,0,0,0,1,16222,4412,1382,1381,993700410.0,32,8,"0,16,17,18,19,20,21,22",bound_channel_dramsim3_only_excludes_unbound_idle_background,0,0,False
syn_tiny_threshold_e4095__full_pagerank,syn_tiny_threshold_e4095,synthetic,calibration,full_pagerank,grasu_regraph,hls_equivalent_proposed_execution_driven_simulation,grasu_regraph_candidate10_k1_multipart_pagerank_v4,cb33252599584880ffb2281d161178f543db68e3dfb855df0f4b3fef4fa733ab,570595,150.0,3.8039666666666667,3.6355575965717435,4096,4095,0,261376,,,,,3312068,10322,10392,0,3,224000,37376,24996,24993,1574188866.0,32,5,"0,1,2,3,30",bound_channel_dramsim3_only_excludes_unbound_idle_background,0,0,False
syn_tiny_threshold_e4095__full_pagerank,syn_tiny_threshold_e4095,synthetic,calibration,full_pagerank,spine,normalized_structural_simulation,spine_candidate10_opt_v2_reader_working_set,928a86a461d10cb3ea9bdd2b84d30b567b0200afdc5ca1742a36ef2301d5ab36,714677,150.0,4.764513333333333,2.1892139362171292,4096,4095,0,104770,1,150689,1,True,344542,0,0,0,1,83520,21250,18128,18126,2611674462.0,32,8,"0,16,17,18,19,20,21,22",bound_channel_dramsim3_only_excludes_unbound_idle_background,0,0,False
syn_tiny_threshold_e4095__residual_pagerank,syn_tiny_threshold_e4095,synthetic,calibration,thresholded_residual_pagerank,grasu_regraph,hls_equivalent_proposed_execution_driven_simulation,grasu_regraph_candidate10_k1_multipart_residual_v4,0d035f8c036c3632a6d99770abd91b7144b8ceb19b9777a4fd5e1d59b367a049,13359882,150.0,89.06588,82.67217499483377,4096,4095,0,7029504,,,,,84956330,402491,405145,147,3,5816576,1212928,223040,223036,37592871384.0,32,5,"0,1,2,3,30",bound_channel_dramsim3_only_excludes_unbound_idle_background,0,0,False
syn_tiny_threshold_e4095__residual_pagerank,syn_tiny_threshold_e4095,synthetic,calibration,thresholded_residual_pagerank,spine,normalized_structural_simulation,spine_candidate10_opt_v2_reader_working_set,928a86a461d10cb3ea9bdd2b84d30b567b0200afdc5ca1742a36ef2301d5ab36,17083174,150.0,113.88782666666667,41.07047687936574,4096,4095,0,2788656,1,150689,1,True,8976465,0,0,0,1,1869672,918984,641923,641922,62888135718.0,32,8,"0,16,17,18,19,20,21,22",bound_channel_dramsim3_only_excludes_unbound_idle_background,0,0,False
syn_tiny_threshold_e4095__weighted_sssp,syn_tiny_threshold_e4095,synthetic,calibration,weighted_sssp,grasu_regraph,hls_sw_emu_aligned_execution_driven_simulation,grasu_regraph_candidate10_k1_multipart_weighted_v4,a6a2cca9dff4f55b3f096868c2e24b453c3a249cfcff443c50f5e7a61f5ca71e,109953,150.0,0.73302,0.6154889613389969,4096,4095,0,21248,,,,,22603,118,118,0,2,8960,12288,697,688,269863128.0,32,5,"0,1,2,3,30",bound_channel_dramsim3_only_excludes_unbound_idle_background,0,0,False
syn_tiny_threshold_e4095__weighted_sssp,syn_tiny_threshold_e4095,synthetic,calibration,weighted_sssp,spine,normalized_structural_simulation,spine_candidate10_opt_v2_reader_working_set,928a86a461d10cb3ea9bdd2b84d30b567b0200afdc5ca1742a36ef2301d5ab36,216309,150.0,1.44206,1.2791977506130934,4096,4095,0,51331,1,150689,1,True,139213,0,0,0,1,33933,17398,857,856,810322398.0,32,8,"0,16,17,18,19,20,21,22",bound_channel_dramsim3_only_excludes_unbound_idle_background,0,0,False
syn_tiny_threshold_e4096__full_pagerank,syn_tiny_threshold_e4096,synthetic,holdout,full_pagerank,grasu_regraph,hls_equivalent_proposed_execution_driven_simulation,grasu_regraph_candidate10_k1_multipart_pagerank_v4,cb33252599584880ffb2281d161178f543db68e3dfb855df0f4b3fef4fa733ab,570682,150.0,3.8045466666666665,3.633118284866214,4097,4096,0,261383,,,,,3312783,10369,10452,8,3,224005,37378,25213,25210,1575905886.0,32,5,"0,1,2,3,30",bound_channel_dramsim3_only_excludes_unbound_idle_background,0,0,False
syn_tiny_threshold_e4096__full_pagerank,syn_tiny_threshold_e4096,synthetic,holdout,full_pagerank,spine,normalized_structural_simulation,spine_candidate10_opt_v2_reader_working_set,928a86a461d10cb3ea9bdd2b84d30b567b0200afdc5ca1742a36ef2301d5ab36,627217,150.0,4.181446666666667,2.0017494028434157,4097,4096,0,104795,1,150715,1,True,344971,0,0,0,1,83540,21255,2411,2408,2296177350.0,32,8,"0,16,17,18,19,20,21,22",bound_channel_dramsim3_only_excludes_unbound_idle_background,0,0,False
syn_tiny_threshold_e4096__residual_pagerank,syn_tiny_threshold_e4096,synthetic,holdout,thresholded_residual_pagerank,grasu_regraph,hls_equivalent_proposed_execution_driven_simulation,grasu_regraph_candidate10_k1_multipart_residual_v4,0d035f8c036c3632a6d99770abd91b7144b8ceb19b9777a4fd5e1d59b367a049,13360010,150.0,89.06673333333333,82.54579622484744,4097,4096,0,7029583,,,,,84937164,401335,404019,188,3,5816653,1212930,223427,223423,37595762178.0,32,5,"0,1,2,3,30",bound_channel_dramsim3_only_excludes_unbound_idle_background,0,0,False
syn_tiny_threshold_e4096__residual_pagerank,syn_tiny_threshold_e4096,synthetic,holdout,thresholded_residual_pagerank,spine,normalized_structural_simulation,spine_candidate10_opt_v2_reader_working_set,928a86a461d10cb3ea9bdd2b84d30b567b0200afdc5ca1742a36ef2301d5ab36,14529325,150.0,96.86216666666667,34.126451624557376,4097,4096,0,2789329,1,150715,1,True,8977523,0,0,0,1,1870121,919208,70524,70522,53466494784.0,32,8,"0,16,17,18,19,20,21,22",bound_channel_dramsim3_only_excludes_unbound_idle_background,0,0,False
syn_tiny_threshold_e4096__weighted_sssp,syn_tiny_threshold_e4096,synthetic,holdout,weighted_sssp,grasu_regraph,hls_sw_emu_aligned_execution_driven_simulation,grasu_regraph_candidate10_k1_multipart_weighted_v4,a6a2cca9dff4f55b3f096868c2e24b453c3a249cfcff443c50f5e7a61f5ca71e,109965,150.0,0.7331,0.6217094771564007,4097,4096,0,21249,,,,,22683,137,137,0,2,8961,12288,698,689,269884890.0,32,5,"0,1,2,3,30",bound_channel_dramsim3_only_excludes_unbound_idle_background,0,0,False
syn_tiny_threshold_e4096__weighted_sssp,syn_tiny_threshold_e4096,synthetic,holdout,weighted_sssp,spine,normalized_structural_simulation,spine_candidate10_opt_v2_reader_working_set,928a86a461d10cb3ea9bdd2b84d30b567b0200afdc5ca1742a36ef2301d5ab36,216703,150.0,1.4446866666666667,1.2498454274609685,4097,4096,0,51343,1,150715,1,True,139087,0,0,0,1,33941,17402,861,860,811799910.0,32,8,"0,16,17,18,19,20,21,22",bound_channel_dramsim3_only_excludes_unbound_idle_background,0,0,False
syn_tiny_threshold_e4097__full_pagerank,syn_tiny_threshold_e4097,synthetic,holdout,full_pagerank,grasu_regraph,hls_equivalent_proposed_execution_driven_simulation,grasu_regraph_candidate10_k1_multipart_pagerank_v4,cb33252599584880ffb2281d161178f543db68e3dfb855df0f4b3fef4fa733ab,570591,150.0,3.80394,3.61012314632535,4098,4097,0,261389,,,,,3311500,10166,10225,0,3,224011,37378,24975,24972,1573478382.0,32,5,"0,1,2,3,30",bound_channel_dramsim3_only_excludes_unbound_idle_background,0,0,False
syn_tiny_threshold_e4097__full_pagerank,syn_tiny_threshold_e4097,synthetic,holdout,full_pagerank,spine,normalized_structural_simulation,spine_candidate10_opt_v2_reader_working_set,928a86a461d10cb3ea9bdd2b84d30b567b0200afdc5ca1742a36ef2301d5ab36,626917,150.0,4.179446666666666,2.0069889975711703,4098,4097,0,104821,1,150776,1,True,345396,0,0,0,1,83560,21261,2410,2407,2295303684.0,32,8,"0,16,17,18,19,20,21,22",bound_channel_dramsim3_only_excludes_unbound_idle_background,0,0,False
syn_tiny_threshold_e4097__residual_pagerank,syn_tiny_threshold_e4097,synthetic,holdout,thresholded_residual_pagerank,grasu_regraph,hls_equivalent_proposed_execution_driven_simulation,grasu_regraph_candidate10_k1_multipart_residual_v4,0d035f8c036c3632a6d99770abd91b7144b8ceb19b9777a4fd5e1d59b367a049,13361665,150.0,89.07776666666666,83.29426133166999,4098,4097,0,7029731,,,,,84969855,403267,406129,247,3,5816801,1212930,223471,223467,37591416204.0,32,5,"0,1,2,3,30",bound_channel_dramsim3_only_excludes_unbound_idle_background,0,0,False
syn_tiny_threshold_e4097__residual_pagerank,syn_tiny_threshold_e4097,synthetic,holdout,thresholded_residual_pagerank,spine,normalized_structural_simulation,spine_candidate10_opt_v2_reader_working_set,928a86a461d10cb3ea9bdd2b84d30b567b0200afdc5ca1742a36ef2301d5ab36,14532712,150.0,96.88474666666667,33.70670404843986,4098,4097,0,2790003,1,150776,1,True,8982302,0,0,0,1,1870570,919433,70552,70550,53481052242.0,32,8,"0,16,17,18,19,20,21,22",bound_channel_dramsim3_only_excludes_unbound_idle_background,0,0,False
syn_tiny_threshold_e4097__weighted_sssp,syn_tiny_threshold_e4097,synthetic,holdout,weighted_sssp,grasu_regraph,hls_sw_emu_aligned_execution_driven_simulation,grasu_regraph_candidate10_k1_multipart_weighted_v4,a6a2cca9dff4f55b3f096868c2e24b453c3a249cfcff443c50f5e7a61f5ca71e,109977,150.0,0.73318,0.6181979775428772,4098,4097,0,21251,,,,,22687,133,133,0,2,8963,12288,696,696,270051936.0,32,5,"0,1,2,3,30",bound_channel_dramsim3_only_excludes_unbound_idle_background,0,0,False
syn_tiny_threshold_e4097__weighted_sssp,syn_tiny_threshold_e4097,synthetic,holdout,weighted_sssp,spine,normalized_structural_simulation,spine_candidate10_opt_v2_reader_working_set,928a86a461d10cb3ea9bdd2b84d30b567b0200afdc5ca1742a36ef2301d5ab36,216230,150.0,1.4415333333333333,1.268797293305397,4098,4097,0,51358,1,150776,1,True,179627,0,0,0,1,33950,17408,869,868,810120492.0,32,8,"0,16,17,18,19,20,21,22",bound_channel_dramsim3_only_excludes_unbound_idle_background,0,0,False
syn_weighted_diamond_v8__full_pagerank,syn_weighted_diamond_v8,synthetic,holdout,full_pagerank,grasu_regraph,hls_equivalent_proposed_execution_driven_simulation,grasu_regraph_candidate10_k1_multipart_pagerank_v4,cb33252599584880ffb2281d161178f543db68e3dfb855df0f4b3fef4fa733ab,438242,150.0,2.921613333333333,3.1598388561978936,8,9,0,247345,,,,,3293541,10104,10178,10,3,210479,36866,24696,24693,1268780352.0,32,5,"0,1,2,3,30",bound_channel_dramsim3_only_excludes_unbound_idle_background,0,0,False
syn_weighted_diamond_v8__full_pagerank,syn_weighted_diamond_v8,synthetic,holdout,full_pagerank,spine,normalized_structural_simulation,spine_candidate10_opt_v2_reader_working_set,928a86a461d10cb3ea9bdd2b84d30b567b0200afdc5ca1742a36ef2301d5ab36,32740,150.0,0.21826666666666666,0.2825279850512743,8,9,0,2162,1,6388,1,True,4300,0,0,0,1,1846,316,161,158,116547990.0,32,8,"0,16,17,18,19,20,21,22",bound_channel_dramsim3_only_excludes_unbound_idle_background,0,0,False
syn_weighted_diamond_v8__residual_pagerank,syn_weighted_diamond_v8,synthetic,holdout,thresholded_residual_pagerank,grasu_regraph,hls_equivalent_proposed_execution_driven_simulation,grasu_regraph_candidate10_k1_multipart_residual_v4,0d035f8c036c3632a6d99770abd91b7144b8ceb19b9777a4fd5e1d59b367a049,10801575,150.0,72.0105,76.74987937230617,8,9,0,7160486,,,,,90327254,429933,432687,121,3,5866148,1294338,230426,230423,32119231584.0,32,5,"0,1,2,3,30",bound_channel_dramsim3_only_excludes_unbound_idle_background,0,0,False
syn_weighted_diamond_v8__residual_pagerank,syn_weighted_diamond_v8,synthetic,holdout,thresholded_residual_pagerank,spine,normalized_structural_simulation,spine_candidate10_opt_v2_reader_working_set,928a86a461d10cb3ea9bdd2b84d30b567b0200afdc5ca1742a36ef2301d5ab36,694131,150.0,4.62754,1.087806325405836,8,9,0,40312,1,6388,1,True,44319,0,0,0,1,37488,2824,3243,3241,2475024606.0,32,8,"0,16,17,18,19,20,21,22",bound_channel_dramsim3_only_excludes_unbound_idle_background,0,0,False
syn_weighted_diamond_v8__weighted_sssp,syn_weighted_diamond_v8,synthetic,holdout,weighted_sssp,grasu_regraph,hls_sw_emu_aligned_execution_driven_simulation,grasu_regraph_candidate10_k1_multipart_weighted_v4,a6a2cca9dff4f55b3f096868c2e24b453c3a249cfcff443c50f5e7a61f5ca71e,201826,150.0,1.3455066666666666,1.2410402279347181,8,9,0,84555,,,,,91542,639,639,0,2,23115,61440,3012,3012,570658158.0,32,5,"0,1,2,3,30",bound_channel_dramsim3_only_excludes_unbound_idle_background,0,0,False
syn_weighted_diamond_v8__weighted_sssp,syn_weighted_diamond_v8,synthetic,holdout,weighted_sssp,spine,normalized_structural_simulation,spine_candidate10_opt_v2_reader_working_set,928a86a461d10cb3ea9bdd2b84d30b567b0200afdc5ca1742a36ef2301d5ab36,61733,150.0,0.4115533333333333,0.30258076451718807,8,9,0,3973,1,6388,1,True,8014,0,0,0,1,2987,986,263,262,219582180.0,32,8,"0,16,17,18,19,20,21,22",bound_channel_dramsim3_only_excludes_unbound_idle_background,0,0,False
